folder_name	seq_name	length	topology	n_genes	genetic_code	plasmid_score	fdr	n_hallmarks	marker_enrichment	conjugation_genes	amr_genes
280791	contig_7	181363	No terminal repeats	158	11	0.9940	NA	2	43.4802	NA	NF033105
280791	contig_4	574527	No terminal repeats	544	11	0.9938	NA	3	101.4169	NA	NF000095;NF033135;NF000493;NF033145;NF033135;NF000025;NF000493;NF033145;NF012174
280791	contig_41	286	No terminal repeats	1	11	0.9866	NA	1	1.7183	NA	NA
280792	contig_8	181359	No terminal repeats	158	11	0.9940	NA	2	43.4802	NA	NF033105
280792	contig_3	574515	No terminal repeats	544	11	0.9938	NA	3	101.4169	NA	NF000095;NF033135;NF000493;NF033145;NF033135;NF000025;NF000493;NF033145;NF012174
280792	contig_45	286	No terminal repeats	1	11	0.9866	NA	1	1.7183	NA	NA
280793	contig_8	237764	No terminal repeats	226	11	0.9942	NA	3	53.2987	NA	NF012174;NF033145;NF000493;NF000025
280793	contig_9	181363	No terminal repeats	158	11	0.9937	NA	2	43.4802	NA	NF033105
280793	contig_4	334848	No terminal repeats	319	11	0.9929	NA	0	49.8366	NA	NF033135;NF033145;NF000493;NF033135;NF000095
280793	contig_48	286	No terminal repeats	1	11	0.9863	NA	1	1.7183	NA	NA
280794	contig_7	181443	No terminal repeats	158	11	0.9937	NA	2	43.4802	NA	NF033105
280794	contig_44	286	No terminal repeats	1	11	0.9866	NA	1	1.7183	NA	NA
280795	contig_8	181358	No terminal repeats	158	11	0.9939	NA	2	43.4802	NA	NF033105
280795	contig_3	574548	No terminal repeats	544	11	0.9937	NA	3	101.4169	NA	NF012174;NF033145;NF000493;NF000025;NF033135;NF033145;NF000493;NF033135;NF000095
280795	contig_47	286	No terminal repeats	1	11	0.9866	NA	1	1.7183	NA	NA
280796	contig_10	181363	No terminal repeats	158	11	0.9940	NA	2	43.4802	NA	NF033105
280796	contig_3	574527	No terminal repeats	544	11	0.9938	NA	3	101.4169	NA	NF000095;NF033135;NF000493;NF033145;NF033135;NF000025;NF000493;NF033145;NF012174
280796	contig_55	286	No terminal repeats	1	11	0.9866	NA	1	1.7183	NA	NA
280797	contig_9	181363	No terminal repeats	158	11	0.9940	NA	2	43.4802	NA	NF033105
280797	contig_3	574548	No terminal repeats	544	11	0.9937	NA	3	101.4169	NA	NF012174;NF033145;NF000493;NF000025;NF033135;NF033145;NF000493;NF033135;NF000095
280797	contig_45	286	No terminal repeats	1	11	0.9863	NA	1	1.7183	NA	NA
280798	contig_3	574548	No terminal repeats	544	11	0.9938	NA	3	101.4169	NA	NF000095;NF033135;NF000493;NF033145;NF033135;NF000025;NF000493;NF033145;NF012174
280798	contig_8	181363	No terminal repeats	158	11	0.9937	NA	2	43.4802	NA	NF033105
280798	contig_36	286	No terminal repeats	1	11	0.9866	NA	1	1.7183	NA	NA
AATRIGO01005HV	contig_11	82138	No terminal repeats	86	11	0.9948	NA	22	63.5956	G_tfc2;I_traI;I_traK;I_traL;I_traN;I_traO;I_traP;I_traQ;I_traR;traU;I_traW;I_traY;I_trbA;I_trbB;MOBP1	NA
AATRIGO01005HV	contig_9	153789	No terminal repeats	139	11	0.9940	NA	2	38.3754	NA	NF033105
AATRIGO01005HV	contig_5	545661	No terminal repeats	540	11	0.9937	NA	1	97.6090	NA	NF000025;NF000493;NF033145;NF000095;NF033135;NF000272;NF033145;NF033135;NF000496;NF033156
AATRIGO01005HV	contig_12	58126	No terminal repeats	74	11	0.9910	NA	8	30.4136	T_virB11;T_virB2;T_virB8;T_virB9;T_virB10;T_virB5;MOBP1	NA
AATRIGO04055	contig_21	117909	No terminal repeats	110	11	0.9778	NA	0	7.7615	NA	NA
AATRIGO04055	contig_59	19972	No terminal repeats	16	11	0.9733	NA	0	0.2330	NA	NA
AATRIGO04055	contig_19	120413	No terminal repeats	115	11	0.9602	NA	0	11.5785	NA	NA
AATRIGO04055	contig_44	44235	No terminal repeats	45	11	0.9570	NA	1	17.9010	NA	NA
AATRIGO04055	contig_1	530195	No terminal repeats	481	11	0.9356	NA	0	0.1575	T_virB9;T_virB9	NF000272;NF000469;NF033135;NF033088;NF012174;NF012174;NF000402
AATRIGO04055	contig_25	108595	No terminal repeats	76	11	0.9244	NA	0	3.0177	NA	NF000406
AATRIGO04055	contig_29	77119	No terminal repeats	70	11	0.8782	NA	0	6.1741	NA	NA
AATRIGO04055	contig_26	98361	No terminal repeats	93	11	0.8570	NA	0	3.5698	NA	NA
AATRIGO04055	contig_41	52073	No terminal repeats	54	11	0.8111	NA	0	0.4390	NA	NA
AATRIGO04055	contig_60	18984	No terminal repeats	19	11	0.7283	NA	0	2.0794	NA	NA
AATRIGO04055	contig_52	28031	No terminal repeats	26	11	0.7016	NA	0	2.2001	NA	NA
AATRIGO06054	contig_78	19677	No terminal repeats	26	11	0.9853	NA	9	13.4902	G_tfc3;T_virB1;G_tfc5;t4cp1;G_tfc7;G_tfc8;G_tfc9;G_tfc10;G_tfc11	NA
AATRIGO06054	contig_8	188274	No terminal repeats	179	11	0.9744	NA	4	27.4091	G_tfc10;G_tfc8;G_tfc7;t4cp1	NF012174;NF012174
AATRIGO06054	contig_3	259216	No terminal repeats	253	11	0.9738	NA	17	25.6717	MOBH;G_tfc19;G_tfc18;G_tfc22;G_tfc23;virb4;G_tfc15;G_tfc14;G_tfc13;G_tfc12;G_tfc11;G_tfc10;G_tfc9;G_tfc8;G_tfc7;t4cp1;G_tfc5;T_virB1;G_tfc3;G_tfc2	NF033135;NF012174;NF012174;NF033117;NF038306
AATRIGO06054	contig_14	156519	No terminal repeats	119	11	0.9578	NA	0	10.9443	NA	NF012174;NF000487
AATRIGO06054	contig_28	83028	No terminal repeats	61	11	0.9563	NA	0	17.1975	NA	NA
AATRIGO06054	contig_58	32361	No terminal repeats	29	11	0.9549	NA	0	3.6888	NA	NF000402;NF000025
AATRIGO06054	contig_30	81394	No terminal repeats	85	11	0.9504	NA	2	0.4693	G_tfc2	NA
AATRIGO06054	contig_80	19036	No terminal repeats	19	11	0.9235	NA	0	5.0637	NA	NA
AATRIGO06054	contig_47	50256	No terminal repeats	48	11	0.9210	NA	0	11.3364	NA	NF012174
AATRIGO06054	contig_53	40024	No terminal repeats	28	11	0.9065	NA	0	0.2906	NA	NA
AATRIGO06054	contig_65	27551	No terminal repeats	23	11	0.9022	NA	0	7.9954	NA	NA
AATRIGO06054	contig_31	65808	No terminal repeats	49	11	0.8678	NA	0	1.0230	NA	NF000165;NF000272;NF033135
AATRIGO06054	contig_44	51454	No terminal repeats	45	11	0.8401	NA	0	2.5960	NA	NF000496
AATRIGO06054	contig_57	32942	No terminal repeats	30	11	0.8381	NA	0	2.0829	NA	NF033087
AATRIGO06054	contig_59	30245	No terminal repeats	26	11	0.8198	NA	1	2.6487	NA	NA
AATRIGO06054	contig_69	25626	No terminal repeats	27	11	0.7984	NA	0	3.4974	NA	NA
AATRIGO06054	contig_86	13150	No terminal repeats	13	11	0.7338	NA	0	2.8266	NA	NA
AATRIGO06054	contig_92	11876	No terminal repeats	10	11	0.7066	NA	0	1.6400	NA	NF000095
AATRIGO07059	contig_13	125929	No terminal repeats	108	11	0.9769	NA	0	0.6882	B_traH	NF012174
AATRIGO07059	contig_6	171827	No terminal repeats	132	11	0.9765	NA	0	6.1995	NA	NF000272
AATRIGO07059	contig_51	27196	No terminal repeats	27	11	0.9118	NA	0	3.8241	NA	NA
AATRIGO07059	contig_52	26746	No terminal repeats	22	11	0.7933	NA	0	2.7459	NA	NA
AATRIGO09025	contig_32	64800	No terminal repeats	52	11	0.9557	NA	0	4.8928	NA	NA
AATRIGO09025	contig_37	25748	No terminal repeats	24	11	0.9254	NA	0	2.8469	NA	NA
AATRIGO09025	contig_31	69393	No terminal repeats	67	11	0.9189	NA	0	1.9063	T_virB9	NF033129;NF012174
AATRIGO09025	contig_39	16964	No terminal repeats	18	11	0.8369	NA	0	2.7853	NA	NF038306
AATRIGO09029	contig_14	173127	No terminal repeats	151	11	0.9607	NA	0	8.2304	NA	NF000402
AATRIGO09029	contig_1	648967	No terminal repeats	530	11	0.9584	NA	1	15.4413	NA	NF038306;NF000272;NF033135;NF033135;NF033135;NF033105;NF012174
AATRIGO09029	contig_15	159427	No terminal repeats	144	11	0.9239	NA	0	2.1096	NA	NF033117;NF033476
GCF_000220605.1	contig_13	42872	No terminal repeats	47	11	0.9951	NA	2	25.1280	NA	NA
GCF_000220605.1	contig_27	172374	No terminal repeats	148	11	0.9942	NA	2	32.6610	NA	NF033105
GCF_000220605.1	contig_36	438055	No terminal repeats	415	11	0.9939	NA	2	80.1538	NA	NF000025;NF000493;NF033145;NF012174;NF000095;NF033135;NF033145
GCF_000220605.1	contig_16	62707	No terminal repeats	60	11	0.9934	NA	3	13.5906	MOBF	NF012174
GCF_000220605.1	contig_19	88152	No terminal repeats	94	11	0.9932	NA	0	13.7687	NA	NF033135
GCF_000241285.1	contig_17	616430	No terminal repeats	608	11	0.9937	NA	1	47.0984	NA	NF033135;NF000095;NF012174;NF033145;NF033134;NF012174;NF000025;NF033135;NF000496;NF033145
GCF_000241285.1	contig_8	176362	No terminal repeats	152	11	0.9936	NA	2	37.0255	NA	NF033105
GCF_000475055.1	contig_6	173724	No terminal repeats	148	11	0.9944	NA	2	39.0206	NA	NF033105
GCF_000475055.1	contig_8	681148	DTR	670	11	0.9937	NA	2	68.3808	NA	NF000095;NF012174;NF033145;NF012174;NF000496;NF033156;NF000493;NF000025;NF033135;NF033145;NF033135;NF000095
GCF_000475055.1	contig_13	3972	DTR	1	11	0.8672	NA	0	1.7019	NA	NA
GCF_000627115.1	contig_12	774367	No terminal repeats	749	11	0.9938	NA	2	131.3194	NA	NF033135;NF000496;NF033145;NF033135;NF000095;NF012174;NF000493;NF000025;NF033135;NF000496;NF033145
GCF_000627115.1	contig_6	188922	No terminal repeats	158	11	0.9938	NA	2	41.3682	NA	NF033105
GCF_000687245.1	contig_34	196930	No terminal repeats	164	11	0.9941	NA	2	38.7736	NA	NF033105
GCF_000687245.1	contig_20	117256	DTR	115	11	0.9941	NA	4	27.4751	NA	NF033135
GCF_000687245.1	contig_29	556553	DTR	544	11	0.9937	NA	2	98.0002	NA	NF033145;NF000496;NF033135;NF000025;NF000493;NF033145;NF012174;NF000095;NF033135
GCF_000687245.1	contig_19	18566	No terminal repeats	18	11	0.9904	NA	0	9.0053	NA	NA
GCF_000687245.1	contig_18	3986	DTR	1	11	0.8582	NA	0	1.7019	NA	NA
GCF_000687245.1	contig_21	4566	DTR	4	11	0.8576	NA	0	1.2542	NA	NA
GCF_000710215.1	contig_138	7557	No terminal repeats	12	11	0.9960	NA	0	12.5466	NA	NA
GCF_000710215.1	contig_155	2633	DTR	5	11	0.9958	NA	0	5.5396	NA	NA
GCF_000710215.1	contig_34	47865	No terminal repeats	47	11	0.9948	NA	8	21.1946	MOBH;G_tfc2;G_tfc3;T_virB1;G_tfc5;t4cp1;G_tfc7	NA
GCF_000710215.1	contig_94	18719	No terminal repeats	22	11	0.9946	NA	0	8.3663	NA	NA
GCF_000710215.1	contig_43	57584	No terminal repeats	52	11	0.9946	NA	1	18.2864	NA	NA
GCF_000710215.1	contig_76	21859	No terminal repeats	25	11	0.9946	NA	10	18.0363	G_tfc19;G_tfc18;G_tfc22;G_tfc23;G_tfc24;G_tfc17;virb4;G_tfc15;G_tfc14;G_tfc13;G_tfc12;G_tfc11;G_tfc10;G_tfc9;G_tfc8	NA
GCF_000710215.1	contig_41	43243	No terminal repeats	47	11	0.9945	NA	12	26.0185	t4cp1;G_tfc7;G_tfc8;G_tfc9;G_tfc10;G_tfc11;G_tfc12;G_tfc13;G_tfc14;G_tfc15;virb4;G_tfc17;G_tfc24;G_tfc23;G_tfc22;G_tfc18;G_tfc19	NA
GCF_000710215.1	contig_145	5301	No terminal repeats	5	11	0.9944	NA	0	4.9483	NA	NA
GCF_000710215.1	contig_123	10652	No terminal repeats	14	11	0.9942	NA	2	6.8713	NA	NA
GCF_000710215.1	contig_127	9610	No terminal repeats	13	11	0.9940	NA	4	7.5662	G_tfc5;T_virB1;G_tfc3;G_tfc2	NA
GCF_000710215.1	contig_10	73942	No terminal repeats	77	11	0.9940	NA	1	20.7665	NA	NF000493;NF000025
GCF_000710215.1	contig_6	94129	No terminal repeats	92	11	0.9940	NA	20	55.4418	F_traL;F_traE;F_traK;F_traB;F_traV;virb4;F_traW;F_traU;F_traN;F_traF;F_traH;F_traG;MOBF;F_traE	NF033114
GCF_000710215.1	contig_95	16444	No terminal repeats	16	11	0.9938	NA	1	3.3678	NA	NA
GCF_000710215.1	contig_74	23468	No terminal repeats	26	11	0.9938	NA	0	5.0659	NA	NA
GCF_000710215.1	contig_110	13513	No terminal repeats	16	11	0.9938	NA	0	2.5297	NA	NA
GCF_000710215.1	contig_5	97540	No terminal repeats	87	11	0.9937	NA	0	18.2732	NA	NF000095
GCF_000710215.1	contig_25	53707	No terminal repeats	63	11	0.9935	NA	18	40.5123	G_tfc19;G_tfc18;G_tfc22;G_tfc23;G_tfc24;G_tfc17;virb4;G_tfc15;G_tfc14;G_tfc13;G_tfc12;G_tfc11;G_tfc10;G_tfc9;G_tfc8;G_tfc7;t4cp1;G_tfc5;T_virB1;G_tfc3;G_tfc2;MOBH	NA
GCF_000710215.1	contig_16	65419	No terminal repeats	64	11	0.9930	NA	0	13.7478	NA	NF033145;NF012174
GCF_000710215.1	contig_40	63448	No terminal repeats	59	11	0.9928	NA	0	12.7610	NA	NA
GCF_000710215.1	contig_100	14750	No terminal repeats	14	11	0.9927	NA	0	7.5972	NA	NA
GCF_000710215.1	contig_70	26086	No terminal repeats	27	11	0.9922	NA	0	2.2389	NA	NA
GCF_000710215.1	contig_85	18802	No terminal repeats	19	11	0.9922	NA	0	5.3536	NA	NA
GCF_000710215.1	contig_65	28514	No terminal repeats	23	11	0.9918	NA	0	2.7389	NA	NF033105
GCF_000710215.1	contig_14	69063	No terminal repeats	68	11	0.9911	NA	0	3.9461	NA	NA
GCF_000710215.1	contig_51	41088	No terminal repeats	46	11	0.9909	NA	0	7.7816	NA	NF033145
GCF_000710215.1	contig_67	26779	No terminal repeats	29	11	0.9903	NA	1	6.4562	NA	NA
GCF_000710215.1	contig_28	67858	No terminal repeats	59	11	0.9898	NA	0	5.5951	NA	NF033135;NF000272
GCF_000710215.1	contig_113	15305	No terminal repeats	13	11	0.9895	NA	0	2.5639	NA	NA
GCF_000710215.1	contig_49	34714	No terminal repeats	32	11	0.9890	NA	2	6.2636	NA	NA
GCF_000710215.1	contig_68	26339	No terminal repeats	26	11	0.9889	NA	0	4.4126	NA	NA
GCF_000710215.1	contig_115	12580	No terminal repeats	13	11	0.9888	NA	0	4.6923	NA	NA
GCF_000710215.1	contig_58	31712	No terminal repeats	24	11	0.9886	NA	1	2.5554	NA	NF000272
GCF_000710215.1	contig_26	59554	No terminal repeats	62	11	0.9884	NA	0	9.4631	NA	NA
GCF_000710215.1	contig_47	37195	No terminal repeats	38	11	0.9875	NA	0	2.8219	NA	NA
GCF_000710215.1	contig_89	17457	No terminal repeats	17	11	0.9872	NA	0	4.6972	NA	NA
GCF_000710215.1	contig_54	37147	No terminal repeats	34	11	0.9867	NA	1	6.3456	NA	NA
GCF_000710215.1	contig_106	14290	No terminal repeats	12	11	0.9864	NA	0	3.7488	NA	NA
GCF_000710215.1	contig_105	26752	No terminal repeats	29	11	0.9863	NA	0	3.2970	NA	NA
GCF_000710215.1	contig_125	11324	No terminal repeats	10	11	0.9860	NA	0	4.1593	NA	NA
GCF_000710215.1	contig_141	6388	No terminal repeats	7	11	0.9850	NA	1	1.9883	F_traE	NA
GCF_000710215.1	contig_9	74774	No terminal repeats	62	11	0.9848	NA	0	3.2265	NA	NA
GCF_000710215.1	contig_27	50743	No terminal repeats	49	11	0.9847	NA	0	0.9937	NA	NF033135
GCF_000710215.1	contig_134	8333	No terminal repeats	7	11	0.9829	NA	0	1.6107	NA	NA
GCF_000710215.1	contig_92	16941	No terminal repeats	17	11	0.9826	NA	0	3.0805	NA	NA
GCF_000710215.1	contig_96	15303	No terminal repeats	18	11	0.9826	NA	0	3.4377	NA	NA
GCF_000710215.1	contig_59	30789	No terminal repeats	29	11	0.9821	NA	1	3.2470	NA	NA
GCF_000710215.1	contig_104	25884	No terminal repeats	32	11	0.9817	NA	0	2.0960	NA	NA
GCF_000710215.1	contig_99	17155	No terminal repeats	15	11	0.9786	NA	0	3.5527	NA	NA
GCF_000710215.1	contig_118	12306	No terminal repeats	16	11	0.9665	NA	0	1.3501	NA	NA
GCF_000710215.1	contig_128	9638	No terminal repeats	10	11	0.9647	NA	0	1.8208	NA	NA
GCF_000710215.1	contig_144	5426	No terminal repeats	6	11	0.9597	NA	0	1.0454	NA	NA
GCF_000710215.1	contig_91	17377	No terminal repeats	13	11	0.9592	NA	0	2.8149	NA	NF012174
GCF_000710215.1	contig_135	8234	No terminal repeats	8	11	0.9516	NA	0	1.2277	NA	NA
GCF_000710215.1	contig_109	13649	No terminal repeats	13	11	0.9514	NA	0	1.7180	NA	NF033135
GCF_000710215.1	contig_131	9019	No terminal repeats	17	11	0.9465	NA	0	0.7712	NA	NA
GCF_000710215.1	contig_130	9663	No terminal repeats	9	11	0.9393	NA	0	1.4385	NA	NA
GCF_000710215.1	contig_142	6086	No terminal repeats	7	11	0.9048	NA	0	0.1815	NA	NA
GCF_000710215.1	contig_114	12955	No terminal repeats	13	11	0.9025	NA	0	0.8117	NA	NA
GCF_000710215.1	contig_153	2678	No terminal repeats	3	11	0.8889	NA	0	1.1117	NA	NA
GCF_000710215.1	contig_154	2636	No terminal repeats	3	11	0.8836	NA	0	0.8820	NA	NA
GCF_000710215.1	contig_117	12199	No terminal repeats	10	11	0.8518	NA	0	1.0969	NA	NA
GCF_000710215.1	contig_139	7321	No terminal repeats	7	11	0.7770	NA	0	0.2459	NA	NA
GCF_000731125.1	contig_3	176929	No terminal repeats	170	11	0.9941	NA	23	88.1624	MOBF;F_traG;F_traH;F_traF;F_traN;F_traU;F_traW;virb4;F_traV;F_traB;F_traK;F_traE;F_traL	NF000091;NF000138;NF033156
GCF_000731125.1	contig_1	538297	No terminal repeats	528	11	0.9935	NA	2	90.6089	NA	NF033105;NF012174;NF033145;NF000493;NF000025;NF033135;NF033145;NF033135;NF000095
GCF_000731125.1	contig_2	212535	No terminal repeats	186	11	0.9934	NA	2	40.2139	NA	NF033105;NF012174
GCF_000743785.2	contig_4	109859	No terminal repeats	113	11	0.9942	NA	24	69.8314	F_traL;F_traE;F_traK;F_traB;F_traV;virb4;F_traW;F_traU;F_traN;F_traF;F_traH;F_traG;MOBF	NA
GCF_000743785.2	contig_2	590188	No terminal repeats	583	11	0.9938	NA	1	41.4444	NA	NF000025;NF000493;NF012174;NF033145;NF012174;NF033105;NF033135;NF033145;NF033135
GCF_000743785.2	contig_3	180598	No terminal repeats	149	11	0.9938	NA	2	34.1486	NA	NF033105
GCF_000757415.2	contig_1	184852	No terminal repeats	161	11	0.9942	NA	2	39.1226	NA	NF033105
GCF_000757415.2	contig_3	531471	No terminal repeats	514	11	0.9938	NA	2	97.5325	NA	NF033145;NF033135;NF012174;NF033145;NF000493;NF000025
GCF_000757415.2	contig_2	29292	No terminal repeats	32	11	0.9869	NA	0	3.8925	NA	NF033135
GCF_000757415.2	contig_9	59498	No terminal repeats	52	11	0.9345	NA	0	5.2761	NA	NA
GCF_000814075.1	contig_111	2626	No terminal repeats	4	11	0.9950	NA	0	1.7266	NA	NA
GCF_000814075.1	contig_104	6971	DTR	8	11	0.9945	NA	2	5.4737	MOBP1	NA
GCF_000814075.1	contig_2	167756	No terminal repeats	179	11	0.9940	NA	1	31.9006	NA	NF033145;NF033135;NF000493
GCF_000814075.1	contig_139	100886	No terminal repeats	86	11	0.9940	NA	1	25.3023	NA	NF033105
GCF_000814075.1	contig_44	13154	No terminal repeats	16	11	0.9937	NA	2	5.0414	NA	NA
GCF_000814075.1	contig_118	23178	No terminal repeats	31	11	0.9935	NA	1	13.4520	NA	NA
GCF_000814075.1	contig_148	4150	No terminal repeats	3	11	0.9935	NA	0	3.4366	NA	NA
GCF_000814075.1	contig_50	142414	No terminal repeats	123	11	0.9932	NA	0	21.8349	NA	NF000272;NF033135;NF000095
GCF_000814075.1	contig_87	66308	No terminal repeats	65	11	0.9932	NA	0	13.0931	NA	NA
GCF_000814075.1	contig_86	152429	No terminal repeats	147	11	0.9932	NA	0	32.3314	NA	NF033145;NF012174;NF000402;NF000402
GCF_000814075.1	contig_88	117159	No terminal repeats	113	11	0.9928	NA	19	50.2335	MOBF;I_traV;F_traG;F_traH;F_traF;F_traN;F_trbC;F_traU;F_traW;virb4;F_traV;F_traB;F_traK;F_traE;F_traL	NF033105
GCF_000814075.1	contig_89	37424	No terminal repeats	35	11	0.9926	NA	19	30.6932	F_traL;F_traE;F_traK;F_traV;virb4;F_traW;F_traU;F_traN;F_traF;F_traH;F_traG;I_traV;MOBF	NA
GCF_000814075.1	contig_121	8927	No terminal repeats	9	11	0.9904	NA	0	4.7074	NA	NA
GCF_000814075.1	contig_144	3178	No terminal repeats	3	11	0.9901	NA	1	1.7183	NA	NA
GCF_000814075.1	contig_105	28125	No terminal repeats	27	11	0.9899	NA	0	2.5521	NA	NA
GCF_000814075.1	contig_141	11294	No terminal repeats	9	11	0.9890	NA	0	2.6450	NA	NF012174;NF033085
GCF_000814075.1	contig_126	5921	No terminal repeats	9	11	0.9890	NA	0	1.2815	NA	NA
GCF_000814075.1	contig_128	19571	No terminal repeats	21	11	0.9885	NA	0	2.0463	NA	NA
GCF_000814075.1	contig_100	11837	No terminal repeats	15	11	0.9878	NA	2	7.0451	T_virB10;T_virB9	NA
GCF_000814075.1	contig_151	3834	No terminal repeats	3	11	0.9864	NA	0	1.1306	NA	NA
GCF_000814075.1	contig_32	58595	No terminal repeats	55	11	0.9862	NA	0	1.6640	NA	NF033135
GCF_000814075.1	contig_114	2447	No terminal repeats	3	11	0.9827	NA	1	0.5528	NA	NA
GCF_000814075.1	contig_72	20713	No terminal repeats	21	11	0.9767	NA	0	3.5732	NA	NA
GCF_000814075.1	contig_150	3820	No terminal repeats	6	11	0.9747	NA	0	1.5589	NA	NA
GCF_000814075.1	contig_19	4661	DTR	3	11	0.9672	NA	0	1.1117	NA	NA
GCF_000814075.1	contig_82	21830	No terminal repeats	20	11	0.9360	NA	0	3.4134	NA	NA
GCF_000814075.1	contig_153	3688	No terminal repeats	5	11	0.8320	NA	0	0.7568	NA	NA
GCF_000814075.1	contig_120	4159	No terminal repeats	3	11	0.8070	NA	0	0.3799	NA	NA
GCF_000952095.1	contig_3	149712	No terminal repeats	131	11	0.9944	NA	2	33.0351	NA	NF033105
GCF_000952095.1	contig_5	626560	DTR	645	11	0.9937	NA	2	52.2131	NA	NF000025;NF000493;NF012174;NF033145;NF012174;NF000095;NF033135;NF033135;NF033145;NF033135
GCF_000952095.1	contig_21	2557	No terminal repeats	4	11	0.9362	NA	0	1.1117	NA	NA
GCF_000952095.1	contig_20	2656	No terminal repeats	1	11	0.8160	NA	0	1.7019	NA	NA
GCF_001238615.1	contig_58	48759	No terminal repeats	47	11	0.9947	NA	2	20.6737	NA	NF000402;NF000402
GCF_001238615.1	contig_22	181486	No terminal repeats	158	11	0.9941	NA	2	42.1016	NA	NF033105
GCF_001238615.1	contig_89	5375	No terminal repeats	8	11	0.9940	NA	1	3.9266	NA	NA
GCF_001238615.1	contig_1	491044	No terminal repeats	480	11	0.9937	NA	2	87.5291	NA	NF000025;NF000493;NF033145;NF012174;NF000095;NF033135;NF033145;NF033135
GCF_001238615.1	contig_23	121542	No terminal repeats	114	11	0.9934	NA	1	16.9236	NA	NF000272
GCF_001238615.1	contig_9	27280	No terminal repeats	25	11	0.9914	NA	0	6.5775	NA	NA
GCF_001238615.1	contig_36	56745	No terminal repeats	41	11	0.9873	NA	0	2.1085	NA	NA
GCF_001238615.1	contig_10	65057	No terminal repeats	63	11	0.9863	NA	0	2.5602	NA	NA
GCF_001238615.1	contig_37	49243	No terminal repeats	48	11	0.9826	NA	0	0.8494	NA	NF033135
GCF_001238615.1	contig_59	13000	No terminal repeats	10	11	0.9232	NA	0	0.9562	NA	NA
GCF_001238615.1	contig_44	12304	No terminal repeats	12	11	0.9077	NA	0	1.3282	NA	NA
GCF_001238615.1	contig_65	6711	No terminal repeats	5	11	0.7865	NA	0	0.6818	NA	NA
GCF_001238615.1	contig_62	6676	No terminal repeats	5	11	0.7604	NA	0	0.3254	NA	NA
GCF_001264395.1	contig_31	43454	No terminal repeats	43	11	0.9948	NA	3	16.0176	NA	NA
GCF_001264395.1	contig_16	175026	No terminal repeats	148	11	0.9943	NA	2	35.5208	NA	NF033105
GCF_001264395.1	contig_46	271582	No terminal repeats	275	11	0.9938	NA	2	44.1896	NA	NF033135;NF012229;NF000025;NF000493;NF033145
GCF_001264395.1	contig_44	121233	No terminal repeats	107	11	0.9937	NA	2	17.0724	NA	NA
GCF_001264395.1	contig_5	182488	No terminal repeats	169	11	0.9934	NA	0	28.2376	NA	NF000095;NF033135;NF033145
GCF_001264395.1	contig_12	66670	No terminal repeats	61	11	0.9931	NA	0	11.7462	NA	NF012174
GCF_001264395.1	contig_17	128998	No terminal repeats	129	11	0.9931	NA	0	13.5563	NA	NF033135
GCF_001264395.1	contig_20	49692	No terminal repeats	72	11	0.9916	NA	11	44.3410	MOBP1;MOBP1;T_virB9;T_virB8;T_virB6;T_virB3;T_virB1	NA
GCF_001264395.1	contig_28	60500	No terminal repeats	62	11	0.9911	NA	1	16.3594	NA	NA
GCF_001264395.1	contig_22	46369	No terminal repeats	40	11	0.9890	NA	1	5.8052	NA	NF000272
GCF_001264395.1	contig_41	3061	No terminal repeats	4	11	0.9698	NA	0	1.5262	NA	NA
GCF_001288285.1	contig_2	558805	No terminal repeats	546	11	0.9940	NA	2	101.6357	NA	NF033135;NF000496;NF033145;NF033135;NF000095;NF012174;NF033145;NF000493;NF000025
GCF_001288285.1	contig_1	182134	No terminal repeats	151	11	0.9932	NA	2	34.3451	NA	NF033105
GCF_001597625.1	contig_3	181476	No terminal repeats	149	11	0.9941	NA	2	35.5457	NA	NF033105
GCF_001597625.1	contig_2	612665	No terminal repeats	598	11	0.9939	NA	1	52.4644	NA	NF033145;NF012174;NF000095;NF033135;NF033145;NF033135;NF000025;NF000493;NF033156;NF012174
GCF_001598475.1	contig_10	145850	No terminal repeats	126	11	0.9944	NA	2	37.0538	NA	NF033105
GCF_001598475.1	contig_6	511735	No terminal repeats	491	11	0.9939	NA	2	96.3311	NA	NF012174;NF033145;NF000493;NF000025;NF033135;NF033145;NF033135;NF000095
GCF_001598475.1	contig_18	31847	No terminal repeats	29	11	0.9896	NA	0	3.8230	NA	NA
GCF_001661985.2	contig_4	143524	No terminal repeats	126	11	0.9944	NA	2	33.0437	NA	NF033105
GCF_001661985.2	contig_5	78538	No terminal repeats	91	11	0.9943	NA	5	25.7082	NA	NA
GCF_001661985.2	contig_3	582658	No terminal repeats	581	11	0.9936	NA	2	94.2569	NA	NF033135;NF033145;NF033135;NF000095;NF000496;NF033145;NF000493
GCF_001661985.2	contig_2	131449	No terminal repeats	145	11	0.9926	NA	10	63.3164	MOBH;G_tfc8;G_tfc9;G_tfc10;G_tfc11;G_tfc12;G_tfc13;G_tfc14;G_tfc15;virb4;G_tfc22;G_tfc18;G_tfc19	NF033135
GCF_001662025.2	contig_4	178621	No terminal repeats	161	11	0.9940	NA	2	41.5475	NA	NF033105
GCF_001662025.2	contig_3	541337	No terminal repeats	517	11	0.9935	NA	1	96.1360	NA	NF033135;NF000095;NF033135;NF033145;NF000493;NF000025;NF033135;NF033145;NF033135;NF000272
GCF_001662025.2	contig_2	156057	No terminal repeats	174	11	0.9927	NA	3	57.3206	G_tfc19;F_traE;G_tfc2	NA
GCF_001709315.1	contig_3	216117	No terminal repeats	233	11	0.9942	NA	21	102.3912	MOBF;F_traG;F_traH;F_traF;F_traN;F_traU;F_traW;virb4;F_traV;F_traB;F_traK;F_traE;F_traL	NA
GCF_001709315.1	contig_4	173592	No terminal repeats	159	11	0.9941	NA	2	42.3441	NA	NF033105
GCF_001709315.1	contig_2	543504	No terminal repeats	536	11	0.9934	NA	1	100.3208	NA	NF033135;NF033145;NF000272;NF033135;NF012174;NF033145;NF000493;NF000025
GCF_002157425.2	contig_56	44031	No terminal repeats	35	11	0.9949	NA	1	13.6555	NA	NA
GCF_002157425.2	contig_39	280881	No terminal repeats	281	11	0.9941	NA	1	50.8554	NA	NF012174;NF033145;NF000025
GCF_002157425.2	contig_71	31908	No terminal repeats	34	11	0.9937	NA	1	11.1025	NA	NA
GCF_002157425.2	contig_41	90658	No terminal repeats	78	11	0.9933	NA	0	16.3494	NA	NF033135
GCF_002157425.2	contig_48	65483	No terminal repeats	64	11	0.9931	NA	0	12.1855	NA	NF033134;NF033135
GCF_002157425.2	contig_106	5456	No terminal repeats	10	11	0.9929	NA	0	2.7389	NA	NA
GCF_002157425.2	contig_43	90124	No terminal repeats	81	11	0.9921	NA	1	12.6940	NA	NA
GCF_002157425.2	contig_118	2631	No terminal repeats	2	11	0.9921	NA	0	2.3362	NA	NA
GCF_002157425.2	contig_49	65251	No terminal repeats	56	11	0.9916	NA	0	9.2001	NA	NF000272
GCF_002157425.2	contig_70	32975	No terminal repeats	30	11	0.9913	NA	0	8.6938	NA	NF033105
GCF_002157425.2	contig_76	29697	No terminal repeats	34	11	0.9911	NA	0	6.8731	NA	NF033135;NF033145
GCF_002157425.2	contig_96	7869	No terminal repeats	9	11	0.9905	NA	0	1.3527	NA	NF012178
GCF_002157425.2	contig_22	124880	No terminal repeats	124	11	0.9904	NA	1	4.7773	NA	NA
GCF_002157425.2	contig_90	11505	No terminal repeats	10	11	0.9885	NA	2	3.9414	T_virB5	NA
GCF_002157425.2	contig_88	12190	No terminal repeats	10	11	0.9884	NA	0	1.9950	NA	NA
GCF_002157425.2	contig_63	38775	No terminal repeats	38	11	0.9876	NA	0	8.8163	NA	NA
GCF_002157425.2	contig_57	43785	No terminal repeats	34	11	0.9861	NA	0	0.5227	NA	NF000091
GCF_002157425.2	contig_104	5495	No terminal repeats	4	11	0.9831	NA	0	1.5171	NA	NA
GCF_002157425.2	contig_93	10057	No terminal repeats	8	11	0.9772	NA	0	1.8141	NA	NA
GCF_002157425.2	contig_84	21301	No terminal repeats	18	11	0.9681	NA	0	1.8746	NA	NA
GCF_002157425.2	contig_81	22904	No terminal repeats	28	11	0.9647	NA	0	0.5505	NA	NA
GCF_002157425.2	contig_85	17046	No terminal repeats	16	11	0.9533	NA	0	1.4260	NA	NF033135
GCF_002157425.2	contig_107	5531	DTR	5	11	0.9370	NA	0	1.2799	NA	NA
GCF_002157425.2	contig_115	2751	No terminal repeats	6	11	0.8552	NA	0	0.5382	NA	NA
GCF_002157425.2	contig_109	5194	No terminal repeats	8	11	0.8378	NA	0	1.0166	NA	NA
GCF_002157425.2	contig_97	7861	No terminal repeats	4	11	0.8052	NA	0	0.8506	NA	NA
GCF_002157425.2	contig_117	2748	No terminal repeats	4	11	0.8048	NA	0	1.3444	NA	NA
GCF_002222515.1	contig_8	182431	No terminal repeats	161	11	0.9941	NA	2	40.1921	NA	NF033105
GCF_002222515.1	contig_4	473475	No terminal repeats	457	11	0.9937	NA	1	88.5921	NA	NF000025;NF000493;NF033145;NF012174;NF000095;NF033135;NF033145
GCF_002222515.1	contig_12	50293	No terminal repeats	49	11	0.9927	NA	0	12.0194	NA	NA
GCF_002222515.1	contig_14	20682	No terminal repeats	22	11	0.9873	NA	0	3.1398	NA	NA
GCF_002222515.1	contig_17	8762	No terminal repeats	9	11	0.9819	NA	0	0.6724	NA	NF033135
GCF_002222515.1	contig_19	5472	No terminal repeats	10	11	0.9675	NA	0	2.2233	NA	NA
GCF_002222515.1	contig_16	11152	No terminal repeats	11	11	0.9655	NA	0	1.1930	NA	NA
GCF_002222515.1	contig_18	7145	No terminal repeats	8	11	0.9414	NA	0	0.4180	NA	NA
GCF_002222515.1	contig_21	3547	No terminal repeats	5	11	0.9143	NA	0	0.2001	NA	NA
GCF_003258435.1	contig_5	70786	DTR	79	11	0.9947	NA	19	61.7056	F_traL;F_traE;F_traK;F_traB;F_traV;virb4;F_traW;F_traU;F_traN;F_traF;F_traH;F_traG;MOBF	NA
GCF_003258435.1	contig_24	177201	No terminal repeats	148	11	0.9942	NA	2	33.4316	NA	NF033105
GCF_003258435.1	contig_9	28273	DTR	34	11	0.9939	NA	11	22.0276	virb4;T_virB2;T_virB1;MOBC;T_virB11;T_virB9;T_virB8;T_virB6	NA
GCF_003258435.1	contig_16	506115	DTR	482	11	0.9936	NA	2	86.5439	NA	NF033135;NF000095;NF033105;NF012174;NF033145;NF000493;NF000025;NF033135;NF033145
GCF_003258435.1	contig_6	44527	No terminal repeats	47	11	0.9935	NA	1	12.7143	NA	NA
GCF_003258435.1	contig_1	152844	No terminal repeats	142	11	0.9934	NA	22	65.3621	MOBF;I_traV;F_traG;F_traH;F_traF;F_traN;F_trbC;F_traU;F_traW;virb4;F_traV;F_traK;F_traE;F_traL	NA
GCF_003258435.1	contig_10	7608	No terminal repeats	9	11	0.9930	NA	0	1.8618	NA	NA
GCF_003369485.1	contig_28	55655	No terminal repeats	49	11	0.9946	NA	1	8.2843	NA	NF000025;NF000493
GCF_003369485.1	contig_8	162619	No terminal repeats	164	11	0.9945	NA	9	56.0249	F_traL;F_traV;virb4	NF033083
GCF_003369485.1	contig_11	141532	No terminal repeats	129	11	0.9943	NA	2	39.1060	NA	NF033105
GCF_003369485.1	contig_6	204774	No terminal repeats	210	11	0.9935	NA	0	24.1999	NA	NF000272;NF033145;NF033135
GCF_003369485.1	contig_18	125314	No terminal repeats	128	11	0.9934	NA	2	11.8830	NA	NF000272
GCF_003369485.1	contig_58	21758	No terminal repeats	31	11	0.9933	NA	0	13.7688	NA	NA
GCF_003369485.1	contig_5	249593	No terminal repeats	227	11	0.9932	NA	0	42.3349	NA	NF033145;NF012174;NF033135
GCF_003369485.1	contig_72	11080	No terminal repeats	9	11	0.9921	NA	0	4.0103	NA	NA
GCF_003369485.1	contig_80	4824	No terminal repeats	7	11	0.9920	NA	0	1.7183	NA	NA
GCF_003369485.1	contig_64	17382	No terminal repeats	18	11	0.9901	NA	0	4.7617	NA	NA
GCF_003369485.1	contig_49	31880	No terminal repeats	28	11	0.9899	NA	0	5.7975	NA	NF012174;NF033085;NF012174
GCF_003369485.1	contig_57	24691	No terminal repeats	19	11	0.9893	NA	0	2.8071	NA	NF033135
GCF_003369485.1	contig_79	5616	No terminal repeats	5	11	0.9890	NA	0	2.0381	NA	NA
GCF_003369485.1	contig_30	54956	No terminal repeats	50	11	0.9883	NA	0	6.3183	NA	NF033135
GCF_003369485.1	contig_98	2910	No terminal repeats	4	11	0.9804	NA	0	1.7148	NA	NA
GCF_003369485.1	contig_83	4497	No terminal repeats	3	11	0.9783	NA	0	1.5171	NA	NA
GCF_003369485.1	contig_88	3873	No terminal repeats	4	11	0.9782	NA	0	2.2004	NA	NA
GCF_003369485.1	contig_71	11852	No terminal repeats	8	11	0.9707	NA	0	2.9829	NA	NA
GCF_003369485.1	contig_54	27023	No terminal repeats	25	11	0.9592	NA	0	2.4885	NA	NA
GCF_003369485.1	contig_67	15258	No terminal repeats	13	11	0.9555	NA	0	4.7279	NA	NA
GCF_003369485.1	contig_53	27455	No terminal repeats	23	11	0.9500	NA	0	1.8907	NA	NF012174
GCF_003369485.1	contig_33	52577	No terminal repeats	48	11	0.9251	NA	0	0.8111	NA	NA
GCF_003369485.1	contig_48	34739	No terminal repeats	28	11	0.8961	NA	0	3.4985	NA	NA
GCF_003369485.1	contig_85	4286	No terminal repeats	4	11	0.8750	NA	0	0.2590	NA	NA
GCF_003369485.1	contig_70	13704	No terminal repeats	14	11	0.8553	NA	0	0.9782	NA	NA
GCF_003369485.1	contig_62	19887	No terminal repeats	21	11	0.8142	NA	0	0.2309	NA	NA
GCF_003369485.1	contig_78	5690	No terminal repeats	4	11	0.7944	NA	0	0.4714	NA	NA
GCF_003369485.1	contig_90	3548	No terminal repeats	3	11	0.7482	NA	0	0.2987	NA	NA
GCF_003369505.1	contig_4	85507	No terminal repeats	124	11	0.9950	NA	1	80.6098	NA	NF000402
GCF_003369505.1	contig_174	44871	No terminal repeats	37	11	0.9946	NA	1	13.2295	NA	NA
GCF_003369505.1	contig_200	30453	No terminal repeats	30	11	0.9945	NA	1	9.1381	NA	NA
GCF_003369505.1	contig_151	3047	No terminal repeats	4	11	0.9944	NA	0	1.5390	NA	NA
GCF_003369505.1	contig_49	10955	No terminal repeats	9	11	0.9943	NA	0	5.0937	NA	NA
GCF_003369505.1	contig_67	9514	No terminal repeats	8	11	0.9943	NA	1	2.5835	NA	NA
GCF_003369505.1	contig_223	24096	No terminal repeats	21	11	0.9942	NA	1	7.6309	NA	NA
GCF_003369505.1	contig_224	23661	No terminal repeats	31	11	0.9941	NA	0	11.4684	NA	NA
GCF_003369505.1	contig_5	85448	No terminal repeats	87	11	0.9940	NA	18	47.8081	F_traL;F_traE;F_traK;F_traB;F_traV;virb4;F_traW;F_traU;F_traN;F_traF;F_traH;F_traG;MOBF	NF000138
GCF_003369505.1	contig_7	74162	No terminal repeats	73	11	0.9929	NA	0	12.7497	NA	NF033145;NF012174
GCF_003369505.1	contig_162	2515	No terminal repeats	3	11	0.9927	NA	0	1.7183	NA	NA
GCF_003369505.1	contig_70	8941	No terminal repeats	7	11	0.9927	NA	0	2.7367	NA	NA
GCF_003369505.1	contig_41	11652	No terminal repeats	14	11	0.9927	NA	0	2.0806	NA	NA
GCF_003369505.1	contig_31	13583	No terminal repeats	11	11	0.9926	NA	0	6.0218	NA	NA
GCF_003369505.1	contig_40	12392	No terminal repeats	15	11	0.9924	NA	2	4.4196	NA	NA
GCF_003369505.1	contig_189	33807	No terminal repeats	35	11	0.9923	NA	0	4.4596	NA	NF033115
GCF_003369505.1	contig_46	11133	No terminal repeats	11	11	0.9919	NA	0	1.8256	NA	NF000095
GCF_003369505.1	contig_203	29168	No terminal repeats	24	11	0.9917	NA	0	7.2268	NA	NA
GCF_003369505.1	contig_2	98793	No terminal repeats	94	11	0.9917	NA	1	15.0968	NA	NF000272
GCF_003369505.1	contig_11	17130	No terminal repeats	17	11	0.9913	NA	0	2.5420	NA	NF012174
GCF_003369505.1	contig_210	27473	No terminal repeats	26	11	0.9913	NA	0	7.2869	NA	NA
GCF_003369505.1	contig_201	30366	No terminal repeats	28	11	0.9911	NA	0	4.3553	NA	NF000095
GCF_003369505.1	contig_239	19976	No terminal repeats	15	11	0.9907	NA	0	5.6868	NA	NA
GCF_003369505.1	contig_192	32742	No terminal repeats	33	11	0.9907	NA	0	0.3621	NA	NF000493;NF000025
GCF_003369505.1	contig_187	34191	No terminal repeats	33	11	0.9899	NA	0	6.7388	NA	NA
GCF_003369505.1	contig_240	19969	No terminal repeats	19	11	0.9899	NA	0	5.8004	NA	NF033145
GCF_003369505.1	contig_150	3047	No terminal repeats	4	11	0.9898	NA	0	3.7266	NA	NA
GCF_003369505.1	contig_185	35210	No terminal repeats	30	11	0.9897	NA	0	5.1118	NA	NA
GCF_003369505.1	contig_178	42674	No terminal repeats	37	11	0.9896	NA	0	5.3866	NA	NF033135
GCF_003369505.1	contig_214	26487	No terminal repeats	24	11	0.9893	NA	0	6.9957	NA	NA
GCF_003369505.1	contig_225	23635	No terminal repeats	21	11	0.9892	NA	0	2.3345	NA	NA
GCF_003369505.1	contig_233	21313	No terminal repeats	19	11	0.9889	NA	0	5.0892	NA	NA
GCF_003369505.1	contig_229	21852	No terminal repeats	28	11	0.9887	NA	1	2.6807	NA	NA
GCF_003369505.1	contig_37	12774	No terminal repeats	16	11	0.9886	NA	0	3.2857	NA	NA
GCF_003369505.1	contig_50	10918	No terminal repeats	13	11	0.9878	NA	0	1.3174	NA	NF000165
GCF_003369505.1	contig_82	7683	No terminal repeats	8	11	0.9878	NA	0	2.2575	NA	NA
GCF_003369505.1	contig_208	28058	No terminal repeats	26	11	0.9875	NA	0	4.7019	NA	NF033135;NF000272
GCF_003369505.1	contig_177	43527	No terminal repeats	43	11	0.9845	NA	0	3.1023	NA	NA
GCF_003369505.1	contig_23	14725	No terminal repeats	12	11	0.9837	NA	0	1.0353	NA	NA
GCF_003369505.1	contig_15	16263	No terminal repeats	13	11	0.9832	NA	0	3.9342	NA	NA
GCF_003369505.1	contig_78	8105	No terminal repeats	9	11	0.9821	NA	0	1.2039	NA	NF033085
GCF_003369505.1	contig_24	14697	No terminal repeats	15	11	0.9819	NA	0	1.5577	NA	NF033135
GCF_003369505.1	contig_180	41401	No terminal repeats	34	11	0.9808	NA	0	4.8248	NA	NF033135
GCF_003369505.1	contig_153	47060	No terminal repeats	40	11	0.9803	NA	0	2.5476	NA	NA
GCF_003369505.1	contig_110	5686	No terminal repeats	6	11	0.9800	NA	0	1.4814	NA	NA
GCF_003369505.1	contig_207	28291	No terminal repeats	29	11	0.9776	NA	0	4.3081	NA	NA
GCF_003369505.1	contig_168	2175	No terminal repeats	2	11	0.9769	NA	1	1.7183	NA	NA
GCF_003369505.1	contig_108	5712	No terminal repeats	4	11	0.9763	NA	0	0.2706	NA	NA
GCF_003369505.1	contig_101	6412	No terminal repeats	5	11	0.9746	NA	0	1.5171	NA	NA
GCF_003369505.1	contig_68	9113	No terminal repeats	11	11	0.9740	NA	0	3.1945	NA	NA
GCF_003369505.1	contig_18	15156	No terminal repeats	14	11	0.9730	NA	0	2.8945	NA	NF012174
GCF_003369505.1	contig_19	15156	No terminal repeats	14	11	0.9730	NA	0	2.8945	NA	NF012174
GCF_003369505.1	contig_113	5565	No terminal repeats	6	11	0.9709	NA	0	0.9765	NA	NA
GCF_003369505.1	contig_144	3246	No terminal repeats	4	11	0.9685	NA	0	1.6962	NA	NA
GCF_003369505.1	contig_16	15715	No terminal repeats	20	11	0.9680	NA	0	2.6405	NA	NA
GCF_003369505.1	contig_115	5482	No terminal repeats	4	11	0.9607	NA	0	1.3282	NA	NA
GCF_003369505.1	contig_34	13357	No terminal repeats	13	11	0.9601	NA	0	0.3619	NA	NA
GCF_003369505.1	contig_33	13465	No terminal repeats	15	11	0.9573	NA	0	0.5162	NA	NA
GCF_003369505.1	contig_213	26951	No terminal repeats	28	11	0.9542	NA	0	2.6555	NA	NA
GCF_003369505.1	contig_29	13800	No terminal repeats	15	11	0.9478	NA	0	0.9279	NA	NA
GCF_003369505.1	contig_190	33495	No terminal repeats	28	11	0.9462	NA	0	1.9142	NA	NA
GCF_003369505.1	contig_75	8372	No terminal repeats	7	11	0.9428	NA	0	1.2277	NA	NA
GCF_003369505.1	contig_102	6410	No terminal repeats	7	11	0.9423	NA	0	1.5343	NA	NA
GCF_003369505.1	contig_93	6953	No terminal repeats	7	11	0.9417	NA	0	1.1982	NA	NA
GCF_003369505.1	contig_104	6256	No terminal repeats	5	11	0.9404	NA	0	0.3587	NA	NA
GCF_003369505.1	contig_73	8717	No terminal repeats	9	11	0.9330	NA	0	0.9529	NA	NA
GCF_003369505.1	contig_85	7391	No terminal repeats	7	11	0.9304	NA	0	0.9114	NA	NA
GCF_003369505.1	contig_92	7033	No terminal repeats	4	11	0.9255	NA	0	0.4936	NA	NA
GCF_003369505.1	contig_123	4814	No terminal repeats	4	11	0.9245	NA	0	1.7089	NA	NA
GCF_003369505.1	contig_89	7288	No terminal repeats	11	11	0.9208	NA	0	0.3959	NA	NA
GCF_003369505.1	contig_66	9531	No terminal repeats	8	11	0.9197	NA	0	0.8425	NA	NF033105
GCF_003369505.1	contig_137	3555	No terminal repeats	3	11	0.9131	NA	0	0.6150	NA	NA
GCF_003369505.1	contig_158	2717	No terminal repeats	2	11	0.9009	NA	0	0.4802	NA	NA
GCF_003369505.1	contig_36	12969	No terminal repeats	17	11	0.8985	NA	0	1.3208	NA	NA
GCF_003369505.1	contig_198	30957	No terminal repeats	23	11	0.8853	NA	0	0.7403	NA	NF000402
GCF_003369505.1	contig_69	9074	No terminal repeats	9	11	0.8843	NA	0	2.3841	NA	NA
GCF_003369505.1	contig_161	2605	DTR	3	11	0.8805	NA	0	1.1117	NA	NA
GCF_003369505.1	contig_126	4467	No terminal repeats	3	11	0.8752	NA	0	0.5771	NA	NA
GCF_003369505.1	contig_106	5759	No terminal repeats	3	11	0.8719	NA	0	0.4794	NA	NA
GCF_003369505.1	contig_122	4878	No terminal repeats	8	11	0.8693	NA	0	0.3673	NA	NA
GCF_003369505.1	contig_97	6598	No terminal repeats	4	11	0.8625	NA	0	0.3186	NA	NA
GCF_003369505.1	contig_140	3437	No terminal repeats	2	11	0.8268	NA	0	0.5004	NA	NA
GCF_003369505.1	contig_116	5366	No terminal repeats	5	11	0.7875	NA	0	0.4714	NA	NA
GCF_003369505.1	contig_125	4527	No terminal repeats	4	11	0.7701	NA	0	1.3280	NA	NA
GCF_003369505.1	contig_143	3262	No terminal repeats	3	11	0.7636	NA	0	0.2987	NA	NA
GCF_003369505.1	contig_159	2695	No terminal repeats	2	11	0.7098	NA	0	0.3181	NA	NA
GCF_003704305.1	contig_3	182169	No terminal repeats	160	11	0.9945	NA	2	43.1923	NA	NF033105
GCF_003704305.1	contig_2	520959	No terminal repeats	506	11	0.9937	NA	1	95.7506	NA	NF000025;NF000493;NF033145;NF012174;NF000095;NF033135;NF033145;NF033135
GCF_003704305.1	contig_4	152523	No terminal repeats	157	11	0.9934	NA	4	32.2173	NA	NF033135
GCF_003710245.1	contig_9	176129	No terminal repeats	147	11	0.9944	NA	2	37.3166	NA	NF033105
GCF_003710245.1	contig_14	74430	No terminal repeats	75	11	0.9941	NA	3	13.4109	NA	NF033156
GCF_003710245.1	contig_4	503616	No terminal repeats	502	11	0.9938	NA	2	52.1510	NA	NF000496;NF033145;NF033135;NF000095;NF012174;NF033145;NF000493;NF000025
GCF_003710245.1	contig_13	74486	No terminal repeats	79	11	0.9931	NA	0	11.3580	NA	NF033135
GCF_003710245.1	contig_22	2930	No terminal repeats	5	11	0.9240	NA	0	0.4597	NA	NA
GCF_003860325.1	contig_4	66484	No terminal repeats	52	11	0.9946	NA	2	14.4874	NA	NA
GCF_003860325.1	contig_3	179590	No terminal repeats	150	11	0.9941	NA	2	37.6086	NA	NF033105
GCF_003860325.1	contig_2	583567	No terminal repeats	576	11	0.9935	NA	3	56.3289	NA	NF033135;NF000496;NF033145;NF033135;NF000095;NF033105;NF012174;NF033145;NF000493;NF000025
GCF_004117135.1	contig_5	82291	No terminal repeats	92	11	0.9947	NA	19	67.3044	MOBF;F_traG;F_traH;F_traF;F_traN;F_traU;F_traW;virb4;F_traV;F_traB;F_traK;F_traE;F_traL	NA
GCF_004117135.1	contig_3	211326	No terminal repeats	182	11	0.9939	NA	2	38.4684	NA	NF033105;NF012174
GCF_004117135.1	contig_2	613013	No terminal repeats	609	11	0.9936	NA	2	44.5904	NA	NF000025;NF000493;NF033156;NF012174;NF033145;NF012174;NF000095;NF033135;NF033145;NF033135
GCF_004117135.1	contig_4	203713	No terminal repeats	194	11	0.9930	NA	23	69.7452	MOBF;I_traV;F_traG;F_traH;F_traF;F_traN;F_trbC;F_traU;F_traW;virb4;F_traV;F_traK;F_traE;F_traL	NF012178
GCF_004136415.1	contig_5	82291	No terminal repeats	93	11	0.9948	NA	20	68.6117	F_traG;F_traH;F_traF;F_traN;F_traU;F_traW;virb4;F_traV;F_traB;F_traK;F_traE;F_traL;MOBF;F_traG	NA
GCF_004136415.1	contig_2	613013	No terminal repeats	610	11	0.9936	NA	2	44.5904	NA	NF033145;NF012174;NF033156;NF000493;NF000025;NF033135;NF033145;NF033135;NF000095;NF012174
GCF_004136415.1	contig_3	211326	No terminal repeats	183	11	0.9935	NA	2	38.4684	NA	NF012174;NF033105
GCF_004136415.1	contig_4	203713	No terminal repeats	194	11	0.9929	NA	23	69.6601	F_traL;F_traE;F_traK;F_traV;virb4;F_traW;F_traU;F_trbC;F_traN;F_traF;F_traH;F_traG;I_traV;MOBF	NF012178
GCF_004344785.1	contig_15	40227	No terminal repeats	42	11	0.9948	NA	14	33.1735	MOBF;F_traK;F_traB;F_traV;virb4;F_traW;F_traU;F_traN;F_traF;F_traH;F_traG	NA
GCF_004344785.1	contig_25	9609	No terminal repeats	6	11	0.9941	NA	0	4.2535	NA	NA
GCF_004344785.1	contig_16	32920	No terminal repeats	34	11	0.9941	NA	3	17.3111	NA	NF000138
GCF_004344785.1	contig_65	198991	No terminal repeats	178	11	0.9939	NA	2	42.9494	NA	NF033105;NF012174
GCF_004344785.1	contig_26	8854	No terminal repeats	7	11	0.9938	NA	1	5.0680	NA	NA
GCF_004344785.1	contig_23	10423	No terminal repeats	11	11	0.9928	NA	0	3.1803	NA	NA
GCF_004344785.1	contig_3	173694	No terminal repeats	152	11	0.9926	NA	20	13.7893	F_traL;F_traE;F_traK;F_traV;virb4;F_traW;F_traU;F_traW;F_traN;F_traF;F_traH;F_traG;MOBF	NA
GCF_004344785.1	contig_14	36124	No terminal repeats	38	11	0.9918	NA	0	5.9079	NA	NA
GCF_004344785.1	contig_33	3852	No terminal repeats	2	11	0.9918	NA	0	1.7183	NA	NA
GCF_004344785.1	contig_10	64358	No terminal repeats	34	11	0.9915	NA	0	11.0467	NA	NA
GCF_004344785.1	contig_2	789832	No terminal repeats	761	11	0.9904	NA	1	31.5744	NA	NF000456;NF033068;NF033135;NF033135;NF033145;NF033135;NF000095;NF033105;NF012174;NF033145;NF000493;NF000025
GCF_004344785.1	contig_22	17418	No terminal repeats	20	11	0.9895	NA	0	4.5380	NA	NA
GCF_004344785.1	contig_21	23141	No terminal repeats	27	11	0.9890	NA	3	3.8080	NA	NA
GCF_004344785.1	contig_27	7590	No terminal repeats	9	11	0.9883	NA	0	2.5340	NA	NA
GCF_004344785.1	contig_17	28932	No terminal repeats	22	11	0.9846	NA	0	1.9774	NA	NA
GCF_004344785.1	contig_29	6552	No terminal repeats	8	11	0.9463	NA	0	0.3552	NA	NA
GCF_004792415.1	contig_3	180464	No terminal repeats	149	11	0.9942	NA	2	38.5863	NA	NF033105
GCF_004792415.1	contig_2	559692	No terminal repeats	527	11	0.9937	NA	1	105.9801	NA	NF000095;NF033145;NF000125;NF033135;NF033145;NF000272;NF000165;NF000493
GCF_004793995.1	contig_4	70874	DTR	80	11	0.9946	NA	19	61.7056	MOBF;F_traG;F_traH;F_traF;F_traN;F_traU;F_traW;virb4;F_traV;F_traB;F_traK;F_traE;F_traL	NA
GCF_004793995.1	contig_1	176776	No terminal repeats	147	11	0.9939	NA	2	34.2476	NA	NF033105
GCF_004793995.1	contig_10	506115	DTR	482	11	0.9936	NA	2	86.5439	NA	NF033135;NF000095;NF033105;NF012174;NF033145;NF000493;NF000025;NF033135;NF033145
GCF_004793995.1	contig_7	28273	DTR	34	11	0.9936	NA	10	20.3093	virb4;T_virB2;T_virB1;MOBC;T_virB11;T_virB9;T_virB8;T_virB6	NA
GCF_004793995.1	contig_22	205485	DTR	200	11	0.9931	NA	23	80.9179	F_traL;F_traE;F_traK;F_traV;virb4;F_traW;F_traU;F_trbC;F_traN;F_traF;F_traH;F_traG;I_traV;MOBF	NA
GCF_005233495.2	contig_2	527151	No terminal repeats	521	11	0.9939	NA	3	107.3054	NA	NF033145;NF033135;NF000095;NF033135;NF033145;NF033135;NF000025;NF000493
GCF_005233495.2	contig_3	185041	No terminal repeats	163	11	0.9937	NA	2	40.4444	NA	NF033105
GCF_005233495.2	contig_4	142316	No terminal repeats	143	11	0.9931	NA	5	35.8173	MOBF;I_traV	NF000091
GCF_005233795.1	contig_18	120886	No terminal repeats	141	11	0.9941	NA	23	69.1104	MOBF;F_traG;F_traH;F_traF;F_traN;F_traU;F_traW;virb4;F_traV;F_traB;F_traK;F_traE;F_traL	NF000138
GCF_005233795.1	contig_8	186387	DTR	165	11	0.9940	NA	2	40.4890	NA	NF033105
GCF_005233795.1	contig_9	185943	No terminal repeats	198	11	0.9936	NA	1	42.7425	NA	NF033135;NF033145;NF000493;NF000025
GCF_005233795.1	contig_11	178540	No terminal repeats	166	11	0.9935	NA	0	29.9516	NA	NF000095;NF033135;NF033145;NF033135
GCF_005233795.1	contig_33	28179	No terminal repeats	30	11	0.9934	NA	1	9.9009	NA	NA
GCF_005233795.1	contig_15	129034	No terminal repeats	123	11	0.9933	NA	0	5.5183	NA	NF033085
GCF_005233795.1	contig_24	65260	No terminal repeats	52	11	0.9931	NA	4	12.8486	MOBF;I_traV	NA
GCF_005233795.1	contig_36	9019	No terminal repeats	10	11	0.9927	NA	0	3.6610	NA	NA
GCF_005233795.1	contig_35	14560	No terminal repeats	17	11	0.9925	NA	0	3.7341	NA	NA
GCF_005233795.1	contig_38	7363	No terminal repeats	10	11	0.9858	NA	0	0.1451	NA	NA
GCF_005233805.1	contig_30	45032	No terminal repeats	36	11	0.9949	NA	0	15.0511	NA	NA
GCF_005233805.1	contig_19	87229	No terminal repeats	87	11	0.9944	NA	3	27.3223	NA	NF000025;NF000493
GCF_005233805.1	contig_11	137557	No terminal repeats	119	11	0.9942	NA	2	32.1258	NA	NF033105
GCF_005233805.1	contig_36	30132	No terminal repeats	24	11	0.9931	NA	3	7.1431	I_traV;MOBF	NA
GCF_005233805.1	contig_2	377335	No terminal repeats	373	11	0.9931	NA	0	76.3448	NA	NF033145;NF033135;NF000095;NF033135;NF033145;NF033135
GCF_005233805.1	contig_40	18241	No terminal repeats	15	11	0.9930	NA	1	1.4458	NA	NA
GCF_005233805.1	contig_25	56252	No terminal repeats	69	11	0.9929	NA	1	15.1845	NA	NA
GCF_005233805.1	contig_46	7371	No terminal repeats	7	11	0.9927	NA	0	2.2920	NA	NA
GCF_005233805.1	contig_41	13905	No terminal repeats	13	11	0.9919	NA	0	4.3237	NA	NA
GCF_005233805.1	contig_38	26439	No terminal repeats	25	11	0.9918	NA	0	4.0672	NA	NA
GCF_005233805.1	contig_51	2879	No terminal repeats	5	11	0.9917	NA	0	1.9174	NA	NA
GCF_005233805.1	contig_42	9924	No terminal repeats	13	11	0.9914	NA	1	5.5469	NA	NA
GCF_005233805.1	contig_23	57547	No terminal repeats	61	11	0.9913	NA	1	0.4626	NA	NF000496
GCF_005233805.1	contig_24	56800	No terminal repeats	56	11	0.9899	NA	0	5.0258	NA	NA
GCF_005233805.1	contig_47	6812	No terminal repeats	4	11	0.9846	NA	0	1.6457	NA	NA
GCF_005233805.1	contig_32	39575	No terminal repeats	39	11	0.9822	NA	0	0.5072	NA	NF012174;NF033085;NF012174
GCF_005233805.1	contig_17	107597	No terminal repeats	100	11	0.9818	NA	0	4.7100	NA	NF033135
GCF_005233805.1	contig_44	8164	No terminal repeats	5	11	0.9677	NA	0	2.6688	NA	NA
GCF_005233805.1	contig_43	8804	No terminal repeats	8	11	0.8803	NA	0	1.0032	NA	NA
GCF_007050955.1	contig_10	65573	No terminal repeats	62	11	0.9944	NA	19	43.1560	MOBF;F_traG;F_traH;F_traF;F_traN;F_traU;F_traW;virb4;F_traV;F_traB;F_traK;F_traE;F_traL	NA
GCF_007050955.1	contig_8	89662	No terminal repeats	96	11	0.9944	NA	1	21.5095	NA	NF000025;NF000493
GCF_007050955.1	contig_3	125821	No terminal repeats	132	11	0.9942	NA	2	40.4932	NA	NF000402
GCF_007050955.1	contig_1	170235	No terminal repeats	153	11	0.9941	NA	2	43.0678	NA	NF033105
GCF_007050955.1	contig_33	473175	No terminal repeats	443	11	0.9935	NA	0	72.2530	NA	NF033145;NF000095;NF033135;NF000272;NF033145;NF033135
GCF_007050955.1	contig_21	12899	No terminal repeats	12	11	0.9934	NA	0	7.6743	NA	NA
GCF_007050955.1	contig_25	3936	No terminal repeats	8	11	0.9930	NA	0	3.4763	NA	NA
GCF_007050955.1	contig_13	37810	No terminal repeats	37	11	0.9884	NA	0	8.3024	NA	NA
GCF_007050955.1	contig_23	7073	No terminal repeats	8	11	0.9883	NA	0	2.5084	NA	NA
GCF_007050955.1	contig_20	13319	No terminal repeats	12	11	0.9232	NA	0	1.0546	NA	NA
GCF_007050955.1	contig_26	3420	No terminal repeats	3	11	0.8559	NA	0	0.8377	NA	NA
GCF_007558755.1	contig_2	205814	No terminal repeats	186	11	0.9939	NA	2	42.7490	NA	NF000272;NF033105;NF012174
GCF_007558755.1	contig_5	67838	No terminal repeats	77	11	0.9937	NA	4	32.8363	NA	NA
GCF_007558755.1	contig_23	580527	DTR	560	11	0.9935	NA	1	94.2647	NA	NF000025;NF000493;NF033145;NF012174;NF000095;NF033135;NF000095;NF000272;NF033145;NF033135
GCF_007558755.1	contig_7	45902	No terminal repeats	46	11	0.9934	NA	1	13.5507	NA	NA
GCF_007558755.1	contig_15	4250	No terminal repeats	4	11	0.9575	NA	0	0.8398	NA	NA
GCF_009668105.1	contig_3	142222	No terminal repeats	118	11	0.9948	NA	2	36.1093	NA	NF033105
GCF_009668105.1	contig_29	509742	No terminal repeats	486	11	0.9935	NA	2	78.3554	NA	NF033135;NF000095;NF012174;NF033145;NF000493;NF000025;NF033135;NF033145
GCF_009668105.1	contig_7	70443	No terminal repeats	71	11	0.9934	NA	0	11.5871	NA	NF012178;NF000272
GCF_009668105.1	contig_13	18573	No terminal repeats	11	11	0.9900	NA	0	3.4376	NA	NF000091
GCF_009668105.1	contig_9	31114	No terminal repeats	34	11	0.9827	NA	0	2.9483	NA	NA
GCF_009759885.1	contig_19	175813	No terminal repeats	149	11	0.9942	NA	2	35.8908	NA	NF033105
GCF_009759885.1	contig_11	645999	DTR	636	11	0.9936	NA	1	57.7158	NA	NF033145;NF033135;NF000095;NF012174;NF033145;NF000402;NF000402;NF012174;NF000493;NF000025;NF033135;NF033145
GCF_009759885.1	contig_3	3056	DTR	1	11	0.8298	NA	0	1.7019	NA	NA
GCF_009762725.1	contig_4	64606	No terminal repeats	66	11	0.9940	NA	2	14.9676	NA	NA
GCF_009762725.1	contig_2	563807	No terminal repeats	530	11	0.9938	NA	2	96.7598	NA	NF033135;NF033145;NF033135;NF000095;NF012174;NF033145;NF000493;NF000025
GCF_009762725.1	contig_3	207454	No terminal repeats	175	11	0.9937	NA	2	34.2977	NA	NF033105;NF012174
GCF_009765475.1	contig_2	528933	No terminal repeats	506	11	0.9939	NA	2	93.5238	NA	NF000025;NF000493;NF033145;NF000095;NF033135;NF033145;NF033135
GCF_009765475.1	contig_4	203868	No terminal repeats	176	11	0.9936	NA	2	34.5205	NA	NF012174;NF033105
GCF_009765475.1	contig_3	205248	No terminal repeats	209	11	0.9931	NA	20	75.3887	G_tfc19;G_tfc18;G_tfc22;G_tfc23;G_tfc24;G_tfc17;virb4;G_tfc15;G_tfc14;G_tfc13;G_tfc12;G_tfc11;G_tfc10;G_tfc9;G_tfc8;G_tfc7;t4cp1;G_tfc5;T_virB1;G_tfc3;G_tfc2;MOBH	NF033135;NF000496
GCF_009765475.1	contig_5	2968	No terminal repeats	3	11	0.9889	NA	0	1.5991	NA	NA
GCF_010523255.1	contig_3	86850	DTR	93	11	0.9947	NA	24	64.8915	I_traK;I_traI;MOBP1;I_trbB;I_trbA;I_traY;I_traW;traU;I_traR;I_traQ;I_traP;I_traO;I_traN;I_traL	NA
GCF_010523255.1	contig_4	184488	DTR	166	11	0.9938	NA	2	41.2451	NA	NF033105
GCF_010523255.1	contig_2	513383	No terminal repeats	489	11	0.9937	NA	1	97.1136	NA	NF033135;NF000095;NF012174;NF033145;NF000493;NF000025;NF000402;NF000272;NF033145;NF033135
GCF_010667775.1	contig_5	83187	No terminal repeats	88	11	0.9942	NA	20	52.8097	F_traL;F_traE;F_traK;F_traB;F_traV;virb4;F_traW;F_traU;F_traN;F_traF;F_traH;F_traG;MOBF	NF012174
GCF_010667775.1	contig_1	538570	No terminal repeats	529	11	0.9936	NA	1	94.2223	NA	NF033135;NF033145;NF000272;NF033135;NF000095;NF012174;NF033145;NF000493;NF000025
GCF_010667775.1	contig_7	13607	No terminal repeats	18	11	0.9921	NA	0	5.7391	NA	NA
GCF_010667775.1	contig_8	2533	No terminal repeats	4	11	0.9003	NA	0	1.0242	NA	NF000496
GCF_010667845.1	contig_6	53871	No terminal repeats	50	11	0.9941	NA	1	8.7221	NA	NA
GCF_010667845.1	contig_9	28255	No terminal repeats	28	11	0.9939	NA	0	12.4674	NA	NA
GCF_010667845.1	contig_1	551948	No terminal repeats	530	11	0.9937	NA	1	101.9100	NA	NF000025;NF033145;NF012174;NF033105;NF033135;NF000272;NF033145;NF033135
GCF_010667845.1	contig_14	12892	No terminal repeats	8	11	0.9910	NA	0	2.7667	NA	NA
GCF_010667845.1	contig_8	31312	No terminal repeats	29	11	0.9909	NA	7	12.1906	MOBF;I_traV;F_traG;F_traH	NA
GCF_010667845.1	contig_15	10437	No terminal repeats	12	11	0.9907	NA	7	9.7178	F_traV;virb4;F_traW;F_traU;F_traN;F_traN	NA
GCF_010667845.1	contig_7	45868	No terminal repeats	45	11	0.9902	NA	0	22.9673	NA	NA
GCF_010667845.1	contig_12	14622	No terminal repeats	17	11	0.9855	NA	0	0.7941	NA	NA
GCF_010667855.1	contig_1	551948	No terminal repeats	530	11	0.9937	NA	1	101.9100	NA	NF000025;NF033145;NF012174;NF033105;NF033135;NF000272;NF033145;NF033135
GCF_010667855.1	contig_7	30305	No terminal repeats	23	11	0.9927	NA	1	2.9951	NA	NA
GCF_010667855.1	contig_6	45815	No terminal repeats	45	11	0.9895	NA	0	22.9673	NA	NA
GCF_010667855.1	contig_10	14840	No terminal repeats	17	11	0.9891	NA	0	1.0061	NA	NA
GCF_010667855.1	contig_5	59675	No terminal repeats	52	11	0.9421	NA	0	4.3778	NA	NA
GCF_010667865.1	contig_1	551962	No terminal repeats	530	11	0.9937	NA	1	101.9100	NA	NF000025;NF033145;NF012174;NF033105;NF033135;NF000272;NF033145;NF033135
GCF_010667865.1	contig_6	24719	No terminal repeats	19	11	0.9932	NA	11	17.0082	MOBF;I_traV;F_traG;F_traH;F_traF;F_traN;F_traU;F_traW;virb4;F_traV	NA
GCF_010667865.1	contig_4	30428	No terminal repeats	23	11	0.9929	NA	1	2.9951	NA	NA
GCF_010667865.1	contig_7	11199	No terminal repeats	13	11	0.9859	NA	0	3.4480	NA	NA
GCF_010667895.1	contig_2	166346	No terminal repeats	146	11	0.9939	NA	2	43.5142	NA	NF033105
GCF_010667895.1	contig_1	551948	No terminal repeats	530	11	0.9937	NA	1	101.9100	NA	NF000025;NF033145;NF012174;NF033105;NF033135;NF000272;NF033145;NF033135
GCF_010667895.1	contig_5	103996	No terminal repeats	98	11	0.9930	NA	22	44.9763	F_traL;F_traE;F_traK;F_traV;virb4;F_traW;F_traU;F_traN;F_traF;F_traH;F_traG;I_traV;MOBF	NA
GCF_010667895.1	contig_13	4317	No terminal repeats	4	11	0.9785	NA	0	2.5410	NA	NA
GCF_010667925.1	contig_1	534313	No terminal repeats	507	11	0.9935	NA	1	95.7830	NA	NF000025;NF000493;NF033145;NF012174;NF000095;NF033135;NF000272;NF033145;NF033135
GCF_010667925.1	contig_3	13625	No terminal repeats	13	11	0.8510	NA	0	0.9782	NA	NA
GCF_010667945.1	contig_3	84590	No terminal repeats	64	11	0.9940	NA	1	15.9288	NA	NF033105
GCF_010667945.1	contig_13	35818	DTR	23	11	0.9939	NA	2	9.6367	NA	NA
GCF_010667945.1	contig_1	533500	No terminal repeats	518	11	0.9937	NA	2	97.7933	NA	NF033145;NF033135;NF000095;NF012174;NF033145;NF000493;NF000025;NF033135
GCF_010667945.1	contig_2	102276	No terminal repeats	96	11	0.9936	NA	1	18.2866	NA	NA
GCF_010667945.1	contig_16	4345	No terminal repeats	4	11	0.9513	NA	0	1.1117	NA	NA
GCF_010667965.1	contig_2	166034	No terminal repeats	140	11	0.9945	NA	2	35.4366	NA	NF033105
GCF_010667965.1	contig_1	678173	No terminal repeats	660	11	0.9940	NA	3	73.1493	NA	NF000025;NF000493;NF033156;NF012174;NF033145;NF012174;NF000095;NF033135;NF033145;NF000496;NF033135;NF033105
GCF_010667965.1	contig_4	110248	No terminal repeats	121	11	0.9933	NA	3	21.9248	NA	NF000025
GCF_010667975.1	contig_3	122424	No terminal repeats	109	11	0.9939	NA	1	23.0183	NA	NF012174
GCF_010667975.1	contig_4	80593	No terminal repeats	65	11	0.9939	NA	1	17.4204	NA	NF033105
GCF_010667975.1	contig_12	60636	DTR	69	11	0.9937	NA	4	16.5485	NA	NF033156
GCF_010667975.1	contig_1	577213	No terminal repeats	559	11	0.9935	NA	1	106.3992	NA	NF033145;NF033135;NF000095;NF033105;NF012174;NF033145;NF000493;NF000025;NF033135;NF000496
GCF_010667975.1	contig_17	25022	No terminal repeats	26	11	0.9932	NA	0	5.0123	NA	NA
GCF_010667975.1	contig_23	2797	No terminal repeats	2	11	0.9927	NA	0	1.7183	NA	NA
GCF_010667975.1	contig_9	69660	No terminal repeats	42	11	0.9924	NA	0	5.5878	NA	NA
GCF_010667975.1	contig_20	15530	No terminal repeats	17	11	0.9924	NA	0	4.8568	NA	NA
GCF_010667975.1	contig_19	16548	No terminal repeats	10	11	0.9920	NA	1	5.9078	NA	NA
GCF_010667975.1	contig_59	177298	No terminal repeats	146	11	0.9918	NA	20	13.9940	F_traL;F_traE;F_traK;F_traV;virb4;F_traW;F_traU;F_traN;F_traN;F_traF;F_traH;F_traG;MOBF	NA
GCF_010667975.1	contig_22	4046	DTR	3	11	0.9909	NA	0	1.1306	NA	NA
GCF_010667975.1	contig_14	35206	No terminal repeats	24	11	0.9882	NA	0	5.9537	NA	NF012212
GCF_010667975.1	contig_21	5093	No terminal repeats	6	11	0.9700	NA	0	1.0324	NA	NA
GCF_010667975.1	contig_18	20014	No terminal repeats	12	11	0.9558	NA	0	1.2334	NA	NA
GCF_010667985.1	contig_3	80480	No terminal repeats	65	11	0.9944	NA	1	17.4204	NA	NF033105
GCF_010667985.1	contig_14	19101	No terminal repeats	11	11	0.9941	NA	1	7.6261	NA	NA
GCF_010667985.1	contig_2	122424	No terminal repeats	109	11	0.9939	NA	1	23.0183	NA	NF012174
GCF_010667985.1	contig_9	60636	DTR	69	11	0.9937	NA	4	16.5485	NA	NF033156
GCF_010667985.1	contig_1	577164	No terminal repeats	559	11	0.9935	NA	1	106.3992	NA	NF033145;NF033135;NF000095;NF033105;NF012174;NF033145;NF000493;NF000025;NF033135;NF000496
GCF_010667985.1	contig_13	25023	No terminal repeats	26	11	0.9930	NA	0	5.0123	NA	NA
GCF_010667985.1	contig_8	89694	No terminal repeats	54	11	0.9921	NA	0	7.1670	NA	NA
GCF_010667985.1	contig_15	15532	No terminal repeats	17	11	0.9921	NA	0	4.8568	NA	NA
GCF_010667985.1	contig_45	182736	No terminal repeats	151	11	0.9915	NA	20	15.0264	F_traL;F_traE;F_traK;F_traV;virb4;F_traW;F_traU;F_traN;F_traN;F_traF;F_traH;F_traG;MOBF	NA
GCF_010667985.1	contig_12	27953	No terminal repeats	18	11	0.9914	NA	0	4.6900	NA	NA
GCF_010667985.1	contig_17	4046	DTR	3	11	0.9909	NA	0	1.1306	NA	NA
GCF_010667985.1	contig_16	7226	No terminal repeats	6	11	0.9590	NA	0	1.2636	NA	NF012212
GCF_010667995.1	contig_1	558375	No terminal repeats	537	11	0.9939	NA	2	95.8442	NA	NF000025;NF000493;NF033145;NF012174;NF000095;NF033135;NF033145;NF000496;NF033135
GCF_010667995.1	contig_2	178415	No terminal repeats	147	11	0.9939	NA	2	34.1485	NA	NF033105
GCF_010667995.1	contig_3	8401	No terminal repeats	11	11	0.9912	NA	2	4.9050	NA	NF033068
GCF_011800405.1	contig_5	112030	No terminal repeats	114	11	0.9947	NA	23	71.5787	F_traL;F_traE;F_traK;F_traB;F_traV;virb4;F_traW;F_traU;F_traN;F_traF;F_traH;F_traG;MOBF	NF000402;NF000402
GCF_011800405.1	contig_2	173907	DTR	141	11	0.9944	NA	2	36.2898	NA	NF033105
GCF_011800405.1	contig_22	529462	No terminal repeats	510	11	0.9935	NA	2	90.8769	NA	NF000025;NF033145;NF012174;NF000095;NF033135;NF033145;NF033135
GCF_011800405.1	contig_14	2554	No terminal repeats	5	11	0.9929	NA	0	2.3940	NA	NA
GCF_011800475.1	contig_6	112342	No terminal repeats	114	11	0.9948	NA	23	71.5787	MOBF;F_traG;F_traH;F_traF;F_traN;F_traU;F_traW;virb4;F_traV;F_traB;F_traK;F_traE;F_traL	NF000402;NF000402
GCF_011800475.1	contig_3	173907	DTR	141	11	0.9944	NA	2	36.2898	NA	NF033105
GCF_011800475.1	contig_23	529482	No terminal repeats	510	11	0.9936	NA	2	90.8769	NA	NF000025;NF033145;NF012174;NF000095;NF033135;NF033145;NF033135
GCF_011800475.1	contig_20	2554	No terminal repeats	5	11	0.9934	NA	0	2.3940	NA	NA
GCF_011800475.1	contig_16	19131	No terminal repeats	17	11	0.9430	NA	0	0.9770	NA	NA
GCF_011800475.1	contig_17	13754	No terminal repeats	12	11	0.8700	NA	0	0.9562	NA	NA
GCF_011800485.1	contig_6	102894	DTR	105	11	0.9947	NA	23	72.8802	F_traL;F_traE;F_traK;F_traB;F_traV;virb4;F_traW;F_traU;F_traN;F_traF;F_traH;F_traG;MOBF	NF000402
GCF_011800485.1	contig_3	172138	No terminal repeats	149	11	0.9943	NA	2	36.6778	NA	NF033105
GCF_011800485.1	contig_34	439749	No terminal repeats	418	11	0.9938	NA	2	82.1296	NA	NF000025;NF000493;NF033145;NF012174;NF000095;NF033135;NF033145;NF000496
GCF_011800485.1	contig_10	65289	No terminal repeats	67	11	0.9937	NA	0	6.8125	NA	NA
GCF_011800485.1	contig_11	53463	No terminal repeats	58	11	0.9925	NA	0	9.8437	NA	NA
GCF_011800485.1	contig_17	25312	No terminal repeats	27	11	0.9863	NA	0	3.6924	NA	NF033135
GCF_011800485.1	contig_20	7394	No terminal repeats	6	11	0.9575	NA	0	1.5171	NA	NA
GCF_011800485.1	contig_19	12226	No terminal repeats	12	11	0.9530	NA	0	1.5961	NA	NA
GCF_011800485.1	contig_24	2681	No terminal repeats	1	11	0.7729	NA	0	1.7019	NA	NA
GCF_011800685.1	contig_2	169382	No terminal repeats	150	11	0.9941	NA	2	32.3147	NA	NF033105
GCF_011800685.1	contig_22	544349	DTR	526	11	0.9938	NA	2	96.7342	NA	NF033135;NF000496;NF033145;NF033135;NF000095;NF012174;NF033145;NF000493;NF000025
GCF_011800685.1	contig_14	8751	DTR	12	11	0.9246	NA	0	1.2972	NA	NA
GCF_012241415.1	contig_11	189869	No terminal repeats	194	11	0.9943	NA	21	83.6492	MOBF;F_traG;F_traH;F_traF;F_traN;F_traU;F_traW;virb4;F_traV;F_traB;F_traK;F_traE;F_traL	NF000402
GCF_012241415.1	contig_12	170642	No terminal repeats	152	11	0.9941	NA	2	43.0678	NA	NF033105
GCF_012241415.1	contig_1	562844	No terminal repeats	538	11	0.9937	NA	1	93.7625	NA	NF033135;NF033145;NF000272;NF033135;NF000095;NF033145;NF000493;NF000025
GCF_012241415.1	contig_2	11445	No terminal repeats	12	11	0.9934	NA	0	7.6743	NA	NA
GCF_012241415.1	contig_3	11456	No terminal repeats	14	11	0.9929	NA	0	5.9847	NA	NA
GCF_012241415.1	contig_29	69014	No terminal repeats	72	11	0.9897	NA	0	4.0563	NA	NA
GCF_012241415.1	contig_35	13068	No terminal repeats	12	11	0.9272	NA	0	1.0546	NA	NA
GCF_012241415.1	contig_6	3420	No terminal repeats	3	11	0.8515	NA	0	0.8377	NA	NA
GCF_013201565.1	contig_9	169622	No terminal repeats	146	11	0.9943	NA	2	38.3119	NA	NF033105
GCF_013201565.1	contig_2	61543	DTR	66	11	0.9941	NA	3	13.6322	NA	NF000025
GCF_013201565.1	contig_34	237760	No terminal repeats	232	11	0.9937	NA	2	51.5253	NA	NF000025;NF000493;NF033145;NF012174
GCF_013201565.1	contig_35	41880	No terminal repeats	43	11	0.9936	NA	0	8.5203	NA	NF012174;NF033085;NF012174
GCF_013201565.1	contig_51	161329	No terminal repeats	164	11	0.9935	NA	0	24.2584	NA	NF033135;NF033145
GCF_013201565.1	contig_52	147325	No terminal repeats	133	11	0.9935	NA	0	20.0559	NA	NF033135;NF000095
GCF_013201565.1	contig_10	48992	No terminal repeats	51	11	0.9892	NA	0	3.7684	NA	NA
GCF_013201565.1	contig_1	31841	No terminal repeats	37	11	0.9845	NA	1	1.7272	NA	NA
GCF_013403235.1	contig_1	149166	No terminal repeats	128	11	0.9945	NA	2	36.3879	NA	NF033105
GCF_013403235.1	contig_26	547246	No terminal repeats	520	11	0.9938	NA	2	91.0740	NA	NF000095;NF012174;NF033145;NF000025;NF012229;NF033135;NF033145;NF033135
GCF_013403235.1	contig_5	130073	DTR	116	11	0.9936	NA	3	19.9898	NA	NA
GCF_013403235.1	contig_10	106461	No terminal repeats	104	11	0.9845	NA	1	11.2996	NA	NF000272
GCF_014138175.1	contig_7	177330	No terminal repeats	147	11	0.9941	NA	2	32.8397	NA	NF033105
GCF_014138175.1	contig_2	620029	DTR	616	11	0.9940	NA	2	50.9863	NA	NF000095;NF033135;NF033145;NF033135;NF000496;NF000025;NF000493;NF012174;NF033145;NF012174
GCF_014138195.1	contig_3	620029	DTR	616	11	0.9940	NA	2	50.9863	NA	NF000095;NF033135;NF033145;NF033135;NF000496;NF000025;NF000493;NF012174;NF033145;NF012174
GCF_014138195.1	contig_8	179788	No terminal repeats	147	11	0.9939	NA	2	31.0762	NA	NF033105
GCF_014138205.1	contig_18	25812	No terminal repeats	23	11	0.9943	NA	0	11.2972	NA	NF000402;NF000402
GCF_014138205.1	contig_16	32095	No terminal repeats	36	11	0.9943	NA	1	13.5426	NA	NA
GCF_014138205.1	contig_13	96042	No terminal repeats	90	11	0.9937	NA	0	23.5810	NA	NF000095
GCF_014138205.1	contig_5	460892	No terminal repeats	455	11	0.9936	NA	1	71.9958	NA	NF012174;NF033145;NF000493;NF000025;NF033135;NF033145;NF033135
GCF_014138205.1	contig_8	189315	No terminal repeats	163	11	0.9935	NA	2	39.5811	NA	NF033105
GCF_014138205.1	contig_11	105858	No terminal repeats	108	11	0.9934	NA	19	55.0942	G_tfc19;G_tfc18;G_tfc22;G_tfc23;G_tfc24;G_tfc17;virb4;G_tfc15;G_tfc14;G_tfc13;G_tfc12;G_tfc11;G_tfc10;G_tfc9;G_tfc8;G_tfc7;t4cp1;G_tfc5;T_virB1;G_tfc3;G_tfc2;MOBH	NA
GCF_014138205.1	contig_12	103552	No terminal repeats	93	11	0.9925	NA	21	43.1710	MOBF;I_traV;F_traG;F_traH;F_traF;F_traN;F_traU;F_traW;virb4;F_traV;F_traK;F_traE;F_traL	NF012174
GCF_014138205.1	contig_19	18261	No terminal repeats	19	11	0.9628	NA	0	1.7496	NA	NA
GCF_014138205.1	contig_20	7213	No terminal repeats	7	11	0.9448	NA	0	1.0199	NA	NA
GCF_014138245.1	contig_18	25812	No terminal repeats	23	11	0.9943	NA	0	11.2972	NA	NF000402;NF000402
GCF_014138245.1	contig_16	32125	No terminal repeats	36	11	0.9943	NA	1	13.5426	NA	NA
GCF_014138245.1	contig_13	96042	No terminal repeats	90	11	0.9937	NA	0	23.5810	NA	NF000095
GCF_014138245.1	contig_5	460892	No terminal repeats	455	11	0.9936	NA	1	71.9958	NA	NF012174;NF033145;NF000493;NF000025;NF033135;NF033145;NF033135
GCF_014138245.1	contig_8	191354	No terminal repeats	163	11	0.9934	NA	2	39.9258	NA	NF033105
GCF_014138245.1	contig_11	105357	No terminal repeats	108	11	0.9930	NA	19	55.0942	MOBH;G_tfc2;G_tfc3;T_virB1;G_tfc5;t4cp1;G_tfc7;G_tfc8;G_tfc9;G_tfc10;G_tfc11;G_tfc12;G_tfc13;G_tfc14;G_tfc15;virb4;G_tfc17;G_tfc24;G_tfc23;G_tfc22;G_tfc18;G_tfc19	NA
GCF_014138245.1	contig_12	101262	No terminal repeats	94	11	0.9924	NA	21	43.1710	F_traL;F_traE;F_traK;F_traV;virb4;F_traW;F_traU;F_traN;F_traF;F_traH;F_traG;I_traV;MOBF	NF012174
GCF_014138245.1	contig_19	18144	No terminal repeats	19	11	0.9640	NA	0	1.7496	NA	NA
GCF_014138245.1	contig_20	7213	No terminal repeats	7	11	0.9444	NA	0	1.0199	NA	NA
GCF_014156615.1	contig_4	130988	No terminal repeats	118	11	0.9941	NA	2	38.7747	NA	NF033105
GCF_014156615.1	contig_31	473335	No terminal repeats	485	11	0.9937	NA	1	16.4913	NA	NF000138;NF033135;NF012174;NF033145;NF012174;NF000025
GCF_014156615.1	contig_2	148802	No terminal repeats	152	11	0.9933	NA	0	24.4947	NA	NF033145;NF033135
GCF_014156615.1	contig_8	39053	No terminal repeats	35	11	0.9916	NA	0	5.4208	NA	NA
GCF_014353705.1	contig_24	42734	No terminal repeats	50	11	0.9953	NA	19	44.9618	F_traL;F_traE;F_traK;F_traB;F_traV;virb4;F_traW;F_traU;F_traN;F_traF;F_traH;F_traG	NF000138
GCF_014353705.1	contig_31	33662	No terminal repeats	27	11	0.9947	NA	1	12.7109	NA	NA
GCF_014353705.1	contig_17	67920	No terminal repeats	64	11	0.9945	NA	5	28.4501	MOBF;F_traG	NA
GCF_014353705.1	contig_36	17615	No terminal repeats	20	11	0.9945	NA	1	8.8660	NA	NA
GCF_014353705.1	contig_2	179600	No terminal repeats	170	11	0.9937	NA	0	35.7016	NA	NF033145;NF012174;NF000095;NF033135
GCF_014353705.1	contig_25	39343	No terminal repeats	38	11	0.9937	NA	0	12.9649	NA	NA
GCF_014353705.1	contig_29	33949	No terminal repeats	43	11	0.9937	NA	11	27.5953	G_tfc10;G_tfc9;G_tfc8;G_tfc7;t4cp1;G_tfc5;T_virB1;G_tfc3;G_tfc2;MOBH	NA
GCF_014353705.1	contig_62	294867	No terminal repeats	288	11	0.9937	NA	1	45.3490	NA	NF000493;NF000025;NF033145
GCF_014353705.1	contig_27	35308	No terminal repeats	44	11	0.9936	NA	0	12.5109	NA	NA
GCF_014353705.1	contig_23	44485	No terminal repeats	37	11	0.9935	NA	0	10.0950	NA	NA
GCF_014353705.1	contig_18	66254	No terminal repeats	66	11	0.9930	NA	2	26.8174	G_tfc19;G_tfc18;G_tfc22;G_tfc23;G_tfc24	NF000402;NF000402
GCF_014353705.1	contig_35	18135	ITR	22	11	0.9925	NA	0	7.7498	NA	NA
GCF_014353705.1	contig_38	15089	No terminal repeats	13	11	0.9924	NA	0	2.8074	NA	NF033105
GCF_014353705.1	contig_33	25156	No terminal repeats	24	11	0.9909	NA	0	4.6600	NA	NA
GCF_014353705.1	contig_15	71162	No terminal repeats	67	11	0.9887	NA	0	3.9938	NA	NA
GCF_014353705.1	contig_42	10717	No terminal repeats	9	11	0.9885	NA	2	6.8239	G_tfc17;virb4;G_tfc15;G_tfc14	NA
GCF_014353705.1	contig_34	18046	No terminal repeats	12	11	0.9836	NA	0	1.2061	NA	NA
GCF_014353705.1	contig_40	11095	No terminal repeats	12	11	0.9801	NA	0	1.7904	NA	NA
GCF_014353705.1	contig_39	11096	No terminal repeats	10	11	0.9650	NA	0	2.7511	NA	NA
GCF_014353705.1	contig_48	1689	No terminal repeats	3	11	0.9570	NA	2	2.1023	G_tfc13;G_tfc12	NA
GCF_014353705.1	contig_43	10671	No terminal repeats	11	11	0.9429	NA	0	0.8035	NA	NA
GCF_014353745.1	contig_34	70720	DTR	70	11	0.9948	NA	8	38.9697	F_traN;F_traF;F_traH;F_traG;MOBF	NA
GCF_014353745.1	contig_36	49923	No terminal repeats	44	11	0.9945	NA	1	9.4648	NA	NF000025
GCF_014353745.1	contig_55	11721	No terminal repeats	11	11	0.9944	NA	0	4.8309	NA	NA
GCF_014353745.1	contig_56	10061	No terminal repeats	9	11	0.9944	NA	1	4.9754	NA	NA
GCF_014353745.1	contig_43	28887	No terminal repeats	29	11	0.9941	NA	0	7.9755	NA	NA
GCF_014353745.1	contig_28	93259	No terminal repeats	80	11	0.9940	NA	3	18.0061	t4cp1;G_tfc7	NA
GCF_014353745.1	contig_38	36373	No terminal repeats	41	11	0.9939	NA	0	11.0174	NA	NF033135
GCF_014353745.1	contig_2	178139	No terminal repeats	179	11	0.9937	NA	0	26.3476	NA	NF033145;NF000496;NF033135
GCF_014353745.1	contig_33	89399	No terminal repeats	92	11	0.9937	NA	1	20.3266	NA	NF033145;NF000493
GCF_014353745.1	contig_32	89676	No terminal repeats	90	11	0.9934	NA	0	22.5449	NA	NF033085;NF033105;NF012174
GCF_014353745.1	contig_44	28556	No terminal repeats	34	11	0.9931	NA	1	6.8988	NA	NA
GCF_014353745.1	contig_57	8804	No terminal repeats	7	11	0.9928	NA	0	2.0430	NA	NA
GCF_014353745.1	contig_52	15492	No terminal repeats	15	11	0.9923	NA	0	4.2925	NA	NA
GCF_014353745.1	contig_51	16702	No terminal repeats	13	11	0.9920	NA	0	5.2239	NA	NA
GCF_014353745.1	contig_40	33185	No terminal repeats	35	11	0.9916	NA	1	5.0369	NA	NA
GCF_014353745.1	contig_30	89859	No terminal repeats	76	11	0.9913	NA	0	9.0763	NA	NF033135
GCF_014353745.1	contig_39	33373	No terminal repeats	35	11	0.9907	NA	0	4.9648	NA	NA
GCF_014353745.1	contig_50	17463	No terminal repeats	14	11	0.9900	NA	0	3.8625	NA	NA
GCF_014353745.1	contig_49	17836	No terminal repeats	18	11	0.9879	NA	0	3.1937	NA	NA
GCF_014353745.1	contig_47	27863	No terminal repeats	29	11	0.9768	NA	1	5.9167	NA	NA
GCF_014353745.1	contig_54	12226	No terminal repeats	13	11	0.9716	NA	0	2.6477	NA	NF033105
GCF_014353755.1	contig_49	22250	No terminal repeats	29	11	0.9948	NA	6	22.3692	F_traB;F_traK;F_traE;F_traL	NA
GCF_014353755.1	contig_53	13627	No terminal repeats	21	11	0.9947	NA	7	16.4632	F_traV;virb4;F_traW;F_traU;F_traN	NA
GCF_014353755.1	contig_44	44896	No terminal repeats	40	11	0.9945	NA	1	17.7741	NA	NA
GCF_014353755.1	contig_40	80916	No terminal repeats	72	11	0.9942	NA	1	7.8628	NA	NF000025;NF000493
GCF_014353755.1	contig_55	12993	No terminal repeats	12	11	0.9941	NA	0	3.5631	NA	NA
GCF_014353755.1	contig_42	47947	No terminal repeats	46	11	0.9938	NA	6	25.6974	F_traF;F_traH;F_traG;MOBF	NA
GCF_014353755.1	contig_41	56940	No terminal repeats	72	11	0.9938	NA	8	34.3247	G_tfc7;t4cp1;G_tfc5;T_virB1;G_tfc3;G_tfc2;MOBH	NA
GCF_014353755.1	contig_35	111081	No terminal repeats	110	11	0.9937	NA	9	55.6867	G_tfc19;G_tfc18;G_tfc22;G_tfc23;G_tfc24;G_tfc17;virb4;G_tfc15;G_tfc14	NA
GCF_014353755.1	contig_48	24194	No terminal repeats	22	11	0.9935	NA	0	6.0628	NA	NA
GCF_014353755.1	contig_38	91783	No terminal repeats	95	11	0.9934	NA	0	15.8139	NA	NF033135
GCF_014353755.1	contig_86	273233	No terminal repeats	261	11	0.9933	NA	1	58.9410	NA	NF033135;NF000095;NF012174;NF033145
GCF_014353755.1	contig_39	81425	No terminal repeats	83	11	0.9931	NA	0	14.7211	NA	NF033145
GCF_014353755.1	contig_51	18157	ITR	24	11	0.9925	NA	0	8.0003	NA	NF033135
GCF_014353755.1	contig_58	10807	No terminal repeats	8	11	0.9922	NA	1	2.8911	NA	NA
GCF_014353755.1	contig_62	4948	No terminal repeats	7	11	0.9905	NA	6	8.5694	G_tfc14;G_tfc13;G_tfc12;G_tfc11;G_tfc10;G_tfc9;G_tfc8	NA
GCF_014353755.1	contig_50	18636	No terminal repeats	15	11	0.9900	NA	0	3.6264	NA	NA
GCF_014353755.1	contig_46	30689	No terminal repeats	32	11	0.9876	NA	0	0.2282	NA	NA
GCF_014353755.1	contig_61	6233	No terminal repeats	2	11	0.9826	NA	0	1.9454	NA	NA
GCF_014353755.1	contig_57	11744	No terminal repeats	11	11	0.9559	NA	0	1.5521	NA	NF033105
GCF_014353755.1	contig_52	16071	No terminal repeats	14	11	0.9342	NA	0	2.3895	NA	NA
GCF_014353755.1	contig_60	10054	No terminal repeats	9	11	0.9101	NA	0	0.8035	NA	NA
GCF_014353755.1	contig_59	10662	No terminal repeats	10	11	0.8587	NA	0	0.1033	NA	NA
GCF_014353795.1	contig_3	170050	No terminal repeats	172	11	0.9943	NA	22	82.2870	F_traL;F_traE;F_traK;F_traB;F_traV;virb4;F_traW;F_traU;F_traN;F_traF;F_traH;F_traG;MOBF;t4cp1;G_tfc7	NA
GCF_014353795.1	contig_51	305073	No terminal repeats	294	11	0.9940	NA	2	63.4581	NA	NF000025;NF000493;NF033145;NF012174
GCF_014353795.1	contig_1	9720	No terminal repeats	10	11	0.9939	NA	0	4.5466	NA	NA
GCF_014353795.1	contig_95	205756	No terminal repeats	176	11	0.9938	NA	2	35.4164	NA	NF033105;NF012174
GCF_014353795.1	contig_24	105393	No terminal repeats	96	11	0.9935	NA	0	12.2752	NA	NF000095;NF033135
GCF_014353795.1	contig_23	109361	No terminal repeats	112	11	0.9933	NA	0	13.6539	NA	NF033135;NF033145
GCF_014353795.1	contig_26	73468	No terminal repeats	85	11	0.9925	NA	18	49.8784	G_tfc19;G_tfc18;G_tfc22;G_tfc23;G_tfc24;G_tfc17;virb4;G_tfc15;G_tfc14;G_tfc13;G_tfc12;G_tfc11;G_tfc10;G_tfc9;G_tfc8;G_tfc7;t4cp1;G_tfc5;T_virB1;G_tfc3;G_tfc2;MOBH	NA
GCF_014353815.1	contig_31	13392	No terminal repeats	12	11	0.9952	NA	2	8.5619	NA	NA
GCF_014353815.1	contig_24	97597	No terminal repeats	99	11	0.9945	NA	21	61.9001	MOBF;F_traG;F_traH;F_traF;F_traN;F_traU;F_traW;virb4;F_traV;F_traB;F_traK;F_traE;F_traL	NF000138
GCF_014353815.1	contig_32	9315	No terminal repeats	11	11	0.9943	NA	1	7.1824	F_traE	NA
GCF_014353815.1	contig_18	180237	No terminal repeats	156	11	0.9943	NA	2	42.8036	NA	NF033105
GCF_014353815.1	contig_27	35317	No terminal repeats	44	11	0.9939	NA	0	12.5109	NA	NA
GCF_014353815.1	contig_47	371940	ITR	353	11	0.9936	NA	1	57.8699	NA	NF033135;NF000095;NF033105;NF012174;NF033145;NF000493;NF000025
GCF_014353815.1	contig_25	93438	DTR	106	11	0.9935	NA	18	47.7942	G_tfc19;G_tfc18;G_tfc22;G_tfc23;G_tfc24;G_tfc17;virb4;G_tfc15;G_tfc14;G_tfc13;G_tfc12;G_tfc11;G_tfc10;G_tfc9;G_tfc8;G_tfc7;t4cp1;G_tfc5;T_virB1;G_tfc3;G_tfc2;MOBH	NF012174
GCF_014353815.1	contig_30	18141	ITR	22	11	0.9926	NA	0	7.7498	NA	NA
GCF_014353815.1	contig_20	159036	No terminal repeats	158	11	0.9922	NA	0	22.5733	NA	NF033135;NF033145
GCF_014353815.1	contig_1	22088	No terminal repeats	22	11	0.9713	NA	0	2.5939	NA	NA
GCF_014353815.1	contig_34	2890	DTR	1	11	0.7990	NA	0	1.7019	NA	NA
GCF_014353835.1	contig_33	36996	No terminal repeats	31	11	0.9947	NA	0	8.0964	NA	NA
GCF_014353835.1	contig_31	42237	No terminal repeats	49	11	0.9944	NA	1	16.4452	NA	NF000493
GCF_014353835.1	contig_13	138498	No terminal repeats	120	11	0.9942	NA	2	25.4473	NA	NF033105
GCF_014353835.1	contig_48	324288	No terminal repeats	307	11	0.9940	NA	1	43.9950	NA	NF000025;NF033135;NF033145;NF033135
GCF_014353835.1	contig_22	129213	No terminal repeats	124	11	0.9929	NA	0	26.3233	NA	NF033145;NF012174
GCF_014353835.1	contig_32	40083	No terminal repeats	39	11	0.9907	NA	0	7.2897	NA	NF000095
GCF_014353835.1	contig_36	19489	No terminal repeats	20	11	0.9865	NA	0	0.9720	NA	NA
GCF_014353835.1	contig_30	61379	No terminal repeats	54	11	0.9849	NA	0	7.7425	NA	NA
GCF_014353835.1	contig_37	2890	DTR	1	11	0.8565	NA	0	1.7019	NA	NA
GCF_014353845.1	contig_33	337568	No terminal repeats	326	11	0.9941	NA	2	47.9012	NA	NF033135;NF033145;NF033135;NF000025;NF000493
GCF_014353845.1	contig_16	17501	No terminal repeats	21	11	0.9939	NA	1	8.7842	NA	NA
GCF_014353845.1	contig_3	134698	No terminal repeats	106	11	0.9939	NA	1	25.0952	NA	NF033105
GCF_014353845.1	contig_18	4026	DTR	5	11	0.9939	NA	1	2.1880	NA	NA
GCF_014353845.1	contig_2	166364	No terminal repeats	163	11	0.9934	NA	0	39.4641	NA	NF012174;NF033145
GCF_014353845.1	contig_6	111085	DTR	103	11	0.9926	NA	22	50.0302	MOBF;I_traV;F_traG;F_traH;F_traF;F_traN;F_traU;F_traW;virb4;F_traV;F_traK;F_traE;F_traL	NA
GCF_014353845.1	contig_11	31770	No terminal repeats	27	11	0.9902	NA	0	6.2508	NA	NF000095
GCF_014353845.1	contig_15	19489	No terminal repeats	20	11	0.9869	NA	0	0.9720	NA	NA
GCF_014353845.1	contig_14	23152	No terminal repeats	24	11	0.9866	NA	0	0.9737	NA	NA
GCF_014353845.1	contig_8	61379	No terminal repeats	54	11	0.9849	NA	0	7.7425	NA	NA
GCF_014353865.1	contig_95	6656	No terminal repeats	7	11	0.9949	NA	1	4.4128	NA	NA
GCF_014353865.1	contig_99	6158	No terminal repeats	10	11	0.9944	NA	7	9.9044	virb4;F_traV;F_traK;F_traE;F_traL	NA
GCF_014353865.1	contig_89	9431	No terminal repeats	10	11	0.9942	NA	1	5.2735	NA	NA
GCF_014353865.1	contig_3	561	No terminal repeats	1	11	0.9942	NA	1	1.7183	NA	NA
GCF_014353865.1	contig_98	345174	No terminal repeats	341	11	0.9941	NA	2	59.1658	NA	NF012174;NF033145;NF000493;NF000025;NF033135
GCF_014353865.1	contig_86	9898	No terminal repeats	6	11	0.9939	NA	1	2.8911	NA	NA
GCF_014353865.1	contig_13	146988	No terminal repeats	134	11	0.9934	NA	0	26.0776	NA	NF033145;NF033135
GCF_014353865.1	contig_85	10095	No terminal repeats	9	11	0.9931	NA	0	1.9882	NA	NA
GCF_014353865.1	contig_111	4072	No terminal repeats	5	11	0.9928	NA	0	3.5497	NA	NA
GCF_014353865.1	contig_152	175912	No terminal repeats	166	11	0.9928	NA	1	17.2053	NA	NF000272;NF033135
GCF_014353865.1	contig_131	2011	No terminal repeats	3	11	0.9927	NA	3	4.1692	F_traH;F_traF	NA
GCF_014353865.1	contig_101	5517	No terminal repeats	7	11	0.9921	NA	1	1.7183	NA	NA
GCF_014353865.1	contig_120	2870	No terminal repeats	4	11	0.9912	NA	1	2.9303	NA	NA
GCF_014353865.1	contig_110	4117	No terminal repeats	7	11	0.9910	NA	0	2.3483	NA	NA
GCF_014353865.1	contig_77	43631	No terminal repeats	43	11	0.9908	NA	0	8.1999	NA	NF000095
GCF_014353865.1	contig_105	4696	No terminal repeats	6	11	0.9901	NA	0	1.5758	NA	NA
GCF_014353865.1	contig_5	605	No terminal repeats	1	11	0.9899	NA	1	1.7183	MOBF	NA
GCF_014353865.1	contig_113	3995	No terminal repeats	6	11	0.9895	NA	0	2.2887	NA	NA
GCF_014353865.1	contig_92	8033	No terminal repeats	8	11	0.9893	NA	0	5.1218	NA	NA
GCF_014353865.1	contig_91	8281	No terminal repeats	9	11	0.9881	NA	0	0.5670	NA	NA
GCF_014353865.1	contig_88	9701	No terminal repeats	8	11	0.9877	NA	1	1.7183	NA	NA
GCF_014353865.1	contig_96	6342	No terminal repeats	7	11	0.9865	NA	0	0.6391	NA	NA
GCF_014353865.1	contig_82	10778	No terminal repeats	9	11	0.9858	NA	0	2.9352	NA	NA
GCF_014353865.1	contig_94	7315	No terminal repeats	9	11	0.9841	NA	0	1.7056	NA	NA
GCF_014353865.1	contig_118	2995	No terminal repeats	3	11	0.9840	NA	0	0.5910	NA	NA
GCF_014353865.1	contig_103	5065	No terminal repeats	4	11	0.9838	NA	2	3.8754	I_traV;F_traG;F_traH	NA
GCF_014353865.1	contig_75	61643	No terminal repeats	54	11	0.9835	NA	0	7.7425	NA	NA
GCF_014353865.1	contig_83	10525	No terminal repeats	9	11	0.9790	NA	0	0.5563	NA	NA
GCF_014353865.1	contig_145	1411	No terminal repeats	3	11	0.9762	NA	1	1.0574	NA	NA
GCF_014353865.1	contig_90	8987	No terminal repeats	10	11	0.9749	NA	0	2.4926	NA	NA
GCF_014353865.1	contig_116	3559	No terminal repeats	4	11	0.9734	NA	0	0.3312	NA	NA
GCF_014353865.1	contig_115	3610	No terminal repeats	5	11	0.9730	NA	0	1.4537	NA	NA
GCF_014353865.1	contig_107	4578	No terminal repeats	7	11	0.9605	NA	3	4.5111	F_traU;F_traW	NA
GCF_014353865.1	contig_121	2891	No terminal repeats	3	11	0.9533	NA	0	1.3400	NA	NA
GCF_014353865.1	contig_114	4013	No terminal repeats	3	11	0.9508	NA	0	0.7945	NA	NA
GCF_014353865.1	contig_122	2850	No terminal repeats	3	11	0.9365	NA	0	1.9341	NA	NA
GCF_014353865.1	contig_18	411	No terminal repeats	1	11	0.9347	NA	1	1.2708	F_traN	NA
GCF_014353865.1	contig_109	4370	No terminal repeats	5	11	0.9287	NA	0	1.1481	NA	NA
GCF_014353865.1	contig_100	5690	No terminal repeats	5	11	0.8300	NA	0	0.8425	NA	NF033105
GCF_014353865.1	contig_112	3949	No terminal repeats	4	11	0.8076	NA	0	0.8026	NA	NA
GCF_014353865.1	contig_123	2605	No terminal repeats	2	11	0.7598	NA	0	0.2584	NA	NA
GCF_014353865.1	contig_97	6262	No terminal repeats	6	11	0.7353	NA	0	0.3664	NA	NA
GCF_014353895.1	contig_36	142769	No terminal repeats	135	11	0.9945	NA	2	28.7160	NA	NF000493;NF000025
GCF_014353895.1	contig_47	78264	No terminal repeats	81	11	0.9934	NA	0	13.0680	NA	NF033135
GCF_014353895.1	contig_3	176503	DTR	153	11	0.9934	NA	2	36.9871	NA	NF033105
GCF_014353895.1	contig_35	144300	No terminal repeats	139	11	0.9932	NA	0	22.0044	NA	NF000496;NF033145;NF000496
GCF_014353895.1	contig_37	125949	No terminal repeats	124	11	0.9925	NA	2	11.3298	NA	NF000272
GCF_014353895.1	contig_1	84296	DTR	96	11	0.9924	NA	18	54.8258	G_tfc19;G_tfc18;G_tfc22;G_tfc23;G_tfc24;G_tfc17;virb4;G_tfc15;G_tfc14;G_tfc13;G_tfc12;G_tfc11;G_tfc10;G_tfc9;G_tfc8;G_tfc7;t4cp1;G_tfc5;T_virB1;G_tfc3;G_tfc2;MOBH	NA
GCF_014353895.1	contig_46	84038	No terminal repeats	82	11	0.9923	NA	0	9.2277	NA	NF033135
GCF_014353895.1	contig_56	35754	No terminal repeats	32	11	0.9920	NA	0	5.5429	NA	NF033135
GCF_014353895.1	contig_58	32568	No terminal repeats	31	11	0.9890	NA	0	4.7728	NA	NF000095
GCF_014353895.1	contig_66	6844	No terminal repeats	7	11	0.9619	NA	0	1.8367	NA	NA
GCF_014353895.1	contig_68	4697	No terminal repeats	6	11	0.8811	NA	0	0.4881	NA	NA
GCF_014353935.1	contig_57	113980	No terminal repeats	115	11	0.9944	NA	2	26.4506	NA	NF000025;NF000493
GCF_014353935.1	contig_146	48380	No terminal repeats	43	11	0.9937	NA	0	11.2008	NA	NF000095;NF033135
GCF_014353935.1	contig_135	52882	No terminal repeats	55	11	0.9935	NA	0	10.4151	NA	NF012174;NF033145
GCF_014353935.1	contig_203	237204	No terminal repeats	230	11	0.9933	NA	0	32.7790	NA	NF033135;NF033145
GCF_014353935.1	contig_157	10835	No terminal repeats	12	11	0.9932	NA	0	7.2711	NA	NA
GCF_014353935.1	contig_113	77322	No terminal repeats	73	11	0.9932	NA	0	13.6719	NA	NA
GCF_014353935.1	contig_165	5931	No terminal repeats	8	11	0.9931	NA	0	2.3025	NA	NA
GCF_014353935.1	contig_169	5153	No terminal repeats	5	11	0.9914	NA	0	0.5889	NA	NA
GCF_014353935.1	contig_167	5368	No terminal repeats	6	11	0.9907	NA	0	3.4779	NA	NA
GCF_014353935.1	contig_156	11170	No terminal repeats	11	11	0.9882	NA	0	5.4486	NA	NA
GCF_014353935.1	contig_161	6950	No terminal repeats	3	11	0.9871	NA	1	2.0149	NA	NA
GCF_014353935.1	contig_155	19489	No terminal repeats	20	11	0.9869	NA	0	0.9720	NA	NA
GCF_014353935.1	contig_174	3904	No terminal repeats	6	11	0.9865	NA	0	1.3546	NA	NA
GCF_014353935.1	contig_163	6382	No terminal repeats	7	11	0.9865	NA	0	0.6391	NA	NA
GCF_014353935.1	contig_166	5741	No terminal repeats	6	11	0.9846	NA	0	0.7272	NA	NA
GCF_014353935.1	contig_124	61311	No terminal repeats	54	11	0.9841	NA	0	7.7425	NA	NA
GCF_014353935.1	contig_164	6196	No terminal repeats	7	11	0.9836	NA	0	0.1152	NA	NA
GCF_014353935.1	contig_226	728	No terminal repeats	1	11	0.9757	NA	1	1.6649	NA	NA
GCF_014353935.1	contig_178	2920	No terminal repeats	4	11	0.9661	NA	0	1.7515	NA	NA
GCF_014353935.1	contig_168	5262	No terminal repeats	5	11	0.9552	NA	0	1.1702	NA	NA
GCF_014353935.1	contig_162	6644	No terminal repeats	5	11	0.9519	NA	0	0.8425	NA	NF033105
GCF_014353935.1	contig_182	2667	No terminal repeats	5	11	0.9478	NA	0	0.5705	NA	NA
GCF_014353935.1	contig_172	4113	No terminal repeats	5	11	0.8861	NA	0	1.0463	NA	NA
GCF_014353935.1	contig_158	7234	No terminal repeats	5	11	0.8535	NA	0	0.7649	NA	NA
GCF_014353935.1	contig_171	4586	No terminal repeats	5	11	0.7984	NA	0	1.1117	NA	NA
GCF_014353935.1	contig_179	2881	DTR	1	11	0.7843	NA	0	1.7019	NA	NA
GCF_014353935.1	contig_177	2896	No terminal repeats	3	11	0.7499	NA	0	0.4433	NA	NA
GCF_014353945.1	contig_23	2521	No terminal repeats	6	11	0.9950	NA	0	5.5396	NA	NA
GCF_014353945.1	contig_6	211495	DTR	205	11	0.9943	NA	22	86.4285	F_traL;F_traE;F_traK;F_traB;F_traV;virb4;F_traW;F_traU;F_traN;F_traF;F_traH;F_traG;MOBF;t4cp1;G_tfc7	NF033135
GCF_014353945.1	contig_8	183261	No terminal repeats	161	11	0.9937	NA	1	32.7292	NA	NF033105;NF012174
GCF_014353945.1	contig_13	74513	No terminal repeats	77	11	0.9937	NA	18	47.8186	MOBH;G_tfc2;G_tfc3;T_virB1;G_tfc5;t4cp1;G_tfc7;G_tfc8;G_tfc9;G_tfc10;G_tfc11;G_tfc12;G_tfc13;G_tfc14;G_tfc15;virb4;G_tfc17;G_tfc24;G_tfc23;G_tfc22;G_tfc18;G_tfc19	NA
GCF_014353945.1	contig_3	227851	No terminal repeats	220	11	0.9934	NA	0	33.5769	NA	NF033135;NF033145;NF033135;NF000095
GCF_014353945.1	contig_46	298065	No terminal repeats	292	11	0.9933	NA	2	54.1123	NA	NF012174;NF033145;NF000493;NF000025
GCF_014353945.1	contig_18	23113	No terminal repeats	21	11	0.9928	NA	1	5.9936	NA	NA
GCF_014353945.1	contig_1	35597	DTR	46	11	0.9926	NA	9	21.0350	T_virB11;MOBC;T_virB2;virb4;T_virB6;T_virB8;T_virB9	NA
GCF_014353945.1	contig_20	4525	DTR	8	11	0.9921	NA	1	2.2083	NA	NA
GCF_014353945.1	contig_22	3776	No terminal repeats	5	11	0.9903	NA	0	1.7183	NA	NA
GCF_014353955.1	contig_10	92799	No terminal repeats	81	11	0.9940	NA	2	26.5400	NA	NF033105
GCF_014353955.1	contig_12	535823	No terminal repeats	516	11	0.9939	NA	2	93.6161	NA	NF000095;NF033135;NF033145;NF033135;NF000025;NF000493;NF033145;NF012174
GCF_014353955.1	contig_14	46725	No terminal repeats	37	11	0.9938	NA	0	8.7911	NA	NA
GCF_014353955.1	contig_11	90786	No terminal repeats	82	11	0.9930	NA	20	46.9152	MOBF;I_traV;F_traG;F_traH;F_traF;F_traN;F_traU;F_traW;virb4;F_traV;F_traK;F_traE;F_traL	NA
GCF_014353955.1	contig_18	24408	No terminal repeats	26	11	0.9891	NA	0	1.3279	NA	NA
GCF_014353955.1	contig_20	13614	No terminal repeats	13	11	0.9890	NA	2	3.9063	NA	NA
GCF_014353955.1	contig_21	9258	No terminal repeats	12	11	0.9889	NA	1	1.7183	NA	NA
GCF_014353955.1	contig_13	61379	No terminal repeats	54	11	0.9849	NA	0	7.7425	NA	NA
GCF_014353995.1	contig_28	20066	No terminal repeats	15	11	0.9954	NA	1	7.5037	NA	NA
GCF_014353995.1	contig_45	6059	No terminal repeats	8	11	0.9954	NA	5	8.8033	F_traL;F_traE;F_traK	NA
GCF_014353995.1	contig_32	12967	No terminal repeats	16	11	0.9941	NA	1	8.0337	NA	NA
GCF_014353995.1	contig_31	13378	No terminal repeats	10	11	0.9941	NA	0	2.4257	NA	NA
GCF_014353995.1	contig_22	534271	DTR	516	11	0.9938	NA	2	95.3344	NA	NF000025;NF000493;NF033145;NF012174;NF000095;NF033135;NF033145;NF033135
GCF_014353995.1	contig_55	3159	No terminal repeats	7	11	0.9932	NA	0	1.7266	NA	NA
GCF_014353995.1	contig_21	39531	No terminal repeats	31	11	0.9932	NA	7	16.4635	F_traF;F_traH;F_traG;I_traV;MOBF	NA
GCF_014353995.1	contig_53	3308	No terminal repeats	7	11	0.9928	NA	0	2.3026	NA	NA
GCF_014353995.1	contig_36	10533	No terminal repeats	11	11	0.9928	NA	8	10.9100	F_traV;virb4;F_traW;F_traU;F_traN;F_traF	NA
GCF_014353995.1	contig_23	33952	No terminal repeats	31	11	0.9922	NA	1	11.1777	NA	NA
GCF_014353995.1	contig_47	5074	No terminal repeats	8	11	0.9919	NA	1	1.7183	NA	NA
GCF_014353995.1	contig_41	8138	No terminal repeats	5	11	0.9906	NA	0	2.9352	NA	NA
GCF_014353995.1	contig_34	13046	No terminal repeats	12	11	0.9897	NA	2	3.3153	NA	NA
GCF_014353995.1	contig_40	8555	No terminal repeats	8	11	0.9882	NA	0	5.4486	NA	NA
GCF_014353995.1	contig_37	9973	No terminal repeats	8	11	0.9881	NA	0	2.9912	NA	NA
GCF_014353995.1	contig_39	8934	No terminal repeats	9	11	0.9872	NA	0	0.5670	NA	NA
GCF_014353995.1	contig_42	7571	No terminal repeats	9	11	0.9865	NA	0	2.2887	NA	NA
GCF_014353995.1	contig_29	19489	No terminal repeats	20	11	0.9865	NA	0	0.9720	NA	NA
GCF_014353995.1	contig_20	61489	DTR	54	11	0.9841	NA	0	7.7425	NA	NA
GCF_014353995.1	contig_27	21248	No terminal repeats	24	11	0.9815	NA	0	0.3524	NA	NA
GCF_014353995.1	contig_38	8934	No terminal repeats	4	11	0.9776	NA	0	1.9454	NA	NA
GCF_014353995.1	contig_51	4048	No terminal repeats	5	11	0.9412	NA	0	0.8531	NA	NA
GCF_014353995.1	contig_30	17479	No terminal repeats	13	11	0.9366	NA	0	1.5752	NA	NF033105
GCF_014353995.1	contig_43	6514	No terminal repeats	5	11	0.9095	NA	0	1.9101	NA	NA
GCF_014353995.1	contig_46	5449	No terminal repeats	5	11	0.8981	NA	0	0.8323	NA	NA
GCF_014354005.1	contig_40	15781	No terminal repeats	18	11	0.9941	NA	1	7.5618	NA	NA
GCF_014354005.1	contig_35	534214	No terminal repeats	515	11	0.9939	NA	2	95.3344	NA	NF033135;NF000095;NF012174;NF033145;NF000493;NF000025;NF033135;NF033145
GCF_014354005.1	contig_44	10930	No terminal repeats	9	11	0.9932	NA	0	1.9882	NA	NA
GCF_014354005.1	contig_37	26553	No terminal repeats	24	11	0.9929	NA	0	4.6185	NA	NA
GCF_014354005.1	contig_39	15957	No terminal repeats	15	11	0.9914	NA	0	7.0274	NA	NA
GCF_014354005.1	contig_45	8239	No terminal repeats	5	11	0.9903	NA	1	2.0149	NA	NA
GCF_014354005.1	contig_50	4438	No terminal repeats	7	11	0.9889	NA	0	2.2887	NA	NA
GCF_014354005.1	contig_43	11504	No terminal repeats	9	11	0.9887	NA	0	3.4779	NA	NA
GCF_014354005.1	contig_38	21048	No terminal repeats	24	11	0.9858	NA	0	0.3524	NA	NA
GCF_014354005.1	contig_33	61379	No terminal repeats	54	11	0.9849	NA	0	7.7425	NA	NA
GCF_014354005.1	contig_51	4216	No terminal repeats	4	11	0.9767	NA	0	0.9755	NA	NA
GCF_014354005.1	contig_41	12916	No terminal repeats	11	11	0.9736	NA	0	2.7511	NA	NA
GCF_014354005.1	contig_55	2617	No terminal repeats	3	11	0.9567	NA	0	0.8762	NA	NA
GCF_014354005.1	contig_52	3851	No terminal repeats	3	11	0.9464	NA	0	0.7945	NA	NA
GCF_014354005.1	contig_48	6328	No terminal repeats	6	11	0.8769	NA	0	0.8323	NA	NA
GCF_014354005.1	contig_53	2893	No terminal repeats	3	11	0.8305	NA	0	1.0283	NA	NA
GCF_014354005.1	contig_49	6021	No terminal repeats	5	11	0.7865	NA	0	0.4058	NA	NA
GCF_014354035.1	contig_25	132946	No terminal repeats	112	11	0.9946	NA	2	33.3007	NA	NF033105
GCF_014354035.1	contig_157	211484	DTR	204	11	0.9943	NA	22	86.4285	G_tfc7;t4cp1;MOBF;F_traG;F_traH;F_traF;F_traN;F_traU;F_traW;virb4;F_traV;F_traB;F_traK;F_traE;F_traL	NF033135
GCF_014354035.1	contig_179	210253	No terminal repeats	208	11	0.9939	NA	2	48.5690	NA	NF000025;NF000493;NF033145;NF012174
GCF_014354035.1	contig_122	19026	No terminal repeats	22	11	0.9929	NA	0	6.4150	NA	NA
GCF_014354035.1	contig_91	79401	No terminal repeats	67	11	0.9929	NA	0	11.1629	NA	NF000095;NF033135
GCF_014354035.1	contig_116	60372	No terminal repeats	66	11	0.9923	NA	0	9.2181	NA	NF033135
GCF_014354035.1	contig_113	66130	No terminal repeats	65	11	0.9923	NA	0	10.8403	NA	NF033145
GCF_014354035.1	contig_1	76845	DTR	86	11	0.9913	NA	18	47.3958	MOBH;G_tfc19;G_tfc18;G_tfc22;G_tfc23;G_tfc24;G_tfc17;virb4;G_tfc15;G_tfc14;G_tfc13;G_tfc12;G_tfc11;G_tfc10;G_tfc9;G_tfc8;G_tfc7;t4cp1;G_tfc5;T_virB1;G_tfc3;G_tfc2	NA
GCF_014354035.1	contig_80	87820	No terminal repeats	85	11	0.9899	NA	0	5.5433	NA	NA
GCF_014354035.1	contig_121	21532	No terminal repeats	24	11	0.9836	NA	0	2.3212	NA	NA
GCF_014354045.1	contig_36	36063	No terminal repeats	30	11	0.9946	NA	1	14.1686	NA	NA
GCF_014354045.1	contig_39	31770	No terminal repeats	30	11	0.9942	NA	0	8.5650	NA	NA
GCF_014354045.1	contig_2	210859	No terminal repeats	204	11	0.9942	NA	2	49.7993	NA	NF033105;NF012174;NF033145;NF000025
GCF_014354045.1	contig_24	182983	No terminal repeats	171	11	0.9941	NA	12	59.1324	t4cp1;G_tfc7;F_traU;F_traN;F_traF;F_traH;F_traG;MOBF	NF033135
GCF_014354045.1	contig_43	15739	No terminal repeats	16	11	0.9939	NA	1	4.5792	NA	NA
GCF_014354045.1	contig_66	294488	No terminal repeats	283	11	0.9934	NA	0	39.1571	NA	NF000095;NF033135;NF033145;NF000496;NF033135
GCF_014354045.1	contig_33	76408	No terminal repeats	69	11	0.9930	NA	1	7.9346	NA	NF000272
GCF_014354045.1	contig_52	4248	No terminal repeats	6	11	0.9909	NA	0	2.5769	NA	NA
GCF_014354045.1	contig_38	32245	No terminal repeats	31	11	0.9902	NA	0	5.3303	NA	NA
GCF_014354045.1	contig_54	3022	No terminal repeats	6	11	0.9834	NA	0	0.9468	NA	NA
GCF_014354045.1	contig_44	11831	No terminal repeats	10	11	0.9761	NA	0	1.9930	NA	NA
GCF_014354045.1	contig_46	10782	No terminal repeats	9	11	0.9657	NA	0	1.8987	NA	NA
GCF_014354045.1	contig_49	5411	No terminal repeats	5	11	0.9510	NA	0	0.8425	NA	NF033105
GCF_014354045.1	contig_47	5623	No terminal repeats	6	11	0.8708	NA	0	0.3827	NA	NA
GCF_014354045.1	contig_50	5020	No terminal repeats	4	11	0.8412	NA	0	0.7649	NA	NA
GCF_014354045.1	contig_57	2871	DTR	1	11	0.8398	NA	0	1.7019	NA	NA
GCF_014354055.1	contig_63	7576	No terminal repeats	8	11	0.9950	NA	2	5.2228	NA	NA
GCF_014354055.1	contig_43	97072	No terminal repeats	98	11	0.9948	NA	21	63.7385	F_traL;F_traE;F_traK;F_traB;F_traV;virb4;F_traW;F_traU;F_traN;F_traF;F_traH;F_traG;MOBF	NF000138
GCF_014354055.1	contig_49	44533	No terminal repeats	40	11	0.9943	NA	1	12.7845	NA	NA
GCF_014354055.1	contig_48	48845	No terminal repeats	38	11	0.9943	NA	1	12.5452	NA	NF033105
GCF_014354055.1	contig_52	35308	No terminal repeats	44	11	0.9939	NA	0	12.5109	NA	NA
GCF_014354055.1	contig_45	521758	No terminal repeats	501	11	0.9933	NA	1	83.0880	NA	NF033135;NF000025;NF000493;NF033145;NF012174;NF000095;NF033135;NF033145
GCF_014354055.1	contig_57	18135	ITR	22	11	0.9925	NA	0	7.7498	NA	NA
GCF_014354055.1	contig_53	31687	No terminal repeats	32	11	0.9874	NA	0	5.2542	NA	NA
GCF_014354055.1	contig_51	37813	No terminal repeats	34	11	0.9870	NA	0	5.3215	NA	NF033134
GCF_014354055.1	contig_59	15056	No terminal repeats	12	11	0.9866	NA	0	3.8443	NA	NA
GCF_014354055.1	contig_64	5042	No terminal repeats	7	11	0.9780	NA	0	1.7284	NA	NA
GCF_014354055.1	contig_56	22090	No terminal repeats	22	11	0.9710	NA	0	2.5939	NA	NA
GCF_014354055.1	contig_67	3416	No terminal repeats	2	11	0.9645	NA	0	0.9298	NA	NA
GCF_014354055.1	contig_58	16895	No terminal repeats	14	11	0.9105	NA	0	1.7573	NA	NA
GCF_014354065.1	contig_1	74674	DTR	82	11	0.9944	NA	18	55.0838	G_tfc19;G_tfc18;G_tfc22;G_tfc23;G_tfc24;G_tfc17;virb4;G_tfc15;G_tfc14;G_tfc13;G_tfc12;G_tfc11;G_tfc10;G_tfc9;G_tfc8;G_tfc7;t4cp1;G_tfc5;T_virB1;G_tfc3;G_tfc2;MOBH	NF000402;NF000052;NF012171
GCF_014354065.1	contig_101	179585	No terminal repeats	184	11	0.9940	NA	2	38.4619	NA	NF000025;NF000493;NF033145;NF012174
GCF_014354065.1	contig_79	237775	No terminal repeats	221	11	0.9934	NA	0	40.9865	NA	NF000095;NF033135;NF033145
GCF_014354065.1	contig_25	140796	No terminal repeats	138	11	0.9934	NA	1	10.8462	NA	NF000272
GCF_014354065.1	contig_42	115957	No terminal repeats	126	11	0.9933	NA	0	15.7360	NA	NF033135
GCF_014354065.1	contig_56	53216	No terminal repeats	44	11	0.9932	NA	0	10.9344	NA	NF033105
GCF_014354065.1	contig_53	67044	No terminal repeats	70	11	0.9924	NA	0	5.7113	NA	NA
GCF_014354065.1	contig_62	21930	No terminal repeats	22	11	0.9902	NA	0	5.0137	NA	NA
GCF_014354065.1	contig_49	90517	No terminal repeats	86	11	0.9865	NA	0	5.5517	NA	NF033135
GCF_014354065.1	contig_63	7274	No terminal repeats	7	11	0.9405	NA	0	0.4180	NA	NA
GCF_014354065.1	contig_64	5175	No terminal repeats	7	11	0.9313	NA	0	1.1117	NA	NA
GCF_014354065.1	contig_66	4080	No terminal repeats	5	11	0.9234	NA	0	1.7316	NA	NA
GCF_014354135.1	contig_38	2529	No terminal repeats	5	11	0.9957	NA	0	5.5396	NA	NA
GCF_014354135.1	contig_30	78545	No terminal repeats	85	11	0.9947	NA	19	57.7891	MOBF;F_traG;F_traH;F_traF;F_traN;F_traU;F_traW;virb4;F_traV;F_traB;F_traK;F_traE;F_traL	NA
GCF_014354135.1	contig_13	179060	DTR	150	11	0.9942	NA	2	37.7349	NA	NF033105
GCF_014354135.1	contig_52	412913	No terminal repeats	390	11	0.9940	NA	3	84.5373	NA	NF033135;NF000095;NF012174;NF033145;NF000493;NF000025
GCF_014354135.1	contig_28	95238	No terminal repeats	109	11	0.9938	NA	20	65.6427	G_tfc19;G_tfc18;G_tfc22;G_tfc23;G_tfc24;G_tfc17;virb4;G_tfc15;G_tfc14;G_tfc13;G_tfc12;G_tfc11;G_tfc10;G_tfc9;G_tfc8;G_tfc7;t4cp1;G_tfc5;T_virB1;G_tfc3;G_tfc2;MOBH	NA
GCF_014354135.1	contig_24	128288	No terminal repeats	130	11	0.9937	NA	0	24.6952	NA	NF033145;NF000496;NF033135
GCF_014354135.1	contig_32	46319	No terminal repeats	45	11	0.9905	NA	0	3.5959	NA	NA
GCF_014354135.1	contig_33	45249	No terminal repeats	48	11	0.9871	NA	0	6.6087	NA	NA
GCF_014354135.1	contig_29	81590	No terminal repeats	64	11	0.9538	NA	0	1.6861	NA	NA
GCF_014354135.1	contig_36	14546	No terminal repeats	10	11	0.9399	NA	0	0.4256	NA	NF033135
GCF_014354145.1	contig_53	11204	No terminal repeats	9	11	0.9954	NA	1	5.6879	NA	NA
GCF_014354145.1	contig_44	74795	No terminal repeats	84	11	0.9945	NA	19	56.1508	t4cp1;G_tfc7;G_tfc8;G_tfc9;G_tfc10;G_tfc11;G_tfc12;G_tfc13;G_tfc14;G_tfc15;virb4;G_tfc17;G_tfc24;G_tfc23;G_tfc22;G_tfc18;G_tfc19;MOBH;G_tfc2;G_tfc3;T_virB1;G_tfc5;t4cp1	NF000402;NF012171;NF000052
GCF_014354145.1	contig_59	474971	No terminal repeats	474	11	0.9937	NA	2	80.8598	NA	NF012174;NF033145;NF000493;NF000025;NF033135;NF033145;NF033135;NF000095
GCF_014354145.1	contig_68	4421	No terminal repeats	5	11	0.9932	NA	0	1.7769	NA	NA
GCF_014354145.1	contig_64	5809	No terminal repeats	7	11	0.9930	NA	0	2.2778	NA	NA
GCF_014354145.1	contig_45	58301	No terminal repeats	56	11	0.9929	NA	0	14.3247	NA	NA
GCF_014354145.1	contig_57	9450	No terminal repeats	8	11	0.9927	NA	0	4.0763	NA	NA
GCF_014354145.1	contig_52	12029	No terminal repeats	10	11	0.9924	NA	0	1.4336	NA	NA
GCF_014354145.1	contig_62	7734	No terminal repeats	6	11	0.9912	NA	0	0.8473	NA	NA
GCF_014354145.1	contig_58	9413	No terminal repeats	7	11	0.9912	NA	0	3.6135	NA	NA
GCF_014354145.1	contig_67	4681	No terminal repeats	6	11	0.9903	NA	0	4.9986	NA	NA
GCF_014354145.1	contig_66	4954	No terminal repeats	5	11	0.9898	NA	0	2.2887	NA	NA
GCF_014354145.1	contig_70	4315	No terminal repeats	5	11	0.9895	NA	0	1.6257	NA	NA
GCF_014354145.1	contig_50	19309	No terminal repeats	25	11	0.9863	NA	0	1.1252	NA	NA
GCF_014354145.1	contig_54	10732	No terminal repeats	6	11	0.9856	NA	0	1.9454	NA	NA
GCF_014354145.1	contig_55	10190	No terminal repeats	12	11	0.9856	NA	1	4.3226	NA	NA
GCF_014354145.1	contig_46	52635	No terminal repeats	52	11	0.9783	NA	0	3.0042	NA	NF012174;NF033085;NF012174
GCF_014354145.1	contig_51	15008	No terminal repeats	14	11	0.9765	NA	0	0.6007	NA	NA
GCF_014354145.1	contig_56	9672	No terminal repeats	10	11	0.9720	NA	0	2.4926	NA	NA
GCF_014354145.1	contig_63	7625	No terminal repeats	7	11	0.9449	NA	0	1.0199	NA	NA
GCF_014354145.1	contig_65	5033	No terminal repeats	6	11	0.9429	NA	0	0.4367	NA	NF033105
GCF_014354145.1	contig_72	3849	No terminal repeats	5	11	0.9403	NA	0	0.8531	NA	NA
GCF_014354145.1	contig_71	4414	No terminal repeats	4	11	0.9283	NA	0	1.0283	NA	NA
GCF_014354145.1	contig_75	2885	No terminal repeats	3	11	0.9181	NA	0	0.6667	NA	NA
GCF_014354145.1	contig_60	9035	No terminal repeats	8	11	0.9042	NA	0	0.1417	NA	NA
GCF_014354155.1	contig_4	90225	No terminal repeats	82	11	0.9945	NA	2	27.3874	NA	NA
GCF_014354155.1	contig_8	3526	DTR	5	11	0.9944	NA	0	2.6674	NA	NA
GCF_014354155.1	contig_5	84744	No terminal repeats	70	11	0.9936	NA	0	13.0649	NA	NF033105
GCF_014354165.1	contig_2	115765	No terminal repeats	130	11	0.9948	NA	22	83.4178	MOBF;F_traG;F_traH;F_traF;F_traN;F_traU;F_traW;virb4;F_traV;F_traB;F_traK;F_traE;F_traL	NF000138
GCF_014354165.1	contig_128	172055	No terminal repeats	143	11	0.9943	NA	2	37.6783	NA	NF033105
GCF_014354165.1	contig_51	620738	No terminal repeats	616	11	0.9938	NA	1	46.2487	NA	NF012174;NF033145;NF012174;NF000095;NF033135;NF033145;NF033135;NF000025;NF000493
GCF_014354235.1	contig_19	13805	No terminal repeats	11	11	0.9954	NA	1	6.4374	NA	NA
GCF_014354235.1	contig_9	87014	DTR	89	11	0.9946	NA	15	47.7571	F_traF;F_traN;F_traU;F_traW;F_traU;MOBF;F_traG;F_traH;F_traF	NA
GCF_014354235.1	contig_7	113656	No terminal repeats	120	11	0.9939	NA	1	31.5180	NA	NF000493;NF033145;NF012174
GCF_014354235.1	contig_45	235673	No terminal repeats	236	11	0.9936	NA	1	35.6568	NA	NF000025;NF033135;NF033145
GCF_014354235.1	contig_3	174700	No terminal repeats	158	11	0.9936	NA	0	28.0278	NA	NF000095;NF033135
GCF_014354235.1	contig_18	15236	No terminal repeats	15	11	0.9935	NA	1	4.2060	NA	NA
GCF_014354235.1	contig_20	10917	No terminal repeats	12	11	0.9926	NA	0	4.2478	NA	NA
GCF_014354235.1	contig_22	8255	No terminal repeats	6	11	0.9919	NA	0	3.6135	NA	NA
GCF_014354235.1	contig_14	42825	No terminal repeats	42	11	0.9918	NA	0	1.0844	NA	NA
GCF_014354235.1	contig_13	45631	No terminal repeats	44	11	0.9901	NA	0	6.3271	NA	NA
GCF_014354235.1	contig_25	5836	No terminal repeats	8	11	0.9881	NA	0	4.7666	NA	NA
GCF_014354235.1	contig_21	9382	No terminal repeats	10	11	0.9872	NA	0	3.6264	NA	NA
GCF_014354235.1	contig_27	4485	No terminal repeats	4	11	0.9841	NA	0	0.8729	NA	NA
GCF_014354235.1	contig_29	3710	No terminal repeats	4	11	0.9744	NA	0	0.9755	NA	NA
GCF_014354235.1	contig_24	7715	No terminal repeats	9	11	0.9698	NA	0	2.0494	NA	NA
GCF_014354235.1	contig_31	2598	No terminal repeats	4	11	0.9567	NA	0	0.5705	NA	NA
GCF_014354235.1	contig_17	21478	No terminal repeats	20	11	0.9391	NA	0	0.9997	NA	NF033105
GCF_014354235.1	contig_28	4434	No terminal repeats	4	11	0.9082	NA	0	0.8762	NA	NA
GCF_014838815.1	contig_14	38160	No terminal repeats	38	11	0.9955	NA	24	38.2924	F_traL;F_traE;F_traK;F_traV;virb4;F_traW;F_traU;F_trbC;F_traN;F_traF;F_traH;F_traG;MOBF	NA
GCF_014838815.1	contig_16	21134	No terminal repeats	24	11	0.9947	NA	1	9.1554	NA	NA
GCF_014838815.1	contig_9	177153	No terminal repeats	147	11	0.9940	NA	2	32.5168	NA	NF033105
GCF_014838815.1	contig_4	562885	No terminal repeats	571	11	0.9930	NA	2	23.2056	NA	NF012174;NF033145;NF000493;NF000025;NF033135;NF033145;NF033135;NF000095
GCF_014838815.1	contig_28	3156	ITR	6	11	0.9917	NA	0	3.1488	NA	NA
GCF_014838815.1	contig_19	13111	No terminal repeats	14	11	0.9896	NA	0	0.9510	NA	NA
GCF_014838815.1	contig_17	20799	No terminal repeats	18	11	0.9884	NA	2	7.1563	NA	NA
GCF_014838815.1	contig_20	8701	No terminal repeats	9	11	0.9842	NA	0	2.5730	NA	NA
GCF_014838815.1	contig_23	5968	No terminal repeats	7	11	0.9796	NA	0	2.0930	NA	NA
GCF_014838815.1	contig_21	8659	No terminal repeats	9	11	0.9680	NA	0	1.1324	NA	NA
GCF_014838815.1	contig_24	5836	No terminal repeats	8	11	0.9392	NA	0	1.6291	NA	NA
GCF_014838815.1	contig_27	3203	No terminal repeats	5	11	0.8955	NA	0	1.1794	NA	NA
GCF_014838905.1	contig_9	185134	DTR	165	11	0.9940	NA	2	41.6784	NA	NF033105
GCF_014838905.1	contig_22	81894	No terminal repeats	81	11	0.9938	NA	0	16.0275	NA	NA
GCF_014838905.1	contig_4	266151	No terminal repeats	275	11	0.9936	NA	1	56.1791	NA	NF012174;NF033145;NF000493;NF000025
GCF_014838905.1	contig_11	177722	No terminal repeats	168	11	0.9933	NA	0	29.5866	NA	NF033135;NF033145;NF033135;NF000095
GCF_014838905.1	contig_25	56687	No terminal repeats	56	11	0.9882	NA	0	4.3597	NA	NA
GCF_014838905.1	contig_36	7250	ITR	5	11	0.9823	NA	0	2.6688	NA	NA
GCF_014838905.1	contig_38	4283	No terminal repeats	5	11	0.9641	NA	0	1.6290	NA	NA
GCF_014838975.1	contig_18	38158	No terminal repeats	38	11	0.9959	NA	24	38.2924	MOBF;F_traG;F_traH;F_traF;F_traN;F_trbC;F_traU;F_traW;virb4;F_traV;F_traK;F_traE;F_traL	NA
GCF_014838975.1	contig_15	95233	No terminal repeats	78	11	0.9942	NA	1	23.5880	NA	NF033105
GCF_014838975.1	contig_21	22028	No terminal repeats	25	11	0.9942	NA	1	10.1949	NA	NA
GCF_014838975.1	contig_2	550003	No terminal repeats	525	11	0.9939	NA	2	103.6893	NA	NF033135;NF000095;NF012174;NF033145;NF000493;NF000025;NF033135;NF000496;NF033145
GCF_014838975.1	contig_20	26069	No terminal repeats	24	11	0.9920	NA	1	7.7933	NA	NA
GCF_014838975.1	contig_35	3155	No terminal repeats	6	11	0.9919	NA	0	3.1488	NA	NA
GCF_014838975.1	contig_11	162553	No terminal repeats	147	11	0.9909	NA	4	6.1300	G_tfc14;G_tfc15;virb4;G_tfc17;G_tfc24;G_tfc23;G_tfc22;G_tfc18;G_tfc19	NF033135
GCF_014838975.1	contig_26	8834	No terminal repeats	10	11	0.9849	NA	0	2.5730	NA	NA
GCF_014838975.1	contig_30	5967	No terminal repeats	7	11	0.9807	NA	0	2.0930	NA	NA
GCF_014838975.1	contig_31	4700	No terminal repeats	5	11	0.9498	NA	0	1.1324	NA	NA
GCF_014838975.1	contig_24	14355	DTR	12	11	0.9231	NA	0	1.5581	NA	NA
GCF_014838975.1	contig_34	3206	No terminal repeats	5	11	0.9162	NA	0	1.1794	NA	NA
GCF_014839015.1	contig_11	183224	DTR	163	11	0.9940	NA	2	38.2654	NA	NF033105
GCF_014839015.1	contig_10	185806	No terminal repeats	190	11	0.9940	NA	1	42.2410	NA	NF000025;NF000493;NF033145;NF012174
GCF_014839015.1	contig_5	261159	No terminal repeats	245	11	0.9935	NA	0	42.6842	NA	NF033135;NF033145;NF033135;NF000095
GCF_014839015.1	contig_21	46626	ITR	39	11	0.9934	NA	2	9.3387	NA	NA
GCF_014839015.1	contig_18	81014	No terminal repeats	91	11	0.9934	NA	2	18.4343	NA	NF000091
GCF_014839015.1	contig_20	65509	No terminal repeats	66	11	0.9911	NA	0	7.0846	NA	NA
GCF_014839015.1	contig_29	3168	No terminal repeats	5	11	0.9895	NA	0	1.3461	NA	NA
GCF_014839015.1	contig_31	2937	DTR	3	11	0.9880	NA	0	1.1886	NA	NA
GCF_014839015.1	contig_27	6948	ITR	5	11	0.9831	NA	0	2.6688	NA	NA
GCF_014839085.2	contig_4	77797	No terminal repeats	83	11	0.9949	NA	22	59.2352	F_traH;F_traG;MOBF;F_traL;F_traE;F_traK;F_traB;F_traV;virb4;F_traW;F_traU;F_traN;F_traF	NA
GCF_014839085.2	contig_3	170121	No terminal repeats	154	11	0.9938	NA	2	41.6639	NA	NF033105
GCF_014839085.2	contig_2	468115	No terminal repeats	449	11	0.9935	NA	2	90.5185	NA	NF000025;NF033145;NF033135;NF033145
GCF_014839115.1	contig_5	288099	ITR	306	11	0.9943	NA	2	4.9342	NA	NF000496;NF033135;NF000025;NF000493;NF033156;NF012174
GCF_014839115.1	contig_8	171927	No terminal repeats	149	11	0.9942	NA	2	35.6073	NA	NF033105
GCF_014839115.1	contig_4	326917	No terminal repeats	308	11	0.9926	NA	0	54.0354	NA	NF033145;NF033135;NF033135;NF000095;NF012174;NF033145
GCF_014839125.1	contig_2	555509	No terminal repeats	525	11	0.9938	NA	2	98.0339	NA	NF000493;NF000025;NF033135;NF033145;NF033135;NF000095;NF012174;NF033145
GCF_014839125.1	contig_6	181766	No terminal repeats	160	11	0.9936	NA	2	36.0331	NA	NF033105
GCF_014839175.1	contig_18	38048	No terminal repeats	38	11	0.9955	NA	24	38.2924	F_traL;F_traE;F_traK;F_traV;virb4;F_traW;F_traU;F_trbC;F_traN;F_traF;F_traH;F_traG;MOBF	NA
GCF_014839175.1	contig_14	99472	No terminal repeats	79	11	0.9941	NA	1	21.4680	NA	NF033105
GCF_014839175.1	contig_15	79351	No terminal repeats	69	11	0.9941	NA	1	12.0720	NA	NA
GCF_014839175.1	contig_25	18864	No terminal repeats	22	11	0.9941	NA	1	9.1554	NA	NA
GCF_014839175.1	contig_26	13410	No terminal repeats	15	11	0.9938	NA	0	4.2943	NA	NA
GCF_014839175.1	contig_24	23208	No terminal repeats	34	11	0.9936	NA	10	28.5861	virb4;T_virB2;MOBC;T_virB9;T_virB8;T_virB6;virb4	NA
GCF_014839175.1	contig_1	570672	No terminal repeats	576	11	0.9931	NA	2	25.3196	NA	NF033135;NF033145;NF033135;NF000095;NF012174;NF033145;NF000493;NF000025
GCF_014839175.1	contig_22	28992	No terminal repeats	27	11	0.9913	NA	5	10.9915	MOBF	NA
GCF_014839175.1	contig_40	3124	ITR	5	11	0.9895	NA	0	1.5006	NA	NA
GCF_014839175.1	contig_28	9286	No terminal repeats	12	11	0.9868	NA	1	0.8345	NA	NA
GCF_014839175.1	contig_33	5485	No terminal repeats	5	11	0.9866	NA	0	1.7168	NA	NA
GCF_014839175.1	contig_41	2537	No terminal repeats	4	11	0.9810	NA	0	1.3759	NA	NA
GCF_014839175.1	contig_19	35291	ITR	45	11	0.9789	NA	0	7.5400	I_traY	NA
GCF_014839175.1	contig_38	3208	No terminal repeats	4	11	0.9777	NA	0	1.3759	NA	NA
GCF_014839175.1	contig_32	5608	No terminal repeats	6	11	0.9719	NA	0	0.8817	NA	NA
GCF_014839175.1	contig_35	4839	No terminal repeats	4	11	0.9708	NA	0	1.1972	NA	NA
GCF_014839175.1	contig_39	3174	No terminal repeats	5	11	0.9290	NA	0	1.1794	NA	NA
GCF_014839175.1	contig_30	6589	DTR	8	11	0.9177	NA	0	1.0272	NA	NA
GCF_014839205.2	contig_5	108107	No terminal repeats	113	11	0.9942	NA	22	69.6911	G_tfc2;I_traI;I_traK;I_traL;I_traN;I_traO;I_traP;I_traQ;I_traR;traU;I_traW;I_traY;I_trbA;I_trbB;MOBP1	NA
GCF_014839205.2	contig_3	185071	No terminal repeats	165	11	0.9938	NA	2	41.6784	NA	NF033105
GCF_014839205.2	contig_4	141561	No terminal repeats	139	11	0.9936	NA	5	35.8173	MOBF;I_traV	NF000091
GCF_014839205.2	contig_2	503954	No terminal repeats	501	11	0.9933	NA	1	93.6022	NA	NF012174;NF033145;NF000493;NF000025;NF033135;NF033145;NF033135;NF000095
GCF_014839265.1	contig_26	36240	No terminal repeats	38	11	0.9954	NA	24	38.2924	F_traL;F_traE;F_traK;F_traV;virb4;F_traW;F_traU;F_trbC;F_traN;F_traF;F_traH;F_traG;MOBF	NA
GCF_014839265.1	contig_30	22052	No terminal repeats	25	11	0.9947	NA	1	10.1949	NA	NA
GCF_014839265.1	contig_20	96746	No terminal repeats	79	11	0.9945	NA	1	24.3096	NA	NF033105
GCF_014839265.1	contig_22	81093	No terminal repeats	70	11	0.9940	NA	1	9.8554	NA	NA
GCF_014839265.1	contig_14	174895	No terminal repeats	173	11	0.9939	NA	2	35.5980	NA	NF033145;NF000493;NF000025
GCF_014839265.1	contig_29	24187	No terminal repeats	30	11	0.9937	NA	0	6.7102	NA	NA
GCF_014839265.1	contig_11	186076	No terminal repeats	186	11	0.9936	NA	0	33.4381	NA	NF033135;NF000496;NF033145
GCF_014839265.1	contig_13	176167	No terminal repeats	155	11	0.9934	NA	0	31.3636	NA	NF033135;NF000095;NF012174
GCF_014839265.1	contig_25	49338	No terminal repeats	49	11	0.9928	NA	21	36.2570	MOBF;I_traV;F_traG;F_traH;F_traF;F_traN;F_traU;F_traW;virb4;F_traV;F_traK;F_traE;F_traL	NA
GCF_014839265.1	contig_24	67778	No terminal repeats	62	11	0.9922	NA	4	14.2919	G_tfc19;G_tfc18;G_tfc22;G_tfc23;G_tfc24;G_tfc17;virb4;G_tfc15;G_tfc14	NF033135
GCF_014839265.1	contig_46	3180	ITR	6	11	0.9918	NA	0	3.1488	NA	NA
GCF_014839265.1	contig_33	13140	No terminal repeats	14	11	0.9895	NA	0	0.9510	NA	NA
GCF_014839265.1	contig_35	9341	No terminal repeats	12	11	0.9865	NA	1	0.8345	NA	NA
GCF_014839265.1	contig_44	3264	No terminal repeats	5	11	0.9751	NA	0	1.3759	NA	NA
GCF_014839265.1	contig_41	5665	No terminal repeats	6	11	0.9710	NA	0	0.8817	NA	NA
GCF_014839265.1	contig_42	4839	No terminal repeats	4	11	0.9708	NA	0	1.1972	NA	NA
GCF_014839265.1	contig_40	6347	No terminal repeats	8	11	0.9651	NA	0	1.1324	NA	NA
GCF_014839265.1	contig_45	3229	No terminal repeats	5	11	0.9332	NA	0	1.1794	NA	NA
GCF_014839265.1	contig_32	14367	DTR	12	11	0.9279	NA	0	1.5581	NA	NA
GCF_014839315.1	contig_18	108202	No terminal repeats	112	11	0.9943	NA	22	69.6911	MOBP1;I_trbB;I_trbA;I_traY;I_traW;traU;I_traR;I_traQ;I_traP;I_traO;I_traN;I_traL;I_traK;I_traI;G_tfc2	NA
GCF_014839315.1	contig_9	185147	DTR	165	11	0.9939	NA	2	41.6784	NA	NF033105
GCF_014839315.1	contig_2	442660	No terminal repeats	441	11	0.9936	NA	1	87.3421	NA	NF000025;NF000493;NF033145;NF012174;NF000095;NF033135;NF033145;NF033135
GCF_014839315.1	contig_14	129215	No terminal repeats	129	11	0.9930	NA	5	28.2264	I_traV;MOBF	NF000091
GCF_014839315.1	contig_37	3031	No terminal repeats	5	11	0.9916	NA	0	1.9174	NA	NA
GCF_014839315.1	contig_25	45476	No terminal repeats	46	11	0.9912	NA	0	6.7379	NA	NA
GCF_014839315.1	contig_33	7327	No terminal repeats	10	11	0.9891	NA	0	1.8634	NA	NA
GCF_014839315.1	contig_34	7242	ITR	5	11	0.9822	NA	0	2.6688	NA	NA
GCF_014839325.1	contig_24	38061	No terminal repeats	37	11	0.9960	NA	24	38.2924	MOBF;F_traG;F_traH;F_traF;F_traN;F_trbC;F_traU;F_traW;virb4;F_traV;F_traK;F_traE;F_traL	NA
GCF_014839325.1	contig_16	98296	No terminal repeats	80	11	0.9946	NA	1	24.5966	NA	NF033105
GCF_014839325.1	contig_35	9992	No terminal repeats	15	11	0.9942	NA	1	9.0745	NA	NA
GCF_014839325.1	contig_1	549893	No terminal repeats	526	11	0.9939	NA	2	105.0002	NA	NF033145;NF012174;NF000095;NF033135;NF033145;NF000496;NF033135;NF000025;NF000493
GCF_014839325.1	contig_17	79993	No terminal repeats	70	11	0.9939	NA	1	12.3852	NA	NA
GCF_014839325.1	contig_20	65066	No terminal repeats	67	11	0.9935	NA	0	6.2020	NA	NA
GCF_014839325.1	contig_23	38552	No terminal repeats	37	11	0.9925	NA	19	29.4221	F_traL;F_traE;F_traK;F_traV;virb4;F_traW;F_traU;F_traN;F_traF;F_traH;F_traG;I_traV;MOBF	NA
GCF_014839325.1	contig_36	9496	No terminal repeats	12	11	0.9920	NA	0	2.9890	NA	NA
GCF_014839325.1	contig_64	3186	No terminal repeats	4	11	0.9917	NA	0	2.6821	NA	NA
GCF_014839325.1	contig_12	170421	No terminal repeats	158	11	0.9910	NA	4	9.9449	G_tfc14;G_tfc15;virb4;G_tfc17;G_tfc24;G_tfc23;G_tfc22;G_tfc18;G_tfc19	NF033135
GCF_014839325.1	contig_66	3128	No terminal repeats	3	11	0.9902	NA	1	1.7183	NA	NA
GCF_014839325.1	contig_65	3139	No terminal repeats	6	11	0.9901	NA	0	1.5006	NA	NA
GCF_014839325.1	contig_37	8991	No terminal repeats	11	11	0.9877	NA	1	0.8345	NA	NA
GCF_014839325.1	contig_58	3399	No terminal repeats	3	11	0.9871	NA	0	1.1306	NA	NA
GCF_014839325.1	contig_40	7059	No terminal repeats	8	11	0.9838	NA	0	1.7183	NA	NA
GCF_014839325.1	contig_126	421	No terminal repeats	1	11	0.9822	NA	1	1.6649	NA	NA
GCF_014839325.1	contig_62	3222	No terminal repeats	4	11	0.9779	NA	0	1.3759	NA	NA
GCF_014839325.1	contig_54	4353	No terminal repeats	6	11	0.9754	NA	1	0.8872	NA	NA
GCF_014839325.1	contig_46	5623	No terminal repeats	6	11	0.9716	NA	0	0.8817	NA	NA
GCF_014839325.1	contig_51	4839	No terminal repeats	4	11	0.9708	NA	0	1.1972	NA	NA
GCF_014839325.1	contig_44	6375	No terminal repeats	5	11	0.9701	NA	0	0.1566	NA	NA
GCF_014839325.1	contig_63	3189	No terminal repeats	5	11	0.9134	NA	0	1.1794	NA	NA
GCF_014839325.1	contig_32	13228	No terminal repeats	12	11	0.8826	NA	0	0.9562	NA	NA
GCF_014839425.1	contig_8	188117	No terminal repeats	163	11	0.9939	NA	2	34.4917	NA	NF033105
GCF_014839425.1	contig_4	549911	No terminal repeats	528	11	0.9936	NA	1	94.9004	NA	NF033145;NF000493;NF033145;NF012174;NF000095;NF033135
GCF_014839525.2	contig_4	156306	No terminal repeats	161	11	0.9942	NA	23	62.8651	MOBF;F_traG;F_traH;F_traF;F_traN;F_traU;F_traW;virb4;F_traV;F_traK;F_traE;F_traL;F_traE	NA
GCF_014839525.2	contig_3	162603	No terminal repeats	150	11	0.9939	NA	2	36.5640	NA	NF033105
GCF_014839525.2	contig_2	586810	No terminal repeats	572	11	0.9936	NA	1	103.9038	NA	NF000095;NF012174;NF033135;NF033145;NF000493;NF000025;NF033135;NF033145;NF000272;NF033085;NF033135
GCF_014839545.1	contig_7	176249	No terminal repeats	148	11	0.9943	NA	2	38.1432	NA	NF033105
GCF_014839545.1	contig_3	494606	DTR	478	11	0.9934	NA	1	82.9269	NA	NF000025;NF000493;NF033145;NF012174;NF033105;NF000095;NF033135;NF033145;NF000496;NF033135
GCF_014839545.1	contig_10	43491	No terminal repeats	43	11	0.9908	NA	0	8.3808	NA	NA
GCF_014841465.2	contig_5	116764	No terminal repeats	121	11	0.9942	NA	23	70.5884	I_traI;I_traK;I_traL;I_traN;I_traO;I_traP;I_traQ;I_traR;traU;I_traW;I_traY;I_trbA;I_trbB;MOBP1;MOBP1;G_tfc2	NA
GCF_014841465.2	contig_4	149927	No terminal repeats	174	11	0.9941	NA	25	62.7343	MOBF;F_traG;F_traH;F_traF;F_traN;F_trbC;F_traU;F_traW;virb4;F_traV;F_traK;F_traE;F_traL	NA
GCF_014841465.2	contig_3	183359	No terminal repeats	152	11	0.9938	NA	2	32.6608	NA	NF033105
GCF_014841465.2	contig_2	534486	No terminal repeats	520	11	0.9938	NA	2	91.1661	NA	NF000025;NF033135;NF033145;NF033135;NF012174;NF033145
GCF_014841465.2	contig_7	46097	No terminal repeats	73	11	0.9931	NA	21	60.5533	T_virB2;T_virB3;virb4;virb4;T_virB6;T_virB8;T_virB9;MOBC;T_virB2;virb4;T_virB6;T_virB8;T_virB9;MOBC;MOBC	NA
GCF_014841465.2	contig_6	102602	No terminal repeats	107	11	0.9930	NA	22	46.2751	F_traN;F_traF;F_traH;F_traG;I_traV;MOBF;F_traL;F_traE;F_traK;F_traV;virb4;F_traW;F_traU	NA
GCF_014842695.2	contig_3	180109	No terminal repeats	144	11	0.9941	NA	2	34.5325	NA	NF033105
GCF_014842695.2	contig_2	526898	No terminal repeats	504	11	0.9937	NA	2	90.9030	NA	NF000095;NF033135;NF033145;NF000496;NF033135;NF000025;NF000493;NF033145;NF012174
GCF_014842695.2	contig_4	85827	No terminal repeats	98	11	0.9933	NA	19	59.9785	MOBH;G_tfc2;G_tfc3;T_virB1;G_tfc5;t4cp1;G_tfc7;G_tfc8;G_tfc9;G_tfc10;G_tfc11;G_tfc12;G_tfc13;G_tfc14;G_tfc15;virb4;G_tfc17;G_tfc24;G_tfc23;G_tfc22;G_tfc18;G_tfc19	NF000402;NF000402
GCF_014842695.2	contig_5	38088	No terminal repeats	37	11	0.9915	NA	3	9.2942	MOBP1	NA
GCF_015025115.1	contig_72	9069	No terminal repeats	12	11	0.9943	NA	1	10.3125	MOBH	NA
GCF_015025115.1	contig_288	27908	No terminal repeats	33	11	0.9938	NA	15	25.0202	G_tfc17;virb4;G_tfc15;G_tfc14;G_tfc13;G_tfc12;G_tfc11;G_tfc10;G_tfc9;G_tfc8;G_tfc7;t4cp1;G_tfc5;T_virB1;G_tfc3;G_tfc2	NA
GCF_015025115.1	contig_159	3939	No terminal repeats	1	11	0.9935	NA	0	1.7183	NA	NA
GCF_015025115.1	contig_42	10820	No terminal repeats	9	11	0.9933	NA	0	3.4759	NA	NA
GCF_015025115.1	contig_5	14881	No terminal repeats	12	11	0.9933	NA	0	6.6156	NA	NA
GCF_015025115.1	contig_111	6008	No terminal repeats	9	11	0.9931	NA	0	2.4474	NA	NA
GCF_015025115.1	contig_90	42807	No terminal repeats	42	11	0.9930	NA	0	9.5055	NA	NF033145
GCF_015025115.1	contig_124	40094	No terminal repeats	32	11	0.9929	NA	0	7.8649	NA	NA
GCF_015025115.1	contig_148	4405	No terminal repeats	5	11	0.9928	NA	0	2.0032	NA	NA
GCF_015025115.1	contig_39	11346	No terminal repeats	14	11	0.9927	NA	1	3.2557	NA	NA
GCF_015025115.1	contig_44	10626	No terminal repeats	15	11	0.9925	NA	0	5.9612	NA	NA
GCF_015025115.1	contig_306	22855	No terminal repeats	21	11	0.9925	NA	0	5.4161	NA	NA
GCF_015025115.1	contig_303	23442	No terminal repeats	22	11	0.9923	NA	0	5.7114	NA	NA
GCF_015025115.1	contig_125	5522	No terminal repeats	6	11	0.9922	NA	2	8.0246	G_tfc24;G_tfc23;G_tfc22;G_tfc18;G_tfc19	NA
GCF_015025115.1	contig_322	19164	No terminal repeats	15	11	0.9919	NA	0	2.3508	NA	NA
GCF_015025115.1	contig_96	6698	No terminal repeats	6	11	0.9911	NA	0	4.8989	NA	NA
GCF_015025115.1	contig_212	34232	No terminal repeats	29	11	0.9908	NA	0	4.6516	NA	NF033105
GCF_015025115.1	contig_282	30248	No terminal repeats	29	11	0.9902	NA	0	1.9494	NA	NF033115
GCF_015025115.1	contig_302	23471	No terminal repeats	21	11	0.9902	NA	0	3.2960	NA	NA
GCF_015025115.1	contig_19	13614	No terminal repeats	13	11	0.9901	NA	0	4.9768	NA	NA
GCF_015025115.1	contig_297	25009	No terminal repeats	24	11	0.9881	NA	0	4.0279	NA	NA
GCF_015025115.1	contig_176	3000	No terminal repeats	2	11	0.9880	NA	0	2.0381	NA	NA
GCF_015025115.1	contig_21	13404	No terminal repeats	9	11	0.9877	NA	0	1.3822	NA	NA
GCF_015025115.1	contig_26	12811	No terminal repeats	12	11	0.9860	NA	0	2.3604	NA	NA
GCF_015025115.1	contig_56	9833	No terminal repeats	10	11	0.9858	NA	0	2.8540	NA	NA
GCF_015025115.1	contig_157	35825	No terminal repeats	37	11	0.9845	NA	0	4.7441	NA	NF033135;NF033145
GCF_015025115.1	contig_48	10413	No terminal repeats	9	11	0.9842	NA	0	2.9129	NA	NA
GCF_015025115.1	contig_29	12568	No terminal repeats	13	11	0.9840	NA	0	3.7405	NA	NA
GCF_015025115.1	contig_279	30416	No terminal repeats	24	11	0.9838	NA	0	4.6749	NA	NF000272
GCF_015025115.1	contig_147	4542	No terminal repeats	7	11	0.9836	NA	0	1.7546	NA	NA
GCF_015025115.1	contig_312	21957	No terminal repeats	21	11	0.9831	NA	0	3.8139	NA	NA
GCF_015025115.1	contig_92	6916	No terminal repeats	10	11	0.9826	NA	0	0.4386	NA	NA
GCF_015025115.1	contig_192	2464	No terminal repeats	1	11	0.9817	NA	1	0.5528	NA	NA
GCF_015025115.1	contig_339	15438	No terminal repeats	16	11	0.9812	NA	0	3.1684	NA	NA
GCF_015025115.1	contig_17	13811	No terminal repeats	18	11	0.9811	NA	0	2.6320	NA	NA
GCF_015025115.1	contig_7	14759	No terminal repeats	14	11	0.9809	NA	0	2.3512	NA	NF033085;NF012174
GCF_015025115.1	contig_287	28158	No terminal repeats	26	11	0.9808	NA	0	3.3535	NA	NA
GCF_015025115.1	contig_117	5883	No terminal repeats	6	11	0.9806	NA	0	2.5757	NA	NA
GCF_015025115.1	contig_138	4977	No terminal repeats	5	11	0.9800	NA	0	2.2173	NA	NA
GCF_015025115.1	contig_97	6691	No terminal repeats	9	11	0.9780	NA	0	2.3959	NA	NA
GCF_015025115.1	contig_300	24056	No terminal repeats	26	11	0.9769	NA	0	3.2865	NA	NA
GCF_015025115.1	contig_45	10552	No terminal repeats	7	11	0.9762	NA	0	1.4465	NA	NF000272
GCF_015025115.1	contig_228	1408	No terminal repeats	2	11	0.9751	NA	1	2.7608	NA	NA
GCF_015025115.1	contig_98	6544	No terminal repeats	6	11	0.9743	NA	0	1.1972	NA	NA
GCF_015025115.1	contig_319	20127	No terminal repeats	18	11	0.9729	NA	0	3.6490	NA	NA
GCF_015025115.1	contig_61	9692	No terminal repeats	11	11	0.9727	NA	0	1.6368	NA	NF033135
GCF_015025115.1	contig_305	22943	No terminal repeats	25	11	0.9725	NA	0	2.1287	NA	NA
GCF_015025115.1	contig_327	17269	No terminal repeats	18	11	0.9708	NA	0	1.6065	NA	NA
GCF_015025115.1	contig_88	7378	No terminal repeats	9	11	0.9707	NA	0	1.8731	NA	NA
GCF_015025115.1	contig_85	7715	No terminal repeats	7	11	0.9703	NA	0	2.2920	NA	NA
GCF_015025115.1	contig_224	33810	No terminal repeats	31	11	0.9651	NA	0	1.9142	NA	NA
GCF_015025115.1	contig_337	16012	No terminal repeats	17	11	0.9613	NA	0	2.2983	NA	NA
GCF_015025115.1	contig_49	10275	No terminal repeats	12	11	0.9553	NA	0	0.8575	NA	NA
GCF_015025115.1	contig_272	30972	No terminal repeats	36	11	0.9547	NA	0	3.8358	NA	NA
GCF_015025115.1	contig_107	6179	No terminal repeats	5	11	0.9539	NA	0	1.9428	NA	NA
GCF_015025115.1	contig_163	3841	No terminal repeats	5	11	0.9516	NA	0	0.4717	NA	NA
GCF_015025115.1	contig_51	10098	No terminal repeats	9	11	0.9497	NA	0	0.8847	NA	NA
GCF_015025115.1	contig_164	3763	No terminal repeats	3	11	0.9468	NA	0	1.2334	NA	NA
GCF_015025115.1	contig_27	12757	No terminal repeats	11	11	0.9466	NA	0	1.1558	NA	NA
GCF_015025115.1	contig_314	21895	No terminal repeats	20	11	0.9427	NA	0	3.2761	NA	NF000095
GCF_015025115.1	contig_126	5518	No terminal repeats	3	11	0.9379	NA	0	1.4545	NA	NA
GCF_015025115.1	contig_11	14254	No terminal repeats	16	11	0.9356	NA	0	1.5205	NA	NA
GCF_015025115.1	contig_82	7921	No terminal repeats	6	11	0.9332	NA	0	1.9101	NA	NA
GCF_015025115.1	contig_129	5423	No terminal repeats	6	11	0.9252	NA	0	0.8377	NA	NA
GCF_015025115.1	contig_118	5689	No terminal repeats	6	11	0.9183	NA	0	0.8543	NA	NA
GCF_015025115.1	contig_128	5496	No terminal repeats	4	11	0.9173	NA	0	0.7441	NA	NF033134
GCF_015025115.1	contig_321	19418	No terminal repeats	21	11	0.9150	NA	0	1.2231	NA	NF033135
GCF_015025115.1	contig_73	9019	No terminal repeats	6	11	0.9148	NA	0	0.4794	NA	NA
GCF_015025115.1	contig_36	11861	No terminal repeats	9	11	0.9140	NA	0	3.9428	NA	NA
GCF_015025115.1	contig_8	14332	No terminal repeats	10	11	0.9122	NA	0	0.8286	NA	NA
GCF_015025115.1	contig_134	5106	No terminal repeats	6	11	0.9074	NA	0	0.8628	NA	NA
GCF_015025115.1	contig_177	2980	No terminal repeats	3	11	0.9005	NA	0	1.0749	NA	NA
GCF_015025115.1	contig_100	6456	No terminal repeats	4	11	0.8945	NA	0	0.3186	NA	NA
GCF_015025115.1	contig_127	5504	No terminal repeats	4	11	0.8884	NA	0	0.2522	NA	NA
GCF_015025115.1	contig_116	5898	No terminal repeats	3	11	0.8852	NA	0	1.1640	NA	NA
GCF_015025115.1	contig_136	5095	No terminal repeats	3	11	0.8752	NA	1	2.0149	NA	NA
GCF_015025115.1	contig_103	6404	No terminal repeats	5	11	0.8719	NA	0	1.4332	NA	NF012174
GCF_015025115.1	contig_22	13373	No terminal repeats	14	11	0.8678	NA	0	1.0081	NA	NA
GCF_015025115.1	contig_187	2653	No terminal repeats	2	11	0.8668	NA	0	1.1117	NA	NA
GCF_015025115.1	contig_87	7516	No terminal repeats	7	11	0.8662	NA	0	0.6025	NA	NF012174
GCF_015025115.1	contig_311	21973	No terminal repeats	21	11	0.8661	NA	0	0.2392	NA	NA
GCF_015025115.1	contig_298	24891	No terminal repeats	20	11	0.8646	NA	1	1.7200	NA	NA
GCF_015025115.1	contig_156	4050	No terminal repeats	5	11	0.8643	NA	0	0.4174	NA	NA
GCF_015025115.1	contig_161	3910	No terminal repeats	3	11	0.8642	NA	0	0.2584	NA	NA
GCF_015025115.1	contig_122	5539	No terminal repeats	6	11	0.8631	NA	0	0.9373	NA	NA
GCF_015025115.1	contig_181	2951	No terminal repeats	3	11	0.8574	NA	0	0.7945	NA	NA
GCF_015025115.1	contig_80	8042	No terminal repeats	9	11	0.8571	NA	0	0.5180	NA	NA
GCF_015025115.1	contig_151	4233	No terminal repeats	2	11	0.8539	NA	0	0.3623	NA	NA
GCF_015025115.1	contig_47	10418	No terminal repeats	8	11	0.8438	NA	0	0.2862	NA	NA
GCF_015025115.1	contig_67	9296	No terminal repeats	5	11	0.8391	NA	0	0.1007	NA	NA
GCF_015025115.1	contig_12	14086	No terminal repeats	6	11	0.8372	NA	0	0.3821	NA	NF000091
GCF_015025115.1	contig_172	3204	No terminal repeats	4	11	0.8366	NA	0	0.5667	NA	NA
GCF_015025115.1	contig_324	18480	No terminal repeats	14	11	0.8340	NA	0	1.9128	NA	NA
GCF_015025115.1	contig_4	14928	No terminal repeats	14	11	0.8334	NA	0	0.1461	NA	NA
GCF_015025115.1	contig_184	2815	No terminal repeats	3	11	0.8287	NA	0	0.5316	NA	NA
GCF_015025115.1	contig_55	9911	No terminal repeats	6	11	0.8253	NA	0	1.7985	NA	NA
GCF_015025115.1	contig_140	4704	No terminal repeats	4	11	0.8186	NA	0	0.1486	NA	NA
GCF_015025115.1	contig_41	10908	No terminal repeats	8	11	0.8182	NA	0	0.7827	NA	NA
GCF_015025115.1	contig_105	6206	No terminal repeats	6	11	0.8176	NA	0	0.4019	NA	NA
GCF_015025115.1	contig_78	8210	No terminal repeats	7	11	0.8037	NA	0	0.1127	NA	NA
GCF_015025115.1	contig_150	4244	No terminal repeats	4	11	0.8017	NA	0	0.4771	NA	NF033135
GCF_015025115.1	contig_99	6544	No terminal repeats	5	11	0.7982	NA	0	0.3254	NA	NA
GCF_015025115.1	contig_145	4578	No terminal repeats	5	11	0.7663	NA	0	0.3887	NA	NA
GCF_015025115.1	contig_130	5226	No terminal repeats	4	11	0.7589	NA	0	0.4714	NA	NA
GCF_015025115.1	contig_81	8001	No terminal repeats	7	11	0.7506	NA	0	0.2135	NA	NA
GCF_015025115.1	contig_143	4628	No terminal repeats	7	11	0.7445	NA	0	0.3431	NA	NA
GCF_015711555.1	contig_2	490744	No terminal repeats	469	11	0.9932	NA	1	88.9618	NA	NF033145;NF012174;NF000402;NF000402;NF000095;NF033135;NF000272;NF033145;NF033135;NF000493
GCF_015711555.1	contig_13	106857	No terminal repeats	98	11	0.9763	NA	0	2.9917	NA	NF033135
GCF_016925765.1	contig_3	190243	No terminal repeats	182	11	0.9937	NA	2	48.1054	NA	NF033105
GCF_016925765.1	contig_4	134036	No terminal repeats	168	11	0.9934	NA	22	71.3098	F_traL;F_traE;F_traK;F_traK;F_traB;F_traV;virb4;F_traW;F_traU;F_traF;F_traH;F_traG;MOBF	NF000138;NF000402
GCF_016925765.1	contig_5	542610	No terminal repeats	605	11	0.9931	NA	2	92.6971	NA	NF033085;NF033105;NF033105;NF012174;NF033145;NF000493;NF000025;NF033135;NF033145;NF033135;NF000095
GCF_016925765.1	contig_2	11711	No terminal repeats	16	11	0.9926	NA	0	1.6223	NA	NA
GCF_016925765.1	contig_6	98374	No terminal repeats	123	11	0.9922	NA	20	50.4295	F_traG;F_traH;F_traF;F_traN;F_traU;F_traW;virb4;F_traV;F_traK;F_traE;F_traL	NA
GCF_017315165.1	contig_568	65645	No terminal repeats	58	11	0.9944	NA	1	17.3781	NA	NF033105
GCF_017315165.1	contig_441	139447	No terminal repeats	136	11	0.9937	NA	0	24.5161	NA	NF033135;NF033145
GCF_017315165.1	contig_1060	219299	No terminal repeats	212	11	0.9937	NA	2	32.9653	NA	NF000493;NF033145;NF012174
GCF_017315165.1	contig_492	101573	No terminal repeats	94	11	0.9932	NA	0	18.6833	NA	NF000095
GCF_017315165.1	contig_698	29893	No terminal repeats	26	11	0.9900	NA	0	5.7975	NA	NF012174;NF033085;NF012174
GCF_017315165.1	contig_666	33558	No terminal repeats	41	11	0.9885	NA	0	3.6826	NA	NA
GCF_017315165.1	contig_514	83509	No terminal repeats	78	11	0.9856	NA	0	4.7841	NA	NF000272;NF033135
GCF_017315165.1	contig_612	42749	No terminal repeats	33	11	0.9762	NA	0	0.1559	NA	NF033135
GCF_017315165.1	contig_579	61145	No terminal repeats	53	11	0.9493	NA	0	4.9811	NA	NA
GCF_017315165.1	contig_776	5245	No terminal repeats	5	11	0.9397	NA	0	0.2590	NA	NA
GCF_017315165.1	contig_743	11597	No terminal repeats	8	11	0.8981	NA	0	0.4058	NA	NA
GCF_017315165.1	contig_787	5035	No terminal repeats	6	11	0.8418	NA	0	0.5327	NA	NA
GCF_017348995.1	contig_14	57397	No terminal repeats	57	11	0.9948	NA	4	29.7660	NA	NA
GCF_017348995.1	contig_6	92224	No terminal repeats	84	11	0.9942	NA	1	18.9485	NA	NA
GCF_017348995.1	contig_22	530473	No terminal repeats	522	11	0.9941	NA	2	43.5103	NA	NF000496;NF033135;NF000025;NF000493;NF012174;NF033134;NF033145;NF012174;NF000095;NF033135
GCF_017348995.1	contig_10	62139	No terminal repeats	52	11	0.9940	NA	0	12.0745	NA	NF033105
GCF_017348995.1	contig_21	21332	No terminal repeats	15	11	0.9940	NA	1	5.6421	NA	NA
GCF_017348995.1	contig_16	53048	No terminal repeats	49	11	0.9929	NA	0	14.7462	NA	NA
GCF_017348995.1	contig_8	86826	No terminal repeats	82	11	0.9918	NA	0	17.3212	NA	NF033145
GCF_017348995.1	contig_17	41863	No terminal repeats	40	11	0.9906	NA	0	7.7985	NA	NA
GCF_017348995.1	contig_20	23106	No terminal repeats	22	11	0.9894	NA	0	3.2820	NA	NA
GCF_017348995.1	contig_13	58874	No terminal repeats	51	11	0.9868	NA	1	1.3863	NA	NF000025;NF033156
GCF_017348995.1	contig_23	14014	No terminal repeats	13	11	0.9846	NA	0	2.2289	NA	NA
GCF_017348995.1	contig_24	6655	No terminal repeats	7	11	0.9570	NA	0	0.7545	NA	NA
GCF_017474165.1	contig_4	98719	No terminal repeats	115	11	0.9945	NA	19	67.9225	F_traL;F_traE;F_traK;F_traB;F_traV;virb4;F_traW;F_traU;F_traN;F_traF;F_traH;F_traG;MOBF	NF000402
GCF_017474165.1	contig_5	90466	No terminal repeats	96	11	0.9940	NA	3	23.7474	NA	NA
GCF_017474165.1	contig_3	160336	No terminal repeats	140	11	0.9939	NA	2	37.9009	NA	NF033105
GCF_017474165.1	contig_2	557771	No terminal repeats	534	11	0.9936	NA	1	88.6516	NA	NF000025;NF000493;NF033087;NF033145;NF033135;NF000272;NF033145;NF033135
GCF_019048385.1	contig_2	180597	No terminal repeats	157	11	0.9943	NA	2	39.6228	NA	NF033105
GCF_019048385.1	contig_3	511735	No terminal repeats	490	11	0.9938	NA	2	96.3311	NA	NF000493;NF000025;NF033135;NF033145;NF033135;NF000095;NF012174;NF033145
GCF_019880205.1	contig_3	160986	No terminal repeats	136	11	0.9941	NA	2	37.1944	NA	NF033105
GCF_019880205.1	contig_6	89114	No terminal repeats	104	11	0.9937	NA	5	12.1563	NA	NA
GCF_019880205.1	contig_5	137838	No terminal repeats	119	11	0.9936	NA	0	22.1175	NA	NF033135;NF033145
GCF_019880205.1	contig_2	235469	No terminal repeats	234	11	0.9931	NA	1	41.0298	NA	NF033087;NF000025;NF000272
GCF_019880205.1	contig_4	143561	No terminal repeats	138	11	0.9930	NA	0	21.2564	NA	NF033135;NF033145
GCF_019969965.1	contig_51	137285	No terminal repeats	115	11	0.9939	NA	2	28.7923	NA	NA
GCF_019969965.1	contig_44	534060	DTR	521	11	0.9938	NA	2	93.9656	NA	NF033135;NF033145;NF033135;NF000095;NF033145;NF000493;NF000025
GCF_019969965.1	contig_3	50128	No terminal repeats	42	11	0.9926	NA	0	10.5317	NA	NF033105
GCF_019969965.1	contig_2	71470	DTR	82	11	0.9918	NA	18	45.8979	MOBH;G_tfc2;G_tfc3;T_virB1;G_tfc5;t4cp1;G_tfc7;G_tfc8;G_tfc9;G_tfc10;G_tfc11;G_tfc12;G_tfc13;G_tfc14;G_tfc15;virb4;G_tfc17;G_tfc24;G_tfc23;G_tfc22;G_tfc18;G_tfc19	NF033117;NF033156
GCF_019969965.1	contig_4	34156	No terminal repeats	28	11	0.9717	NA	0	0.2665	NA	NA
GCF_019969975.1	contig_38	181236	No terminal repeats	148	11	0.9941	NA	2	32.4026	NA	NF033105
GCF_019969975.1	contig_33	551595	DTR	526	11	0.9938	NA	1	93.4891	NA	NF033135;NF033145;NF033135;NF000095;NF033085;NF033105;NF012174;NF033145;NF000493;NF000025
GCF_020783495.1	contig_3	182426	No terminal repeats	147	11	0.9939	NA	2	34.9705	NA	NF033105
GCF_020783495.1	contig_2	555522	No terminal repeats	534	11	0.9938	NA	2	92.6969	NA	NF000025;NF000493;NF033145;NF012174;NF000095;NF033135;NF033145;NF033135
GCF_021559955.1	contig_2	170877	No terminal repeats	145	11	0.9944	NA	22	70.3454	F_traL;F_traE;F_traK;F_traB;F_traV;virb4;F_traW;F_traU;F_traN;F_traF;F_traH;F_traG;MOBF	NF000025;NF000493
GCF_021559955.1	contig_3	170989	No terminal repeats	151	11	0.9941	NA	2	43.3306	NA	NF033105
GCF_021559955.1	contig_4	567588	No terminal repeats	550	11	0.9936	NA	1	86.6420	NA	NF000496;NF000272;NF033145;NF033135;NF000025;NF000493;NF033145;NF012174;NF000095;NF033135
GCF_021609925.1	contig_3	179440	No terminal repeats	141	11	0.9940	NA	1	30.3963	NA	NF033105
GCF_021609925.1	contig_5	51994	No terminal repeats	47	11	0.9936	NA	1	3.6193	NA	NA
GCF_021609925.1	contig_2	621667	No terminal repeats	615	11	0.9936	NA	2	86.5488	NA	NF000025;NF000493;NF033156;NF000496;NF012174;NF033145;NF012174;NF000095;NF033135;NF033145;NF033135
GCF_021609925.1	contig_4	122140	No terminal repeats	145	11	0.9922	NA	36	87.2540	G_tfc13;G_tfc12;G_tfc11;G_tfc10;G_tfc9;G_tfc8;G_tfc7;G_tfc7;t4cp1;G_tfc5;T_virB1;G_tfc3;G_tfc2;G_tfc19;G_tfc18;G_tfc22;G_tfc23;G_tfc24;G_tfc17;virb4;G_tfc15;G_tfc14;G_tfc13;G_tfc12;G_tfc11;G_tfc10;G_tfc9;G_tfc8;G_tfc7;t4cp1;G_tfc5;T_virB1;G_tfc3;G_tfc2;G_tfc19;G_tfc18;G_tfc22;G_tfc23;G_tfc24;G_tfc17;G_tfc15;G_tfc14;G_tfc13;G_tfc12	NA
GCF_022585235.1	contig_14	117841	DTR	131	11	0.9943	NA	3	35.9756	NA	NF000402
GCF_022585235.1	contig_10	173153	DTR	156	11	0.9938	NA	2	38.4014	NA	NF033105
GCF_022585235.1	contig_3	555299	DTR	531	11	0.9935	NA	1	91.0014	NA	NF000025;NF000493;NF033145;NF012174;NF000095;NF033135;NF000095;NF000272;NF033135;NF033145;NF000165;NF033135
GCF_022585235.1	contig_21	51047	No terminal repeats	62	11	0.9921	NA	18	26.3759	F_traL;F_traE;F_traK;F_traB;F_traV;virb4;F_traW;F_traU;F_trbC;F_traN;F_traF;F_traH;F_traG;MOBF	NA
GCF_022585235.1	contig_32	2627	DTR	4	11	0.9706	NA	0	0.6910	NA	NA
GCF_022966105.1	contig_3	206494	No terminal repeats	169	11	0.9940	NA	3	45.2317	NA	NF033105
GCF_022966105.1	contig_2	554101	No terminal repeats	534	11	0.9938	NA	1	85.4388	NA	NF033135;NF033145;NF000496;NF033135;NF000095;NF012174;NF033145;NF000493;NF000025
GCF_023508185.1	contig_61	3255	No terminal repeats	6	11	0.9945	NA	1	4.5835	NA	NA
GCF_023508185.1	contig_318	199874	No terminal repeats	175	11	0.9941	NA	2	36.5276	NA	NF012174;NF033105
GCF_023508185.1	contig_205	554669	DTR	532	11	0.9937	NA	2	95.1326	NA	NF000095;NF033135;NF033135;NF033145;NF000496;NF033135;NF000025;NF033145;NF012174
GCF_023508185.1	contig_37	642	No terminal repeats	1	11	0.9675	NA	1	1.3415	NA	NA
GCF_023508185.1	contig_82	2984	No terminal repeats	4	11	0.9660	NA	0	1.3353	NA	NA
GCF_023508185.1	contig_149	553	No terminal repeats	2	11	0.9578	NA	1	1.6129	NA	NA
GCF_023614195.1	contig_8	177186	DTR	147	11	0.9940	NA	2	34.3358	NA	NF033105
GCF_023614195.1	contig_2	587221	DTR	575	11	0.9939	NA	2	64.3440	NA	NF000025;NF000493;NF033156;NF033145;NF012174;NF000095;NF033135;NF033145
GCF_023676805.1	contig_3	172554	No terminal repeats	110	11	0.9935	NA	2	28.4560	NA	NF033105
GCF_023676805.1	contig_2	583238	No terminal repeats	421	11	0.9935	NA	1	72.0543	NA	NF033145;NF033135;NF012174;NF033145;NF000493;NF000025
GCF_024520845.1	contig_21	179543	No terminal repeats	147	11	0.9942	NA	2	38.0961	NA	NF033105
GCF_024520845.1	contig_74	656868	No terminal repeats	641	11	0.9935	NA	3	116.9952	NA	NF033135;NF000095;NF033105;NF012174;NF033145;NF000493;NF000025;NF000025;NF033135;NF033145
GCF_024520875.1	contig_3	172568	No terminal repeats	148	11	0.9945	NA	2	39.4698	NA	NF033105
GCF_024520875.1	contig_11	656868	No terminal repeats	641	11	0.9935	NA	3	116.9952	NA	NF033135;NF000095;NF033105;NF012174;NF033145;NF000493;NF000025;NF000025;NF033135;NF033145
GCF_024520875.1	contig_18	2840	DTR	1	11	0.8268	NA	0	1.7019	NA	NA
GCF_024520895.1	contig_1	172946	No terminal repeats	150	11	0.9943	NA	2	35.5968	NA	NF033105
GCF_024520895.1	contig_33	542841	No terminal repeats	531	11	0.9936	NA	2	88.8346	NA	NF012174;NF033145;NF000493;NF000025;NF000025;NF033135;NF033145;NF033135;NF000095
GCF_024520895.1	contig_16	30435	No terminal repeats	27	11	0.9895	NA	0	4.3333	NA	NA
GCF_024799805.1	contig_3	180424	No terminal repeats	146	11	0.9941	NA	2	36.0477	NA	NF033105
GCF_024799805.1	contig_2	514938	No terminal repeats	498	11	0.9936	NA	2	84.9121	NA	NF000025;NF000493;NF012174;NF033145;NF012174;NF033105;NF000095;NF033135;NF033135;NF033145;NF033135
GCF_024799805.1	contig_4	113176	No terminal repeats	127	11	0.9932	NA	20	59.7821	MOBH;G_tfc2;G_tfc3;T_virB1;G_tfc5;t4cp1;G_tfc7;G_tfc8;G_tfc9;G_tfc10;G_tfc11;G_tfc12;G_tfc13;G_tfc14;G_tfc15;virb4;G_tfc17;G_tfc24;G_tfc23;G_tfc22;G_tfc18;G_tfc19	NF012174;NF000402
GCF_025642855.1	contig_31	176988	No terminal repeats	145	11	0.9939	NA	2	33.6501	NA	NF033105
GCF_025642855.1	contig_12	533715	No terminal repeats	515	11	0.9938	NA	2	94.2263	NA	NF000025;NF000493;NF033145;NF012174;NF000095;NF033135;NF033145;NF000496;NF033135
GCF_025642855.1	contig_8	72735	No terminal repeats	82	11	0.9924	NA	18	46.2870	MOBH;G_tfc2;G_tfc3;T_virB1;G_tfc5;t4cp1;G_tfc7;G_tfc8;G_tfc9;G_tfc10;G_tfc11;G_tfc12;G_tfc13;G_tfc14;G_tfc15;virb4;G_tfc17;G_tfc24;G_tfc23;G_tfc22;G_tfc18;G_tfc19	NF000402
GCF_025642855.1	contig_10	31592	No terminal repeats	30	11	0.9901	NA	0	4.3680	NA	NF033135
GCF_025642955.1	contig_9	59032	No terminal repeats	70	11	0.9949	NA	18	46.6440	MOBH;G_tfc2;G_tfc3;T_virB1;G_tfc5;t4cp1;G_tfc7;G_tfc8;G_tfc9;G_tfc10;G_tfc11;G_tfc12;G_tfc13;G_tfc14;G_tfc15;virb4;G_tfc17;G_tfc24;G_tfc23;G_tfc22;G_tfc18;G_tfc19	NA
GCF_025642955.1	contig_18	7784	No terminal repeats	11	11	0.9946	NA	0	4.8691	NA	NA
GCF_025642955.1	contig_2	185564	No terminal repeats	150	11	0.9940	NA	2	36.7011	NA	NF033105
GCF_025642955.1	contig_43	346857	No terminal repeats	326	11	0.9938	NA	1	59.3323	NA	NF033135;NF000095;NF033105;NF012174;NF033145;NF000493;NF000025
GCF_025642955.1	contig_7	110222	No terminal repeats	105	11	0.9933	NA	0	16.6830	NA	NF033145
GCF_025642955.1	contig_5	117051	No terminal repeats	119	11	0.9931	NA	3	35.1977	G_tfc23;G_tfc24	NF033156
GCF_025642955.1	contig_10	49036	No terminal repeats	52	11	0.9902	NA	0	8.1101	NA	NA
GCF_025642955.1	contig_15	31019	No terminal repeats	33	11	0.9620	NA	0	2.2620	NA	NF033135
GCF_025642955.1	contig_19	5130	No terminal repeats	7	11	0.8908	NA	0	1.0272	NA	NA
GCF_025910055.1	contig_17	133839	No terminal repeats	116	11	0.9947	NA	23	64.4631	MOBF;F_traG;F_traH;F_traF;F_traN;F_traU;F_traW;virb4;F_traV;F_traB;F_traK;F_traE;F_traL	NA
GCF_025910055.1	contig_20	173023	No terminal repeats	148	11	0.9944	NA	2	40.5638	NA	NF033105
GCF_025910055.1	contig_23	554489	No terminal repeats	541	11	0.9939	NA	2	102.3967	NA	NF033135;NF000272;NF033135;NF033145;NF000496;NF033135;NF000025;NF000493;NF033145;NF033135
GCF_025910075.1	contig_20	172337	No terminal repeats	148	11	0.9944	NA	2	36.2316	NA	NF033105
GCF_025910075.1	contig_11	67615	No terminal repeats	64	11	0.9937	NA	0	11.3056	NA	NF033135;NF000095
GCF_025910075.1	contig_13	292689	No terminal repeats	285	11	0.9936	NA	2	43.5640	NA	NF012174;NF033145;NF000493;NF000025
GCF_025910075.1	contig_9	202034	No terminal repeats	199	11	0.9934	NA	0	33.8398	NA	NF033135;NF033145
GCF_025910075.1	contig_8	72735	No terminal repeats	82	11	0.9920	NA	18	46.2870	G_tfc19;G_tfc18;G_tfc22;G_tfc23;G_tfc24;G_tfc17;virb4;G_tfc15;G_tfc14;G_tfc13;G_tfc12;G_tfc11;G_tfc10;G_tfc9;G_tfc8;G_tfc7;t4cp1;G_tfc5;T_virB1;G_tfc3;G_tfc2;MOBH	NF000402
GCF_025910075.1	contig_34	6814	No terminal repeats	6	11	0.9779	NA	0	1.5171	NA	NA
GCF_025910075.1	contig_40	5477	No terminal repeats	6	11	0.9000	NA	0	1.0272	NA	NA
GCF_026241965.1	contig_13	12282	No terminal repeats	11	11	0.9954	NA	0	7.6536	NA	NA
GCF_026241965.1	contig_10	35375	No terminal repeats	33	11	0.9944	NA	1	9.4373	NA	NA
GCF_026241965.1	contig_4	129909	No terminal repeats	102	11	0.9939	NA	1	17.7444	NA	NF033105
GCF_026241965.1	contig_12	601050	No terminal repeats	591	11	0.9936	NA	2	39.1520	NA	NF000025;NF000493;NF033156;NF012174;NF033145;NF012174;NF000095;NF033135;NF033145;NF033135
GCF_026625085.1	contig_2	555125	No terminal repeats	526	11	0.9938	NA	2	97.1351	NA	NF033135;NF033145;NF033135;NF000025;NF000493;NF033145;NF012174
GCF_026625085.1	contig_3	183838	No terminal repeats	157	11	0.9936	NA	2	34.9154	NA	NF033105
GCF_029016125.1	contig_3	171886	No terminal repeats	151	11	0.9941	NA	2	42.8144	NA	NF033105
GCF_029016125.1	contig_2	569555	No terminal repeats	548	11	0.9939	NA	1	98.3913	NA	NF000025;NF000493;NF033087;NF033145;NF012174;NF000095;NF033135;NF000272;NF033145;NF033135;NF033135
GCF_029016125.1	contig_4	162317	No terminal repeats	163	11	0.9935	NA	22	63.5064	MOBF;I_traV;F_traG;F_traH;F_traF;F_traN;F_traU;F_traW;virb4;F_traV;F_traK;F_traE;F_traL	NF012174
GCF_029623495.1	contig_24	10866	No terminal repeats	17	11	0.9960	NA	0	10.8118	NA	NA
GCF_029623495.1	contig_15	50517	No terminal repeats	41	11	0.9940	NA	1	5.7205	NA	NA
GCF_029623495.1	contig_4	150795	No terminal repeats	157	11	0.9939	NA	22	48.6090	F_traL;F_traE;F_traK;F_traB;F_traV;virb4;F_traW;F_traU;F_traN;F_traF;F_traH;F_traG;MOBF	NA
GCF_029623495.1	contig_23	459990	No terminal repeats	440	11	0.9936	NA	2	82.7362	NA	NF000095;NF033135;NF033145;NF033135;NF000025;NF000493;NF033145;NF012174
GCF_029623495.1	contig_3	168690	No terminal repeats	145	11	0.9935	NA	2	39.7231	NA	NF033105
GCF_029623495.1	contig_32	4873	No terminal repeats	8	11	0.9933	NA	1	3.9522	F_traE	NA
GCF_029623495.1	contig_30	6738	No terminal repeats	5	11	0.9931	NA	0	1.7183	NA	NA
GCF_029623495.1	contig_22	11140	No terminal repeats	13	11	0.9923	NA	0	4.6599	NA	NA
GCF_029623495.1	contig_20	13796	No terminal repeats	13	11	0.9921	NA	0	2.9319	NA	NA
GCF_029623495.1	contig_16	49026	No terminal repeats	61	11	0.9908	NA	9	36.5248	T_virB1;T_virB3;T_virB6;T_virB8;T_virB9;T_virB11;MOBP1	NA
GCF_029623495.1	contig_21	13133	No terminal repeats	15	11	0.9899	NA	0	3.1853	NA	NA
GCF_029623495.1	contig_33	3389	No terminal repeats	4	11	0.9873	NA	0	1.5006	NA	NA
GCF_029623495.1	contig_31	5272	No terminal repeats	5	11	0.9870	NA	1	2.6481	NA	NA
GCF_029623495.1	contig_29	7605	No terminal repeats	7	11	0.9829	NA	0	2.1770	NA	NA
GCF_029838845.1	contig_4	170772	No terminal repeats	150	11	0.9942	NA	2	43.7114	NA	NF033105
GCF_029838845.1	contig_22	256056	No terminal repeats	266	11	0.9937	NA	1	45.5347	NA	NF000493;NF000025;NF033145
GCF_029838845.1	contig_21	294493	No terminal repeats	265	11	0.9933	NA	0	41.8964	NA	NF000272;NF033135;NF012174;NF033145
GCF_030177195.1	contig_2	177238	No terminal repeats	144	11	0.9941	NA	2	34.8444	NA	NF033105
GCF_030177195.1	contig_4	59924	No terminal repeats	59	11	0.9941	NA	2	22.1764	NA	NF000402;NF000402
GCF_030177195.1	contig_1	536203	No terminal repeats	514	11	0.9935	NA	1	92.8969	NA	NF000025;NF000493;NF033145;NF012174;NF000095;NF033135;NF033145;NF000496;NF033135
GCF_030177195.1	contig_3	142672	No terminal repeats	113	11	0.9927	NA	4	33.9600	G_tfc19;G_tfc18;G_tfc22;G_tfc23;G_tfc24;G_tfc17;virb4	NF000025
GCF_030177195.1	contig_11	31986	No terminal repeats	32	11	0.9886	NA	0	1.4070	NA	NA
GCF_030433795.1	contig_1	178096	No terminal repeats	147	11	0.9941	NA	2	34.3139	NA	NF033105
GCF_030433795.1	contig_11	575390	DTR	567	11	0.9936	NA	2	101.4684	NA	NF000025;NF000493;NF033145;NF012174;NF033105;NF000095;NF033135;NF033145;NF033135
GCF_030433795.1	contig_21	5071	No terminal repeats	6	11	0.9434	NA	0	1.0272	NA	NA
GCF_030710645.1	contig_4	81391	No terminal repeats	89	11	0.9939	NA	19	57.5074	F_traL;F_traE;F_traK;F_traB;F_traV;virb4;F_traW;F_traU;F_traN;F_traF;F_traH;F_traG;MOBF	NA
GCF_030710645.1	contig_3	197206	No terminal repeats	180	11	0.9937	NA	2	45.1830	NA	NF033105
GCF_030710645.1	contig_2	531583	No terminal repeats	513	11	0.9937	NA	1	88.1850	NA	NF000095;NF012174;NF033145;NF033087;NF000493;NF033135;NF033145;NF033135
GCF_030710645.1	contig_5	71619	No terminal repeats	83	11	0.9932	NA	19	49.4045	G_tfc2;G_tfc3;T_virB1;G_tfc5;t4cp1;G_tfc7;G_tfc8;G_tfc9;G_tfc10;G_tfc11;G_tfc12;G_tfc13;G_tfc14;G_tfc15;virb4;G_tfc17;G_tfc24;G_tfc23;G_tfc22;G_tfc18;G_tfc19;MOBH	NA
GCF_030710645.1	contig_6	38088	No terminal repeats	37	11	0.9904	NA	3	9.2942	MOBP1	NA
GCF_030812275.1	contig_9	172766	No terminal repeats	149	11	0.9942	NA	2	35.5649	NA	NF033105
GCF_030812275.1	contig_2	541452	DTR	512	11	0.9937	NA	2	93.8258	NA	NF000493;NF033145;NF012174;NF033105;NF033085;NF000095;NF033135;NF033145;NF033135
GCF_030812275.1	contig_16	3080	DTR	2	11	0.9810	NA	0	1.1886	NA	NA
GCF_030814785.1	contig_3	518606	No terminal repeats	498	11	0.9936	NA	2	92.6091	NA	NF033135;NF000095;NF012174;NF033145;NF000493;NF000025;NF000496;NF033135;NF033145
GCF_030814785.1	contig_1	374466	No terminal repeats	280	11	0.9936	NA	21	46.6175	MOBF;F_traG;F_traH;F_traF;F_traN;F_traN;F_traU;F_traW;virb4;F_traV;F_traK;F_traE;F_traL	NF012212
GCF_030814785.1	contig_4	207210	No terminal repeats	176	11	0.9935	NA	2	37.4065	NA	NF033105;NF012174
GCF_030815435.1	contig_12	173328	No terminal repeats	146	11	0.9942	NA	2	35.3307	NA	NF033105
GCF_030815435.1	contig_9	222385	No terminal repeats	213	11	0.9936	NA	0	31.1011	NA	NF033135;NF033145;NF033135;NF000095
GCF_030815435.1	contig_13	120113	No terminal repeats	111	11	0.9935	NA	0	25.3111	NA	NF012174;NF033145
GCF_030815435.1	contig_16	4647	No terminal repeats	6	11	0.9382	NA	0	1.0272	NA	NA
GCF_030815435.1	contig_17	2561	No terminal repeats	1	11	0.8463	NA	0	1.7019	NA	NA
GCF_030815835.1	contig_1	172464	No terminal repeats	151	11	0.9942	NA	2	34.9314	NA	NF033105
GCF_030815835.1	contig_2	148343	No terminal repeats	153	11	0.9940	NA	5	51.5112	NA	NA
GCF_030815835.1	contig_4	529935	No terminal repeats	509	11	0.9935	NA	1	84.6718	NA	NF033145;NF000493;NF000025;NF033135;NF000496;NF033145;NF033135;NF000272;NF033135;NF000095
GCF_031887785.1	contig_4	163071	No terminal repeats	179	11	0.9940	NA	21	82.8631	MOBF;F_traG;F_traH;F_traF;F_traN;F_traU;F_traW;virb4;F_traV;F_traB;F_traK;F_traE;F_traL	NF000138;NF000402
GCF_031887785.1	contig_3	173084	No terminal repeats	155	11	0.9938	NA	2	38.4014	NA	NF033105
GCF_031887785.1	contig_2	555281	No terminal repeats	529	11	0.9936	NA	1	91.0014	NA	NF000025;NF000493;NF033145;NF012174;NF000095;NF033135;NF000095;NF000272;NF033135;NF033145;NF000165;NF033135
GCF_031887785.1	contig_5	2550	No terminal repeats	4	11	0.9669	NA	0	0.6910	NA	NA
GCF_031888365.1	contig_3	174239	No terminal repeats	158	11	0.9941	NA	2	39.9524	NA	NF033105
GCF_031888365.1	contig_4	121989	No terminal repeats	127	11	0.9934	NA	6	31.7463	F_traH;virb4;F_traV	NF012174
GCF_031888365.1	contig_2	574725	No terminal repeats	563	11	0.9933	NA	1	98.3652	NA	NF000025;NF000493;NF033145;NF012174;NF000095;NF033135;NF012174;NF000272;NF033145;NF033135;NF033134;NF033135
GCF_031889005.1	contig_4	181783	No terminal repeats	149	11	0.9938	NA	2	33.7796	NA	NF033105
GCF_031889005.1	contig_2	519021	No terminal repeats	498	11	0.9936	NA	1	96.4142	NA	NF000095;NF033135;NF033145;NF033135;NF000025;NF000493;NF033145;NF012174;NF033105
GCF_031889005.1	contig_3	206812	No terminal repeats	199	11	0.9933	NA	24	72.4449	MOBF;I_traV;F_traG;F_traH;F_traF;F_traN;F_trbC;F_traU;F_traW;virb4;F_traV;F_traK;F_traE;F_traL	NF000402;NF012178
GCF_031889005.1	contig_5	78454	No terminal repeats	88	11	0.9927	NA	19	48.6345	G_tfc19;G_tfc18;G_tfc22;G_tfc23;G_tfc24;G_tfc17;virb4;G_tfc15;G_tfc14;G_tfc13;G_tfc12;G_tfc11;G_tfc10;G_tfc9;G_tfc8;G_tfc7;t4cp1;G_tfc5;T_virB1;G_tfc3;G_tfc2;MOBH	NA
GCF_031889605.1	contig_2	612559	No terminal repeats	603	11	0.9937	NA	1	94.9884	NA	NF000025;NF000493;NF033156;NF033145;NF012174;NF000095;NF033135;NF033145;NF000496;NF033135
GCF_031889605.1	contig_3	205987	No terminal repeats	176	11	0.9936	NA	2	41.5629	NA	NF012174;NF033105
GCF_031889865.1	contig_4	193122	No terminal repeats	150	11	0.9938	NA	2	33.0431	NA	NF033105
GCF_031889865.1	contig_2	547579	No terminal repeats	530	11	0.9936	NA	1	88.4988	NA	NF000025;NF000493;NF033145;NF012174;NF033105;NF000095;NF033135;NF033145;NF033135
GCF_031889865.1	contig_3	207534	No terminal repeats	201	11	0.9934	NA	24	71.4799	MOBF;I_traV;F_traG;F_traH;F_traF;F_traN;F_trbC;F_traU;F_traW;virb4;F_traV;F_traK;F_traE;F_traL	NF000402;NF012178
GCF_031889865.1	contig_7	4398	No terminal repeats	9	11	0.9921	NA	1	2.2083	NA	NA
GCF_031889865.1	contig_6	89892	No terminal repeats	96	11	0.9913	NA	18	45.1728	G_tfc2;G_tfc3;T_virB1;G_tfc5;t4cp1;G_tfc7;G_tfc8;G_tfc9;G_tfc10;G_tfc11;G_tfc12;G_tfc13;G_tfc14;G_tfc15;virb4;G_tfc17;G_tfc24;G_tfc23;G_tfc22;G_tfc18;G_tfc19;MOBH	NA
GCF_031890185.1	contig_5	49692	No terminal repeats	48	11	0.9945	NA	3	20.7823	NA	NF000402;NF000402
GCF_031890185.1	contig_4	139205	No terminal repeats	141	11	0.9939	NA	6	39.1644	virb4;F_traV;F_traB	NF012174
GCF_031890185.1	contig_3	174185	No terminal repeats	159	11	0.9938	NA	2	41.0651	NA	NF033105
GCF_031890185.1	contig_2	569248	No terminal repeats	559	11	0.9935	NA	1	93.2822	NA	NF000025;NF000493;NF033145;NF012174;NF000095;NF033135;NF000095;NF000272;NF033145;NF033134
GCF_031890205.1	contig_4	85986	No terminal repeats	91	11	0.9942	NA	9	39.8076	F_traG;F_traH;F_traV;F_traB;F_traK	NA
GCF_031890205.1	contig_3	176820	No terminal repeats	147	11	0.9940	NA	2	34.1485	NA	NF033105
GCF_031890205.1	contig_2	575199	No terminal repeats	564	11	0.9938	NA	1	72.8665	NA	NF000025;NF000493;NF033156;NF012174;NF033145;NF012174;NF000095;NF033135;NF033135;NF033145;NF033135
GCF_031890505.1	contig_4	132278	No terminal repeats	141	11	0.9940	NA	7	46.5228	MOBF;F_traG;F_traH	NF000402
GCF_031890505.1	contig_3	173091	No terminal repeats	155	11	0.9938	NA	2	38.4014	NA	NF033105
GCF_031890505.1	contig_2	555257	No terminal repeats	529	11	0.9936	NA	1	91.0014	NA	NF000025;NF000493;NF033145;NF012174;NF000095;NF033135;NF000095;NF000272;NF033135;NF033145;NF000165;NF033135
GCF_031890525.1	contig_4	164260	No terminal repeats	170	11	0.9943	NA	20	84.6154	MOBF;F_traG;F_traH;F_traF;F_traN;F_traU;F_traW;virb4;F_traV;F_traB;F_traK;F_traE;F_traL	NF000138
GCF_031890525.1	contig_3	172528	No terminal repeats	154	11	0.9939	NA	2	41.2545	NA	NF033105
GCF_031890525.1	contig_2	537957	No terminal repeats	509	11	0.9936	NA	1	89.8843	NA	NF000025;NF000493;NF033145;NF012174;NF000095;NF033135;NF000272;NF033145;NF033135
GCF_031891025.1	contig_5	46519	No terminal repeats	57	11	0.9947	NA	8	33.2263	F_traK;F_traE;F_traL	NA
GCF_031891025.1	contig_6	34612	No terminal repeats	37	11	0.9944	NA	2	12.0185	MOBF	NA
GCF_031891025.1	contig_3	174197	No terminal repeats	157	11	0.9940	NA	2	40.0401	NA	NF033105
GCF_031891025.1	contig_2	571710	No terminal repeats	554	11	0.9937	NA	1	101.2423	NA	NF000025;NF000493;NF033145;NF012174;NF000095;NF033135;NF000095;NF000272;NF033145;NF033135;NF033134
GCF_031891025.1	contig_4	123730	No terminal repeats	129	11	0.9937	NA	5	32.0254	F_traV;F_traB	NF012174
GCF_032200625.1	contig_3	187089	No terminal repeats	151	11	0.9936	NA	2	34.9633	NA	NF033105
GCF_032200625.1	contig_2	598453	No terminal repeats	600	11	0.9935	NA	1	92.4339	NA	NF000025;NF033145;NF000095;NF033135;NF000496;NF033145;NF033135;NF000496
GCF_034044845.1	contig_4	178137	No terminal repeats	149	11	0.9940	NA	2	36.5292	NA	NF033105
GCF_034044845.1	contig_12	487480	No terminal repeats	467	11	0.9938	NA	2	87.4390	NA	NF033135;NF033145;NF033135;NF000095;NF012174;NF033145;NF000493;NF000025
GCF_034044845.1	contig_9	63563	DTR	68	11	0.9933	NA	0	10.9450	NA	NA
GCF_034044845.1	contig_10	35810	No terminal repeats	33	11	0.9927	NA	0	6.7501	NA	NA
GCF_034044845.1	contig_15	2670	No terminal repeats	4	11	0.9605	NA	0	0.6707	NA	NA
GCF_034044915.1	contig_28	177675	No terminal repeats	147	11	0.9942	NA	2	34.0762	NA	NF033105
GCF_034044915.1	contig_6	76042	No terminal repeats	73	11	0.9933	NA	0	5.5343	NA	NA
GCF_034044955.1	contig_2	187528	No terminal repeats	160	11	0.9941	NA	2	43.5672	NA	NF033105
GCF_034044955.1	contig_21	549704	No terminal repeats	533	11	0.9939	NA	2	99.7972	NA	NF033135;NF000095;NF012174;NF033145;NF000493;NF000025;NF033135;NF033145;NF033134
GCF_034808485.1	contig_12	176815	DTR	153	11	0.9942	NA	2	34.2388	NA	NF033105
GCF_034808485.1	contig_2	546479	No terminal repeats	535	11	0.9936	NA	2	93.4168	NA	NF012174;NF033145;NF000493;NF000025;NF033135;NF000496;NF033145;NF033135;NF000095
GCF_034808485.1	contig_17	94334	No terminal repeats	83	11	0.9819	NA	0	2.7021	NA	NF012174;NF033085;NF012174
GCF_034808565.1	contig_11	178906	No terminal repeats	153	11	0.9942	NA	2	33.5584	NA	NF033105
GCF_034808565.1	contig_2	485963	No terminal repeats	474	11	0.9936	NA	2	51.8894	NA	NF000493;NF000025;NF033135;NF000496;NF033145;NF033135;NF000095;NF012174
GCF_034808565.1	contig_14	121140	No terminal repeats	119	11	0.9931	NA	0	24.8680	NA	NF012174;NF033145
GCF_034808565.1	contig_18	91258	No terminal repeats	79	11	0.9911	NA	0	9.3384	NA	NF012174;NF033085;NF012174
GCF_034808825.1	contig_1	528502	No terminal repeats	516	11	0.9938	NA	2	94.8335	NA	NF000095;NF033135;NF033145;NF033135;NF000025;NF000493;NF033145
GCF_034808825.1	contig_11	153864	No terminal repeats	139	11	0.9937	NA	2	32.7292	NA	NF033105
GCF_034808825.1	contig_20	94948	No terminal repeats	93	11	0.9937	NA	1	24.9739	NA	NA
GCF_034808825.1	contig_5	213799	No terminal repeats	211	11	0.9927	NA	1	17.3008	NA	NF012174;NF000496;NF000272
GCF_034808825.1	contig_22	76017	No terminal repeats	74	11	0.9914	NA	18	33.1196	F_traB;F_traV;virb4;F_traW;F_traU;F_trbC;F_traN;F_traF;F_traH;F_traG;I_traV;MOBF	NA
GCF_034808825.1	contig_28	54758	No terminal repeats	58	11	0.9885	NA	0	2.4167	NA	NA
GCF_034808825.1	contig_34	41621	No terminal repeats	37	11	0.9823	NA	0	0.3143	NA	NA
GCF_034808825.1	contig_40	37283	No terminal repeats	31	11	0.7837	NA	0	0.2361	NA	NF000402
GCF_034808825.1	contig_47	4961	No terminal repeats	4	11	0.7386	NA	0	0.5042	NA	NA
GCF_034808865.1	contig_10	153967	DTR	139	11	0.9936	NA	2	32.7292	NA	NF033105
GCF_034808865.1	contig_9	171422	DTR	166	11	0.9931	NA	19	58.7114	F_traB;F_traV;virb4;F_traW;F_traU;F_trbC;F_traN;F_traF;F_traH;F_traG;I_traV;MOBF	NA
GCF_034808865.1	contig_21	39940	No terminal repeats	39	11	0.9742	NA	2	3.3906	MOBP1	NA
GCF_035582725.1	contig_3	125535	No terminal repeats	106	11	0.9940	NA	4	41.9157	NA	NA
GCF_035582725.1	contig_5	535656	No terminal repeats	520	11	0.9938	NA	2	89.3472	NA	NF000025;NF000493;NF033145;NF012174;NF000095;NF033135;NF033145;NF033135
GCF_035582725.1	contig_4	210352	No terminal repeats	180	11	0.9934	NA	2	38.3794	NA	NF012174;NF033105
GCF_036549535.1	contig_3	182630	No terminal repeats	147	11	0.9939	NA	2	36.3666	NA	NF033105
GCF_036549535.1	contig_2	560879	No terminal repeats	549	11	0.9939	NA	2	95.8976	NA	NF000493;NF000025;NF033135;NF033145;NF033134;NF033135;NF000095;NF012174;NF033145
GCF_036961635.1	contig_3	176891	No terminal repeats	178	11	0.9942	NA	2	14.8530	NA	NF033156;NF000493;NF000025
GCF_036961635.1	contig_4	176383	No terminal repeats	151	11	0.9939	NA	2	38.1829	NA	NF033105
GCF_036961635.1	contig_37	306932	No terminal repeats	291	11	0.9932	NA	0	48.8934	NA	NF033145;NF033135;NF000095;NF012174;NF033145
GCF_036961635.1	contig_16	4698	No terminal repeats	6	11	0.9921	NA	1	2.2083	NA	NA
GCF_036961635.1	contig_8	43129	No terminal repeats	44	11	0.9905	NA	0	8.4695	NA	NA
GCF_036961635.1	contig_13	21936	No terminal repeats	23	11	0.9802	NA	0	2.5692	NA	NF033135
GCF_036961635.1	contig_17	3921	No terminal repeats	6	11	0.9536	NA	0	0.4597	NA	NA
GCF_036961635.1	contig_19	2562	No terminal repeats	4	11	0.9245	NA	0	0.4547	NA	NA
GCF_036961635.1	contig_14	11291	No terminal repeats	12	11	0.9211	NA	0	0.7434	NA	NF000496
GCF_037151835.1	contig_9	185635	No terminal repeats	152	11	0.9937	NA	2	34.4041	NA	NF033105
GCF_037151835.1	contig_3	539596	DTR	525	11	0.9936	NA	2	88.0042	NA	NF000025;NF000493;NF033145;NF012174;NF000095;NF033135;NF033145;NF000496;NF033135
GCF_037151835.1	contig_11	90881	No terminal repeats	103	11	0.9930	NA	19	62.4581	G_tfc19;G_tfc18;G_tfc22;G_tfc23;G_tfc24;G_tfc17;virb4;G_tfc15;G_tfc14;G_tfc13;G_tfc12;G_tfc11;G_tfc10;G_tfc9;G_tfc8;G_tfc7;t4cp1;G_tfc5;T_virB1;G_tfc3;G_tfc2;MOBH	NA
GCF_037151835.1	contig_13	46097	ITR	43	11	0.9914	NA	0	3.3182	NA	NA
GCF_037151835.1	contig_15	14812	No terminal repeats	10	11	0.9376	NA	0	0.4256	NA	NF033135
GCF_037151955.1	contig_22	3285	No terminal repeats	2	11	0.9943	NA	0	1.7183	NA	NA
GCF_037151955.1	contig_14	118300	No terminal repeats	126	11	0.9941	NA	7	41.6928	MOBF;F_traG;F_traH	NA
GCF_037151955.1	contig_19	46047	No terminal repeats	39	11	0.9940	NA	1	5.6429	NA	NA
GCF_037151955.1	contig_1	538138	No terminal repeats	525	11	0.9936	NA	2	90.8456	NA	NF000095;NF033135;NF033145;NF033135;NF000025;NF000493;NF033145;NF012174;NF033105
GCF_037151955.1	contig_12	210601	DTR	186	11	0.9935	NA	2	38.7346	NA	NF033105;NF012174
GCF_037151955.1	contig_21	23193	No terminal repeats	28	11	0.9871	NA	2	1.6393	t4cp1;G_tfc7	NF000402;NF012174
GCF_037152265.1	contig_2	513800	No terminal repeats	493	11	0.9937	NA	2	92.2043	NA	NF033087;NF033145;NF000095;NF033135;NF000493;NF033145;NF000025;NF000493
GCF_037152265.1	contig_9	184152	DTR	159	11	0.9935	NA	2	44.6133	NA	NF033105
GCF_037152335.1	contig_7	187681	No terminal repeats	154	11	0.9943	NA	2	39.2155	NA	NF033105
GCF_037152335.1	contig_2	649680	No terminal repeats	627	11	0.9937	NA	2	57.9659	NA	NF033105;NF012174;NF033145;NF000493;NF000025;NF033135;NF000496;NF033145;NF033135;NF000095
GCF_037152495.1	contig_10	187554	DTR	157	11	0.9938	NA	2	39.0788	NA	NF033105
GCF_037152495.1	contig_2	622617	No terminal repeats	619	11	0.9937	NA	2	58.4938	NA	NF033145;NF000025;NF033135;NF000496;NF033145;NF033135;NF000095
GCF_037727885.1	contig_8	194486	No terminal repeats	162	11	0.9942	NA	2	38.9510	NA	NF033105
GCF_037727885.1	contig_3	601559	No terminal repeats	598	11	0.9938	NA	2	53.0546	NA	NF033145;NF033135;NF000095;NF012174;NF033145;NF000402;NF000493;NF000025
GCF_037727885.1	contig_11	21277	No terminal repeats	21	11	0.9741	NA	0	2.5692	NA	NF033135
GCF_038116615.1	contig_3	645454	DTR	632	11	0.9938	NA	1	56.0174	NA	NF012174;NF033145;NF012174;NF000493;NF000496;NF033135;NF033145;NF033135;NF000095
GCF_038116615.1	contig_8	187522	DTR	160	11	0.9937	NA	2	35.6623	NA	NF033105
GCF_038657925.1	contig_3	203979	No terminal repeats	166	11	0.9940	NA	2	39.2087	NA	NF033105
GCF_038657925.1	contig_2	579941	No terminal repeats	559	11	0.9938	NA	3	108.5325	NA	NF000025;NF033145;NF012174;NF033105;NF000095;NF033135;NF000496;NF033145;NF033135
GCF_039671245.1	contig_24	111095	DTR	113	11	0.9942	NA	21	68.1587	MOBP1;I_traI;I_traK;I_traL;I_traN;I_traO;I_traP;I_traQ;I_traR;traU;I_traW;I_traY;I_trbA;I_trbB	NF012174
GCF_039671245.1	contig_23	534482	No terminal repeats	520	11	0.9938	NA	2	90.8279	NA	NF012174;NF033145;NF000493;NF000025;NF033135;NF033145;NF033135;NF000095
GCF_039671245.1	contig_12	209558	No terminal repeats	181	11	0.9937	NA	2	39.6782	NA	NF033105;NF012174
GCF_039671255.1	contig_23	111110	No terminal repeats	111	11	0.9947	NA	23	72.3004	F_traL;F_traE;F_traK;F_traB;F_traV;virb4;F_traW;F_traU;F_traN;F_traF;F_traH;F_traG;MOBF	NF000138
GCF_039671255.1	contig_28	35308	No terminal repeats	44	11	0.9939	NA	0	12.5109	NA	NA
GCF_039671255.1	contig_12	176358	No terminal repeats	153	11	0.9933	NA	2	36.9871	NA	NF033105
GCF_039671255.1	contig_22	521758	No terminal repeats	501	11	0.9933	NA	1	83.0880	NA	NF033145;NF033135;NF000095;NF012174;NF033145;NF000493;NF000025;NF033135
GCF_039671255.1	contig_24	84295	DTR	95	11	0.9926	NA	18	53.1090	G_tfc19;G_tfc18;G_tfc22;G_tfc23;G_tfc24;G_tfc17;virb4;G_tfc15;G_tfc14;G_tfc13;G_tfc12;G_tfc11;G_tfc10;G_tfc9;G_tfc8;G_tfc7;t4cp1;G_tfc5;T_virB1;G_tfc3;G_tfc2;MOBH	NA
GCF_039671255.1	contig_2	18135	ITR	22	11	0.9925	NA	0	7.7498	NA	NA
GCF_039671255.1	contig_27	35731	DTR	49	11	0.9917	NA	8	24.9916	MOBC;T_virB9	NA
GCF_039671255.1	contig_25	48398	DTR	65	11	0.9879	NA	10	35.7115	MOBP1;T_virB3;virb4;T_virB6;T_virB8;T_virB9;T_virB11	NA
GCF_039671255.1	contig_5	11537	No terminal repeats	12	11	0.9811	NA	0	1.7904	NA	NA
GCF_039671255.1	contig_6	10507	No terminal repeats	10	11	0.9362	NA	0	0.8035	NA	NA
GCF_039671265.1	contig_5	2672	DTR	6	11	0.9952	NA	0	5.5396	NA	NA
GCF_039671265.1	contig_18	68708	No terminal repeats	70	11	0.9947	NA	4	34.6121	NA	NA
GCF_039671265.1	contig_12	182317	No terminal repeats	150	11	0.9942	NA	2	35.5704	NA	NF033105
GCF_039671265.1	contig_19	65725	DTR	71	11	0.9940	NA	19	57.5647	F_traL;F_traE;F_traK;F_traB;F_traV;virb4;F_traW;F_traU;F_traN;F_traF;F_traH;F_traG;MOBF	NA
GCF_039671265.1	contig_15	546648	No terminal repeats	519	11	0.9938	NA	2	98.8165	NA	NF000496;NF033135;NF033145;NF033135;NF000095;NF012174;NF033145;NF000025
GCF_039671265.1	contig_16	93439	DTR	106	11	0.9937	NA	19	50.1316	G_tfc8;G_tfc9;G_tfc10;G_tfc11;G_tfc12;G_tfc13;G_tfc14;G_tfc15;virb4;G_tfc17;G_tfc24;G_tfc23;G_tfc22;G_tfc18;G_tfc19;MOBH;G_tfc2;G_tfc3;T_virB1;G_tfc5;t4cp1;G_tfc7;G_tfc8	NF012174
GCF_039671265.1	contig_20	35307	No terminal repeats	44	11	0.9934	NA	0	11.3548	NA	NA
GCF_039671265.1	contig_17	71125	DTR	71	11	0.9930	NA	23	49.2777	MOBF;I_traV;F_traG;F_traH;F_traF;F_traN;F_trbC;F_traU;F_traW;virb4;F_traV;F_traK;F_traE;F_traL	NA
GCF_039671265.1	contig_21	18135	ITR	22	11	0.9925	NA	0	7.7498	NA	NA
GCF_039671265.1	contig_2	11537	No terminal repeats	12	11	0.9812	NA	0	1.7904	NA	NA
GCF_039671265.1	contig_3	10507	No terminal repeats	10	11	0.9420	NA	0	0.8035	NA	NA
GCF_039671275.1	contig_4	2697	DTR	6	11	0.9950	NA	0	5.5396	NA	NA
GCF_039671275.1	contig_12	181371	DTR	148	11	0.9942	NA	2	34.8988	NA	NF033105
GCF_039671275.1	contig_19	81390	DTR	89	11	0.9941	NA	19	58.9917	F_traL;F_traE;F_traK;F_traB;F_traV;virb4;F_traW;F_traU;F_traN;F_traF;F_traH;F_traG;MOBF	NA
GCF_039671275.1	contig_18	103683	No terminal repeats	104	11	0.9941	NA	15	61.7908	G_tfc8;G_tfc9;G_tfc10;G_tfc11;G_tfc12;G_tfc13;G_tfc14;G_tfc15;virb4;G_tfc17;G_tfc24;G_tfc23;G_tfc22;G_tfc18;G_tfc19	NA
GCF_039671275.1	contig_17	537627	No terminal repeats	517	11	0.9938	NA	2	96.4673	NA	NF012174;NF033145;NF000493;NF000025;NF033135;NF033145;NF033135;NF000095
GCF_039671275.1	contig_20	56940	No terminal repeats	72	11	0.9938	NA	8	34.3247	G_tfc7;t4cp1;G_tfc5;T_virB1;G_tfc3;G_tfc2;MOBH	NA
GCF_039671275.1	contig_21	18157	ITR	24	11	0.9925	NA	0	8.0003	NA	NF033135
GCF_039671275.1	contig_22	11103	No terminal repeats	12	11	0.9808	NA	0	1.7904	NA	NA
GCF_039671275.1	contig_23	10054	No terminal repeats	9	11	0.9156	NA	0	0.8035	NA	NA
GCF_039671325.1	contig_8	95210	DTR	98	11	0.9944	NA	22	68.5896	G_tfc2;I_traI;I_traK;I_traL;I_traM;I_traN;I_traO;I_traP;I_traQ;I_traR;traU;I_traW;I_traY;I_trbA;I_trbB;MOBP1	NA
GCF_039671325.1	contig_6	154741	DTR	131	11	0.9941	NA	2	34.0046	NA	NF033105
GCF_039671325.1	contig_7	564849	DTR	552	11	0.9936	NA	3	101.0888	NA	NF000496;NF033135;NF033145;NF033135;NF000095;NF012174;NF033145;NF000493;NF000025
GCF_039671325.1	contig_5	194452	DTR	192	11	0.9932	NA	24	73.4761	F_traL;F_traE;F_traK;F_traV;virb4;F_traW;F_traU;F_trbC;F_traN;F_traF;F_traH;F_traG;I_traV;MOBF	NF012178
GCF_039671325.1	contig_11	4120	DTR	4	11	0.9873	NA	0	1.1306	NA	NA
GCF_039671345.1	contig_10	100176	ITR	107	11	0.9943	NA	3	41.9554	NA	NA
GCF_039671345.1	contig_8	168442	DTR	152	11	0.9941	NA	2	38.3984	NA	NF033105
GCF_039671345.1	contig_9	548109	No terminal repeats	531	11	0.9938	NA	2	95.9743	NA	NF000496;NF033135;NF033145;NF033135;NF000095;NF012174;NF033145;NF000493;NF000025
GCF_039671345.1	contig_11	18135	ITR	22	11	0.9927	NA	0	7.7498	NA	NA
GCF_039671345.1	contig_12	11537	No terminal repeats	12	11	0.9811	NA	0	1.7904	NA	NA
GCF_039671345.1	contig_13	10507	No terminal repeats	10	11	0.9420	NA	0	0.8035	NA	NA
GCF_039671355.1	contig_20	38763	DTR	42	11	0.9947	NA	3	23.5352	NA	NA
GCF_039671355.1	contig_3	3543	No terminal repeats	2	11	0.9943	NA	0	1.7183	NA	NA
GCF_039671355.1	contig_19	109460	No terminal repeats	121	11	0.9942	NA	8	52.2748	F_traH;F_traG;MOBF	NA
GCF_039671355.1	contig_12	176035	No terminal repeats	150	11	0.9939	NA	2	36.8293	NA	NF033105
GCF_039671355.1	contig_18	584078	No terminal repeats	565	11	0.9938	NA	3	102.9591	NA	NF000496;NF033135;NF033145;NF033135;NF000095;NF033105;NF012174;NF033145;NF000493;NF000025
GCF_039671355.1	contig_21	24309	No terminal repeats	26	11	0.9921	NA	0	3.5320	NA	NA
GCF_039671355.1	contig_22	23225	No terminal repeats	29	11	0.9849	NA	2	1.6393	G_tfc7;t4cp1	NF012174;NF000402
GCF_039671355.1	contig_23	10031	No terminal repeats	5	11	0.9734	NA	0	1.4971	NA	NA
GCF_039671365.1	contig_5	2647	DTR	5	11	0.9958	NA	0	5.5396	NA	NA
GCF_039671365.1	contig_6	2564	No terminal repeats	4	11	0.9944	NA	0	1.7266	NA	NA
GCF_039671365.1	contig_22	61078	ITR	62	11	0.9944	NA	21	50.8628	MOBF;F_traG;F_traH;F_traF;F_traN;F_traU;F_traW;virb4;F_traV;F_traB;F_traK;F_traE;F_traL	NF000138
GCF_039671365.1	contig_21	67914	DTR	75	11	0.9944	NA	19	60.6334	MOBF;F_traG;F_traH;F_traF;F_traN;F_traU;F_traW;virb4;F_traV;F_traB;F_traK;F_traE;F_traL	NA
GCF_039671365.1	contig_20	85088	No terminal repeats	89	11	0.9941	NA	1	27.0399	NA	NF000496
GCF_039671365.1	contig_12	179440	DTR	150	11	0.9938	NA	2	38.9909	NA	NF033105
GCF_039671365.1	contig_24	35928	No terminal repeats	45	11	0.9937	NA	0	12.5109	NA	NA
GCF_039671365.1	contig_18	534104	DTR	515	11	0.9936	NA	2	98.9756	NA	NF012174;NF033145;NF000493;NF000025;NF033135;NF000496;NF033145;NF033135;NF000095
GCF_039671365.1	contig_3	18128	ITR	22	11	0.9925	NA	0	7.7498	NA	NA
GCF_039671365.1	contig_19	92568	No terminal repeats	94	11	0.9924	NA	21	47.7862	F_traL;F_traE;F_traK;F_traV;virb4;F_traW;F_traU;F_traN;F_traF;F_traH;F_traG;I_traV;MOBF	NA
GCF_039671365.1	contig_2	22093	No terminal repeats	23	11	0.9705	NA	0	2.5939	NA	NA
GCF_039671375.1	contig_24	110641	No terminal repeats	110	11	0.9947	NA	23	72.3004	F_traL;F_traE;F_traK;F_traB;F_traV;virb4;F_traW;F_traU;F_traN;F_traF;F_traH;F_traG;MOBF	NF000138
GCF_039671375.1	contig_4	10937	No terminal repeats	11	11	0.9943	NA	0	4.9474	NA	NA
GCF_039671375.1	contig_27	35308	No terminal repeats	44	11	0.9939	NA	0	12.5109	NA	NA
GCF_039671375.1	contig_12	176561	DTR	153	11	0.9936	NA	2	36.9871	NA	NF033105
GCF_039671375.1	contig_23	522465	No terminal repeats	501	11	0.9933	NA	1	83.0880	NA	NF033145;NF033135;NF000095;NF012174;NF033145;NF000493;NF000025;NF033135
GCF_039671375.1	contig_25	73486	No terminal repeats	85	11	0.9925	NA	18	48.1616	MOBH;G_tfc2;G_tfc3;T_virB1;G_tfc5;t4cp1;G_tfc7;G_tfc8;G_tfc9;G_tfc10;G_tfc11;G_tfc12;G_tfc13;G_tfc14;G_tfc15;virb4;G_tfc17;G_tfc24;G_tfc23;G_tfc22;G_tfc18;G_tfc19	NA
GCF_039671375.1	contig_28	18135	ITR	22	11	0.9925	NA	0	7.7498	NA	NA
GCF_039671375.1	contig_3	11537	No terminal repeats	12	11	0.9812	NA	0	1.7904	NA	NA
GCF_039671375.1	contig_5	10404	No terminal repeats	11	11	0.9362	NA	0	0.8035	NA	NA
GCF_039671395.1	contig_3	197188	DTR	201	11	0.9943	NA	25	84.0740	G_tfc7;F_traL;F_traE;F_traK;F_traB;F_traV;virb4;F_traW;F_traU;F_traN;F_traF;F_traH;F_traG;MOBF;t4cp1	NA
GCF_039671395.1	contig_4	179412	DTR	145	11	0.9940	NA	2	34.6644	NA	NF033105
GCF_039671395.1	contig_5	578304	No terminal repeats	552	11	0.9938	NA	2	93.8530	NA	NF033135;NF033145;NF033135;NF000272;NF033134;NF033135;NF000095;NF012174;NF033145;NF000493;NF000025
GCF_039671395.1	contig_6	84285	DTR	96	11	0.9927	NA	18	53.1090	t4cp1;G_tfc5;T_virB1;G_tfc3;G_tfc2;MOBH;G_tfc19;G_tfc18;G_tfc22;G_tfc23;G_tfc24;G_tfc17;virb4;G_tfc15;G_tfc14;G_tfc13;G_tfc12;G_tfc11;G_tfc10;G_tfc9;G_tfc8;G_tfc7	NA
GCF_039671445.1	contig_6	181789	No terminal repeats	148	11	0.9940	NA	2	36.5606	NA	NF033105
GCF_039671445.1	contig_8	79145	No terminal repeats	90	11	0.9938	NA	18	53.2690	G_tfc19;G_tfc18;G_tfc22;G_tfc23;G_tfc24;G_tfc17;virb4;G_tfc15;G_tfc14;G_tfc13;G_tfc12;G_tfc11;G_tfc10;G_tfc9;G_tfc8;G_tfc7;t4cp1;G_tfc5;T_virB1;G_tfc3;G_tfc2;MOBH	NF000402
GCF_039671445.1	contig_7	532086	DTR	517	11	0.9937	NA	2	97.2834	NA	NF000493;NF000025;NF033135;NF033145;NF033135;NF000095;NF012174;NF033145
GCF_039671445.1	contig_11	3611	DTR	5	11	0.9896	NA	0	1.1886	NA	NA
GCF_039671445.1	contig_9	13981	No terminal repeats	14	11	0.9694	NA	0	1.5132	NA	NA
GCF_039671455.1	contig_9	206893	DTR	203	11	0.9941	NA	22	83.7079	F_traL;F_traE;F_traK;F_traB;F_traV;virb4;F_traW;F_traU;F_traN;F_traF;F_traH;F_traG;MOBF;t4cp1;G_tfc7	NF033135
GCF_039671455.1	contig_2	179214	DTR	149	11	0.9940	NA	2	37.2554	NA	NF033105
GCF_039671455.1	contig_3	534098	DTR	513	11	0.9937	NA	2	98.3186	NA	NF012174;NF033145;NF000493;NF000025;NF033135;NF000496;NF033145;NF033135;NF000095
GCF_039671475.1	contig_32	65951	DTR	76	11	0.9946	NA	18	50.8873	G_tfc19;G_tfc18;G_tfc22;G_tfc23;G_tfc24;G_tfc17;virb4;G_tfc15;G_tfc14;G_tfc13;G_tfc12;G_tfc11;G_tfc10;G_tfc9;G_tfc8;G_tfc7;t4cp1;G_tfc5;T_virB1;G_tfc3;G_tfc2;MOBH	NA
GCF_039671475.1	contig_5	6877	No terminal repeats	12	11	0.9943	NA	0	5.6905	NA	NA
GCF_039671475.1	contig_9	3317	No terminal repeats	2	11	0.9943	NA	0	1.7183	NA	NA
GCF_039671475.1	contig_30	87289	No terminal repeats	102	11	0.9941	NA	19	61.6460	I_traE;I_trbB;I_trbA;I_traY;I_traW;traU;I_traR;I_traQ;I_traP;I_traO;I_traN;I_traL;I_traK;I_traI;MOBP1	NF033156
GCF_039671475.1	contig_34	46035	No terminal repeats	39	11	0.9941	NA	1	5.6429	NA	NA
GCF_039671475.1	contig_12	208326	DTR	180	11	0.9936	NA	2	38.8025	NA	NF012174;NF033105
GCF_039671475.1	contig_3	10180	No terminal repeats	13	11	0.9933	NA	0	6.5945	NA	NA
GCF_039671475.1	contig_23	577075	No terminal repeats	563	11	0.9932	NA	4	101.3084	NA	NF033135;NF033145;NF033135;NF000095;NF033105;NF012174;NF033145;NF000493;NF000025
GCF_039671475.1	contig_31	82975	No terminal repeats	74	11	0.9924	NA	2	10.2536	t4cp1;G_tfc7	NA
GCF_039671475.1	contig_4	7325	No terminal repeats	10	11	0.9918	NA	0	2.1479	NA	NA
GCF_039671475.1	contig_2	26682	No terminal repeats	31	11	0.9887	NA	0	3.3549	NA	NF000402;NF012174
GCF_039671475.1	contig_33	59389	No terminal repeats	66	11	0.9883	NA	11	17.0881	F_traH;F_traF;F_trbC;F_traU;F_trbC;virb4;F_traV;F_traK;F_traL	NA
GCF_039671475.1	contig_6	4949	No terminal repeats	6	11	0.9259	NA	0	0.2156	NA	NA
GCF_039671475.1	contig_11	2530	No terminal repeats	4	11	0.8728	NA	0	0.1666	NA	NA
GCF_039671475.1	contig_10	2530	No terminal repeats	3	11	0.8531	NA	0	0.1666	NA	NA
GCF_039671505.1	contig_11	100164	ITR	108	11	0.9944	NA	3	43.5667	NA	NA
GCF_039671505.1	contig_8	168438	DTR	152	11	0.9941	NA	2	38.3984	NA	NF033105
GCF_039671505.1	contig_9	447542	ITR	424	11	0.9939	NA	2	83.4556	NA	NF033145;NF033135;NF000095;NF012174;NF033145;NF000493;NF000025
GCF_039671505.1	contig_10	100467	No terminal repeats	106	11	0.9928	NA	0	12.4843	NA	NF033135;NF000496
GCF_039671505.1	contig_12	18135	ITR	22	11	0.9924	NA	0	7.7498	NA	NA
GCF_039671505.1	contig_13	11537	No terminal repeats	12	11	0.9812	NA	0	1.7904	NA	NA
GCF_039671505.1	contig_14	10507	No terminal repeats	10	11	0.9363	NA	0	0.8035	NA	NA
GCF_039671515.1	contig_9	100164	ITR	108	11	0.9944	NA	3	43.5667	NA	NA
GCF_039671515.1	contig_7	186673	No terminal repeats	174	11	0.9940	NA	2	46.1482	NA	NF033105
GCF_039671515.1	contig_8	548109	No terminal repeats	530	11	0.9938	NA	2	95.9399	NA	NF000496;NF033135;NF033145;NF033135;NF000095;NF012174;NF033145;NF000493;NF000025
GCF_039671515.1	contig_10	11537	No terminal repeats	12	11	0.9812	NA	0	1.7904	NA	NA
GCF_039671515.1	contig_11	10507	No terminal repeats	10	11	0.9363	NA	0	0.8035	NA	NA
GCF_039671545.1	contig_18	10947	No terminal repeats	11	11	0.9943	NA	0	4.9474	NA	NA
GCF_039671545.1	contig_14	56122	No terminal repeats	60	11	0.9942	NA	3	22.1769	NA	NA
GCF_039671545.1	contig_11	168434	DTR	152	11	0.9940	NA	2	38.3984	NA	NF033105
GCF_039671545.1	contig_12	548109	No terminal repeats	530	11	0.9938	NA	2	95.9399	NA	NF000496;NF033135;NF033145;NF033135;NF000095;NF012174;NF033145;NF000493;NF000025
GCF_039671545.1	contig_15	23812	No terminal repeats	31	11	0.9932	NA	0	10.5685	NA	NA
GCF_039671545.1	contig_13	67447	No terminal repeats	75	11	0.9930	NA	18	51.1740	MOBH;G_tfc2;G_tfc3;T_virB1;G_tfc5;t4cp1;G_tfc7;G_tfc8;G_tfc9;G_tfc10;G_tfc11;G_tfc12;G_tfc13;G_tfc14;G_tfc15;virb4;G_tfc17;G_tfc24;G_tfc23;G_tfc22;G_tfc18;G_tfc19	NA
GCF_039671545.1	contig_17	18112	No terminal repeats	22	11	0.9924	NA	0	7.7498	NA	NA
GCF_039671545.1	contig_3	5050	No terminal repeats	7	11	0.9771	NA	0	2.7770	NA	NA
GCF_039671545.1	contig_16	22113	No terminal repeats	22	11	0.9706	NA	0	2.5939	NA	NA
GCF_039671555.1	contig_12	100164	ITR	108	11	0.9944	NA	3	43.5667	NA	NA
GCF_039671555.1	contig_9	168438	DTR	152	11	0.9940	NA	2	38.3984	NA	NF033105
GCF_039671555.1	contig_10	447542	ITR	424	11	0.9939	NA	2	83.4556	NA	NF033145;NF033135;NF000095;NF012174;NF033145;NF000493;NF000025
GCF_039671555.1	contig_11	100467	No terminal repeats	106	11	0.9928	NA	0	12.4843	NA	NF033135;NF000496
GCF_039671555.1	contig_13	18135	ITR	22	11	0.9924	NA	0	7.7498	NA	NA
GCF_039671555.1	contig_14	11537	No terminal repeats	12	11	0.9811	NA	0	1.7904	NA	NA
GCF_039671555.1	contig_15	10507	No terminal repeats	10	11	0.9363	NA	0	0.8035	NA	NA
GCF_039671575.1	contig_4	167275	DTR	144	11	0.9940	NA	2	34.9788	NA	NF033105
GCF_039671575.1	contig_6	34717	DTR	36	11	0.9936	NA	3	8.7554	NA	NA
GCF_039671575.1	contig_5	547115	DTR	526	11	0.9936	NA	2	93.1537	NA	NF033135;NF000496;NF033145;NF033135;NF000095;NF033145;NF000493;NF000025
GCF_039671605.1	contig_9	100164	ITR	108	11	0.9944	NA	3	43.5667	NA	NA
GCF_039671605.1	contig_7	168438	DTR	152	11	0.9941	NA	2	38.3984	NA	NF033105
GCF_039671605.1	contig_8	548109	No terminal repeats	530	11	0.9938	NA	2	95.9399	NA	NF000496;NF033135;NF033145;NF033135;NF000095;NF012174;NF033145;NF000493;NF000025
GCF_039671605.1	contig_10	18135	ITR	22	11	0.9924	NA	0	7.7498	NA	NA
GCF_039671605.1	contig_11	11537	No terminal repeats	12	11	0.9811	NA	0	1.7904	NA	NA
GCF_039671605.1	contig_12	10507	No terminal repeats	10	11	0.9363	NA	0	0.8035	NA	NA
GCF_039671625.1	contig_12	70479	No terminal repeats	78	11	0.9947	NA	19	56.6631	MOBF;F_traG;F_traH;F_traF;F_traN;F_traU;F_traW;virb4;F_traV;F_traB;F_traK;F_traE;F_traL	NA
GCF_039671625.1	contig_9	181646	No terminal repeats	148	11	0.9940	NA	2	34.1992	NA	NF033105
GCF_039671625.1	contig_11	112310	DTR	103	11	0.9939	NA	2	18.1372	NA	NA
GCF_039671625.1	contig_10	550442	DTR	530	11	0.9938	NA	2	93.2617	NA	NF033135;NF033145;NF000493;NF000025;NF012229;NF000496;NF033135;NF033145;NF033135;NF000272;NF033135;NF000095
GCF_039671625.1	contig_15	10949	No terminal repeats	12	11	0.9937	NA	0	4.9474	NA	NA
GCF_039671625.1	contig_13	56567	No terminal repeats	69	11	0.9936	NA	19	45.2790	G_tfc19;G_tfc18;G_tfc22;G_tfc23;G_tfc24;G_tfc17;virb4;G_tfc15;G_tfc14;G_tfc13;G_tfc12;G_tfc11;G_tfc10;G_tfc9;G_tfc8;G_tfc7;t4cp1;G_tfc5;T_virB1;G_tfc3;G_tfc2;MOBH	NA
GCF_039671625.1	contig_14	30981	DTR	32	11	0.9924	NA	1	8.0436	NA	NA
GCF_039671635.1	contig_6	658569	No terminal repeats	657	11	0.9938	NA	2	40.7039	NA	NF000493;NF000025;NF033135;NF000496;NF033145;NF000496;NF033135;NF000095;NF012174;NF033145
GCF_039671635.1	contig_5	176456	DTR	153	11	0.9934	NA	2	36.9871	NA	NF033105
GCF_039671635.1	contig_8	84296	DTR	97	11	0.9923	NA	18	55.9877	G_tfc19;G_tfc18;G_tfc22;G_tfc23;G_tfc24;G_tfc17;virb4;G_tfc15;G_tfc14;G_tfc13;G_tfc12;G_tfc11;G_tfc10;G_tfc9;G_tfc8;G_tfc7;t4cp1;G_tfc5;T_virB1;G_tfc3;G_tfc2;MOBH;G_tfc19	NA
GCF_039671645.1	contig_6	181789	No terminal repeats	148	11	0.9940	NA	2	36.5606	NA	NF033105
GCF_039671645.1	contig_8	79145	No terminal repeats	90	11	0.9938	NA	18	53.2690	G_tfc19;G_tfc18;G_tfc22;G_tfc23;G_tfc24;G_tfc17;virb4;G_tfc15;G_tfc14;G_tfc13;G_tfc12;G_tfc11;G_tfc10;G_tfc9;G_tfc8;G_tfc7;t4cp1;G_tfc5;T_virB1;G_tfc3;G_tfc2;MOBH	NF000402
GCF_039671645.1	contig_7	532086	DTR	517	11	0.9937	NA	2	97.2834	NA	NF000493;NF000025;NF033135;NF033145;NF033135;NF000095;NF012174;NF033145
GCF_039671645.1	contig_11	3611	DTR	5	11	0.9897	NA	0	1.1886	NA	NA
GCF_039671645.1	contig_9	13981	No terminal repeats	14	11	0.9735	NA	0	1.5132	NA	NA
GCF_039671655.1	contig_34	103701	No terminal repeats	114	11	0.9948	NA	21	73.3067	F_traL;F_traE;F_traK;F_traB;F_traV;virb4;F_traW;F_traU;F_traN;F_traF;F_traH;F_traG;MOBF	NA
GCF_039671655.1	contig_6	3543	No terminal repeats	2	11	0.9943	NA	0	1.7183	NA	NA
GCF_039671655.1	contig_38	35795	No terminal repeats	35	11	0.9942	NA	1	4.1458	NA	NA
GCF_039671655.1	contig_12	192725	No terminal repeats	167	11	0.9939	NA	2	41.9122	NA	NF033105
GCF_039671655.1	contig_36	86330	No terminal repeats	103	11	0.9936	NA	21	51.3927	I_trbB;I_trbA;I_traY;I_traW;traU;I_traR;I_traQ;I_traP;I_traO;I_traN;I_traL;I_traK;I_traI;G_tfc2;MOBP1	NA
GCF_039671655.1	contig_23	546813	DTR	526	11	0.9936	NA	1	92.9118	NA	NF033135;NF033145;NF033135;NF000095;NF033105;NF012174;NF033145;NF000493
GCF_039671655.1	contig_37	83773	No terminal repeats	98	11	0.9931	NA	18	50.5959	MOBH;G_tfc2;G_tfc3;T_virB1;G_tfc5;t4cp1;G_tfc7;G_tfc8;G_tfc9;G_tfc10;G_tfc11;G_tfc12;G_tfc13;G_tfc14;G_tfc15;virb4;G_tfc17;G_tfc24;G_tfc23;G_tfc22;G_tfc18;G_tfc19	NA
GCF_039671655.1	contig_4	7001	No terminal repeats	8	11	0.9926	NA	0	3.0392	NA	NA
GCF_039671655.1	contig_39	24309	No terminal repeats	26	11	0.9924	NA	0	3.5320	NA	NA
GCF_039671655.1	contig_2	23216	No terminal repeats	29	11	0.9845	NA	2	1.6393	G_tfc7;t4cp1	NF012174;NF000402
GCF_039671655.1	contig_40	23515	No terminal repeats	32	11	0.9795	NA	0	2.7976	NA	NA
GCF_039671655.1	contig_3	10031	No terminal repeats	5	11	0.9734	NA	0	1.4971	NA	NA
GCF_039671705.1	contig_4	211300	No terminal repeats	205	11	0.9943	NA	22	86.4285	G_tfc7;t4cp1;MOBF;F_traG;F_traH;F_traF;F_traN;F_traU;F_traW;virb4;F_traV;F_traB;F_traK;F_traE;F_traL	NF033135
GCF_039671705.1	contig_5	210385	No terminal repeats	182	11	0.9937	NA	2	37.1663	NA	NF033105;NF012174
GCF_039671705.1	contig_6	525833	DTR	510	11	0.9934	NA	2	87.6549	NA	NF033135;NF033145;NF033135;NF000095;NF012174;NF033145;NF000493;NF000025
GCF_039671705.1	contig_8	76845	DTR	85	11	0.9928	NA	18	47.3958	G_tfc8;G_tfc9;G_tfc10;G_tfc11;G_tfc12;G_tfc13;G_tfc14;G_tfc15;virb4;G_tfc17;G_tfc24;G_tfc23;G_tfc22;G_tfc18;G_tfc19;MOBH;G_tfc2;G_tfc3;T_virB1;G_tfc5;t4cp1;G_tfc7	NA
GCF_039671725.1	contig_39	9623	No terminal repeats	13	11	0.9956	NA	7	15.0472	F_traF;F_traN;F_traU;F_traW	NA
GCF_039671725.1	contig_38	9894	No terminal repeats	14	11	0.9952	NA	7	16.7654	F_traW;F_traU;F_traN;F_traF	NA
GCF_039671725.1	contig_42	3827	No terminal repeats	6	11	0.9951	NA	3	6.7111	F_traL	NA
GCF_039671725.1	contig_40	6136	No terminal repeats	9	11	0.9949	NA	2	5.6601	NA	NA
GCF_039671725.1	contig_37	163660	No terminal repeats	152	11	0.9942	NA	7	53.8522	G_tfc7;t4cp1;MOBF;F_traG;F_traH	NA
GCF_039671725.1	contig_12	177221	DTR	150	11	0.9941	NA	2	36.8655	NA	NF033105
GCF_039671725.1	contig_23	534450	DTR	513	11	0.9937	NA	2	98.3186	NA	NF012174;NF033145;NF000493;NF000025;NF033135;NF000496;NF033145;NF033135;NF000095
GCF_039671725.1	contig_34	55029	No terminal repeats	45	11	0.9935	NA	4	25.5487	F_traH;F_traG;MOBF	NA
GCF_039671725.1	contig_11	1333	No terminal repeats	2	11	0.9930	NA	2	2.9315	F_traK;F_traB	NA
GCF_039671725.1	contig_2	3264	No terminal repeats	6	11	0.9917	NA	2	4.3834	F_traV;virb4	NA
GCF_039671725.1	contig_16	887	No terminal repeats	2	11	0.9910	NA	1	2.9200	F_traH	NA
GCF_039671725.1	contig_4	2676	No terminal repeats	5	11	0.9897	NA	1	2.9315	F_traB	NA
GCF_039671725.1	contig_3	3143	No terminal repeats	6	11	0.9886	NA	2	4.3834	F_traV;virb4	NA
GCF_039671725.1	contig_24	607	No terminal repeats	2	11	0.9862	NA	2	3.1098	F_traL;F_traE	NA
GCF_039671725.1	contig_25	577	No terminal repeats	2	11	0.9686	NA	1	1.7183	F_traK	NA
GCF_039671725.1	contig_26	577	No terminal repeats	2	11	0.9684	NA	1	1.7183	F_traK	NA
GCF_039671725.1	contig_7	2193	No terminal repeats	5	11	0.9520	NA	1	1.2133	F_traB	NA
GCF_039671745.1	contig_6	211311	No terminal repeats	205	11	0.9943	NA	22	86.4285	F_traL;F_traE;F_traK;F_traB;F_traV;virb4;F_traW;F_traU;F_traN;F_traF;F_traH;F_traG;MOBF;t4cp1;G_tfc7	NF033135
GCF_039671745.1	contig_7	210853	No terminal repeats	182	11	0.9937	NA	2	36.4859	NA	NF033105;NF012174
GCF_039671745.1	contig_9	78755	DTR	83	11	0.9936	NA	18	49.5369	MOBH;G_tfc2;G_tfc3;T_virB1;G_tfc5;t4cp1;G_tfc7;G_tfc8;G_tfc9;G_tfc10;G_tfc11;G_tfc12;G_tfc13;G_tfc14;G_tfc15;virb4;G_tfc17;G_tfc24;G_tfc23;G_tfc22;G_tfc18;G_tfc19	NA
GCF_039671745.1	contig_8	525942	DTR	510	11	0.9933	NA	2	87.6549	NA	NF033135;NF033145;NF033135;NF000095;NF012174;NF033145;NF000493;NF000025
GCF_039671745.1	contig_10	35597	DTR	46	11	0.9932	NA	9	21.0350	T_virB2;virb4;T_virB6;T_virB8;T_virB9;T_virB11;MOBC	NA
GCF_039671745.1	contig_13	4525	DTR	9	11	0.9921	NA	1	2.2083	NA	NA
GCF_039671755.1	contig_9	191171	DTR	169	11	0.9942	NA	2	40.9981	NA	NF033105
GCF_039671755.1	contig_8	226060	No terminal repeats	221	11	0.9942	NA	22	86.4702	F_traL;F_traE;F_traK;F_traB;F_traV;virb4;F_traW;F_traU;F_traN;F_traF;F_traH;F_traG;MOBF;t4cp1;G_tfc7	NF033135;NF012174
GCF_039671755.1	contig_10	548763	No terminal repeats	528	11	0.9937	NA	2	90.0299	NA	NF012174;NF033145;NF000493;NF000025;NF033135;NF000496;NF033145;NF033135;NF000095
GCF_039671785.1	contig_22	116720	No terminal repeats	116	11	0.9947	NA	22	70.9662	F_traL;F_traE;F_traK;F_traB;F_traV;virb4;F_traW;F_traU;F_traN;F_traF;F_traH;F_traG;MOBF	NA
GCF_039671785.1	contig_12	180477	No terminal repeats	152	11	0.9938	NA	2	33.2061	NA	NF033105
GCF_039671785.1	contig_21	557703	No terminal repeats	543	11	0.9935	NA	1	96.5416	NA	NF033135;NF033145;NF033135;NF000095;NF012174;NF033145;NF000493;NF000025
GCF_039671785.1	contig_25	11464	No terminal repeats	8	11	0.9931	NA	0	2.0188	NA	NA
GCF_039671785.1	contig_2	2831	No terminal repeats	7	11	0.9913	NA	0	2.3940	NA	NA
GCF_039671785.1	contig_23	29111	No terminal repeats	37	11	0.9891	NA	1	2.1871	NA	NF000005
GCF_039671785.1	contig_24	19539	No terminal repeats	21	11	0.9845	NA	0	4.0262	NA	NA
GCF_039671785.1	contig_26	4891	No terminal repeats	7	11	0.8575	NA	0	0.5382	NA	NA
GCF_039671805.1	contig_2	168022	DTR	144	11	0.9941	NA	2	33.2153	NA	NF033105
GCF_039671805.1	contig_4	34717	DTR	35	11	0.9939	NA	3	8.7554	NA	NA
GCF_039671805.1	contig_3	547115	DTR	526	11	0.9936	NA	2	93.1537	NA	NF033135;NF000496;NF033145;NF033135;NF000095;NF033145;NF000493;NF000025
GCF_039671815.1	contig_2	167860	DTR	144	11	0.9942	NA	2	36.6355	NA	NF033105
GCF_039671815.1	contig_4	34717	DTR	36	11	0.9939	NA	3	8.7554	NA	NA
GCF_039671815.1	contig_3	547115	DTR	526	11	0.9936	NA	2	93.1537	NA	NF033135;NF000496;NF033145;NF033135;NF000095;NF033145;NF000493;NF000025
GCF_039671825.1	contig_13	87715	No terminal repeats	90	11	0.9940	NA	15	57.8980	G_tfc8;G_tfc9;G_tfc10;G_tfc11;G_tfc12;G_tfc13;G_tfc14;G_tfc15;virb4;G_tfc17;G_tfc24;G_tfc23;G_tfc22;G_tfc18;G_tfc19	NF000496
GCF_039671825.1	contig_12	659013	No terminal repeats	644	11	0.9940	NA	2	67.9609	NA	NF033135;NF033145;NF033135;NF000095;NF012174;NF033145;NF033156;NF000493;NF000025
GCF_039671825.1	contig_11	183678	No terminal repeats	151	11	0.9938	NA	2	38.6917	NA	NF033105
GCF_039671825.1	contig_14	56940	No terminal repeats	72	11	0.9938	NA	8	34.3247	G_tfc7;t4cp1;G_tfc5;T_virB1;G_tfc3;G_tfc2;MOBH	NA
GCF_039671825.1	contig_16	17898	No terminal repeats	21	11	0.9927	NA	0	7.7498	NA	NA
GCF_039671825.1	contig_15	23712	No terminal repeats	24	11	0.9921	NA	0	4.1632	NA	NA
GCF_039671855.1	contig_16	10947	No terminal repeats	11	11	0.9943	NA	0	4.9474	NA	NA
GCF_039671855.1	contig_13	56591	No terminal repeats	61	11	0.9942	NA	3	22.1769	NA	NA
GCF_039671855.1	contig_10	186681	No terminal repeats	173	11	0.9940	NA	2	46.1482	NA	NF033105
GCF_039671855.1	contig_11	548109	No terminal repeats	530	11	0.9938	NA	2	95.9399	NA	NF000496;NF033135;NF033145;NF033135;NF000095;NF012174;NF033145;NF000493;NF000025
GCF_039671855.1	contig_14	23812	No terminal repeats	31	11	0.9933	NA	0	10.5685	NA	NA
GCF_039671855.1	contig_12	67447	No terminal repeats	75	11	0.9930	NA	18	51.1740	MOBH;G_tfc2;G_tfc3;T_virB1;G_tfc5;t4cp1;G_tfc7;G_tfc8;G_tfc9;G_tfc10;G_tfc11;G_tfc12;G_tfc13;G_tfc14;G_tfc15;virb4;G_tfc17;G_tfc24;G_tfc23;G_tfc22;G_tfc18;G_tfc19	NA
GCF_039671855.1	contig_2	5050	No terminal repeats	7	11	0.9827	NA	0	2.7770	NA	NA
GCF_039671855.1	contig_15	11537	No terminal repeats	12	11	0.9811	NA	0	1.7904	NA	NA
GCF_039671855.1	contig_17	10507	No terminal repeats	10	11	0.9370	NA	0	0.8035	NA	NA
GCF_039671885.1	contig_21	10947	No terminal repeats	11	11	0.9943	NA	0	4.9474	NA	NA
GCF_039671885.1	contig_17	56591	No terminal repeats	61	11	0.9942	NA	3	22.1769	NA	NA
GCF_039671885.1	contig_12	168466	DTR	151	11	0.9939	NA	2	38.3984	NA	NF033105
GCF_039671885.1	contig_15	548109	No terminal repeats	530	11	0.9938	NA	2	95.9399	NA	NF000496;NF033135;NF033145;NF033135;NF000095;NF012174;NF033145;NF000493;NF000025
GCF_039671885.1	contig_18	23812	No terminal repeats	31	11	0.9932	NA	0	10.5685	NA	NA
GCF_039671885.1	contig_16	67447	No terminal repeats	75	11	0.9930	NA	18	51.1740	MOBH;G_tfc2;G_tfc3;T_virB1;G_tfc5;t4cp1;G_tfc7;G_tfc8;G_tfc9;G_tfc10;G_tfc11;G_tfc12;G_tfc13;G_tfc14;G_tfc15;virb4;G_tfc17;G_tfc24;G_tfc23;G_tfc22;G_tfc18;G_tfc19	NA
GCF_039671885.1	contig_19	18135	ITR	22	11	0.9927	NA	0	7.7498	NA	NA
GCF_039671885.1	contig_20	11537	No terminal repeats	12	11	0.9811	NA	0	1.7904	NA	NA
GCF_039671885.1	contig_4	5050	No terminal repeats	7	11	0.9771	NA	0	2.7770	NA	NA
GCF_039671885.1	contig_2	10507	No terminal repeats	10	11	0.9370	NA	0	0.8035	NA	NA
GCF_039671905.1	contig_12	180477	No terminal repeats	152	11	0.9938	NA	2	33.2061	NA	NF033105
GCF_039671905.1	contig_16	558739	DTR	545	11	0.9935	NA	1	96.5416	NA	NF033135;NF033145;NF033135;NF000095;NF012174;NF033145;NF000493;NF000025
GCF_039671905.1	contig_17	107307	DTR	112	11	0.9933	NA	19	59.1723	MOBP1;I_traI;I_traK;I_traL;I_traM;I_traN;I_traO;I_traP;I_traQ;I_traR;traU;I_traW;I_traY;I_trbA;I_trbB	NF000402;NF000402
GCF_039671905.1	contig_18	11464	No terminal repeats	8	11	0.9926	NA	0	2.0188	NA	NA
GCF_039671905.1	contig_21	4139	No terminal repeats	5	11	0.9843	NA	0	2.4301	NA	NA
GCF_039671905.1	contig_20	5543	No terminal repeats	11	11	0.9587	NA	0	0.5382	NA	NA
GCF_039671925.1	contig_12	97095	ITR	104	11	0.9943	NA	3	36.8926	NA	NA
GCF_039671925.1	contig_10	159218	DTR	144	11	0.9943	NA	2	42.3918	NA	NF033105
GCF_039671925.1	contig_11	526462	DTR	509	11	0.9937	NA	2	88.7156	NA	NF012174;NF033145;NF000493;NF000025;NF033135;NF033145;NF033135;NF000095
GCF_039671925.1	contig_14	25886	DTR	30	11	0.9931	NA	1	10.2654	I_traV	NA
GCF_039671925.1	contig_15	18135	ITR	22	11	0.9925	NA	0	7.7498	NA	NA
GCF_039671925.1	contig_13	30563	No terminal repeats	28	11	0.9894	NA	0	4.3333	NA	NA
GCF_039671925.1	contig_16	11537	No terminal repeats	12	11	0.9811	NA	0	1.7904	NA	NA
GCF_039671925.1	contig_17	10507	No terminal repeats	10	11	0.9359	NA	0	0.8035	NA	NA
GCF_039671945.1	contig_13	2788	No terminal repeats	5	11	0.9957	NA	1	4.8391	F_traU	NA
GCF_039671945.1	contig_8	3681	No terminal repeats	7	11	0.9949	NA	0	5.0827	NA	NA
GCF_039671945.1	contig_52	23414	No terminal repeats	24	11	0.9949	NA	0	11.9106	NA	NA
GCF_039671945.1	contig_54	6913	No terminal repeats	9	11	0.9946	NA	2	4.5779	NA	NA
GCF_039671945.1	contig_10	3297	No terminal repeats	7	11	0.9945	NA	3	7.6057	F_traH;F_traF	NA
GCF_039671945.1	contig_55	6271	No terminal repeats	9	11	0.9943	NA	4	8.8765	F_traH;F_traF;F_traN	NA
GCF_039671945.1	contig_12	188140	DTR	161	11	0.9943	NA	2	44.0687	NA	NF033105
GCF_039671945.1	contig_2	5385	No terminal repeats	6	11	0.9942	NA	1	5.9089	F_traG	NA
GCF_039671945.1	contig_16	1964	No terminal repeats	5	11	0.9942	NA	4	6.5464	F_traK;F_traE;F_traL	NA
GCF_039671945.1	contig_11	2801	No terminal repeats	5	11	0.9941	NA	1	3.1208	F_traU	NA
GCF_039671945.1	contig_34	150689	No terminal repeats	146	11	0.9941	NA	6	45.9373	G_tfc7;t4cp1;MOBF	NA
GCF_039671945.1	contig_23	648717	No terminal repeats	643	11	0.9939	NA	2	53.2596	NA	NF033135;NF000496;NF033145;NF033135;NF000272;NF033135;NF000095;NF012174;NF033145;NF033134;NF033156;NF000493;NF000025
GCF_039671945.1	contig_6	4193	No terminal repeats	7	11	0.9938	NA	2	4.0727	NA	NA
GCF_039671945.1	contig_45	26046	No terminal repeats	23	11	0.9929	NA	2	7.2354	MOBF	NA
GCF_039671945.1	contig_4	5121	No terminal repeats	5	11	0.9922	NA	1	4.1906	F_traG	NA
GCF_039671945.1	contig_3	5304	No terminal repeats	8	11	0.9914	NA	2	4.4833	F_traV;F_traB	NA
GCF_039671945.1	contig_7	4156	No terminal repeats	7	11	0.9898	NA	2	4.4833	F_traB;F_traV	NA
GCF_039671945.1	contig_39	603	No terminal repeats	2	11	0.9891	NA	1	2.9772	F_traW	NA
GCF_039671945.1	contig_40	603	No terminal repeats	2	11	0.9887	NA	1	2.9772	F_traW	NA
GCF_039671945.1	contig_27	992	No terminal repeats	2	11	0.9883	NA	2	2.6652	virb4;F_traV	NA
GCF_039671945.1	contig_9	3373	DTR	6	11	0.9879	NA	0	1.1886	NA	NA
GCF_039671945.1	contig_36	642	No terminal repeats	2	11	0.9877	NA	2	2.9772	F_traW	NA
GCF_039671945.1	contig_53	7149	No terminal repeats	6	11	0.9841	NA	0	1.7168	NA	NA
GCF_039671945.1	contig_37	629	No terminal repeats	2	11	0.9791	NA	1	1.7183	NA	NA
GCF_039671945.1	contig_38	629	No terminal repeats	2	11	0.9751	NA	1	1.7183	NA	NA
GCF_039671945.1	contig_21	1377	No terminal repeats	2	11	0.9662	NA	2	2.5091	F_traG;F_traH	NA
GCF_039671945.1	contig_18	1773	No terminal repeats	1	11	0.9395	NA	1	1.2708	F_traN	NA
GCF_039671945.1	contig_47	384	No terminal repeats	2	11	0.8512	NA	1	1.2743	NA	NA
GCF_039671955.1	contig_20	52336	No terminal repeats	58	11	0.9943	NA	4	19.9264	MOBF	NA
GCF_039671955.1	contig_12	181176	No terminal repeats	154	11	0.9939	NA	2	34.6238	NA	NF033105
GCF_039671955.1	contig_18	556077	DTR	548	11	0.9937	NA	2	88.0415	NA	NF000496;NF033135;NF033145;NF033135;NF000095;NF033145;NF000025
GCF_039671955.1	contig_19	100799	No terminal repeats	105	11	0.9927	NA	18	56.7546	G_tfc19;G_tfc18;G_tfc22;G_tfc23;G_tfc24;G_tfc17;virb4;G_tfc15;G_tfc14;G_tfc13;G_tfc12;G_tfc11;G_tfc10;G_tfc9;G_tfc8;G_tfc7;t4cp1;G_tfc5;T_virB1;G_tfc3;G_tfc2;MOBH	NF000402;NF000402
GCF_039671955.1	contig_22	2647	No terminal repeats	6	11	0.9314	NA	0	1.6290	NA	NA
GCF_039671975.1	contig_10	58571	No terminal repeats	62	11	0.9943	NA	3	23.7882	NA	NA
GCF_039671975.1	contig_11	38710	No terminal repeats	47	11	0.9940	NA	0	19.0263	NA	NA
GCF_039671975.1	contig_8	168438	DTR	151	11	0.9940	NA	2	38.3984	NA	NF033105
GCF_039671975.1	contig_9	548109	No terminal repeats	530	11	0.9938	NA	2	95.9399	NA	NF000496;NF033135;NF033145;NF033135;NF000095;NF012174;NF033145;NF000493;NF000025
GCF_039671975.1	contig_12	18135	ITR	22	11	0.9927	NA	0	7.7498	NA	NA
GCF_039671975.1	contig_13	11537	No terminal repeats	12	11	0.9812	NA	0	1.7904	NA	NA
GCF_039671975.1	contig_14	10507	No terminal repeats	10	11	0.9363	NA	0	0.8035	NA	NA
GCF_039671975.1	contig_2	3606	No terminal repeats	6	11	0.8481	NA	0	0.3879	NA	NA
GCF_039671985.1	contig_16	110706	No terminal repeats	110	11	0.9946	NA	23	70.4620	F_traL;F_traE;F_traK;F_traB;F_traV;virb4;F_traW;F_traU;F_traN;F_traF;F_traH;F_traG;MOBF	NF000138
GCF_039671985.1	contig_21	9315	No terminal repeats	11	11	0.9943	NA	1	7.1824	F_traE	NA
GCF_039671985.1	contig_12	188620	DTR	156	11	0.9939	NA	2	39.7281	NA	NF033105
GCF_039671985.1	contig_15	531076	No terminal repeats	510	11	0.9936	NA	1	80.4432	NA	NF033135;NF033145;NF033135;NF000095;NF033105;NF012174;NF033145;NF000493;NF000025
GCF_039671985.1	contig_18	35308	No terminal repeats	44	11	0.9936	NA	0	12.5109	NA	NA
GCF_039671985.1	contig_17	93438	DTR	107	11	0.9932	NA	18	47.7942	MOBH;G_tfc2;G_tfc3;T_virB1;G_tfc5;t4cp1;G_tfc7;G_tfc8;G_tfc9;G_tfc10;G_tfc11;G_tfc12;G_tfc13;G_tfc14;G_tfc15;virb4;G_tfc17;G_tfc24;G_tfc23;G_tfc22;G_tfc18;G_tfc19	NF012174
GCF_039671985.1	contig_20	18118	No terminal repeats	22	11	0.9924	NA	0	7.7498	NA	NA
GCF_039671985.1	contig_19	22113	No terminal repeats	22	11	0.9705	NA	0	2.5939	NA	NA
GCF_039672015.1	contig_4	176583	DTR	161	11	0.9941	NA	6	47.0802	G_tfc7;t4cp1;MOBF;F_traG	NF033135
GCF_039672015.1	contig_2	191602	DTR	160	11	0.9941	NA	2	39.4025	NA	NF033105
GCF_039672015.1	contig_3	538380	DTR	507	11	0.9937	NA	2	91.1976	NA	NF012174;NF033145;NF000493;NF000025;NF033135;NF033145;NF000496;NF033135;NF000095
GCF_039672045.1	contig_7	59896	No terminal repeats	59	11	0.9947	NA	8	34.0223	F_traN;F_traF;F_traH;F_traG;MOBF	NA
GCF_039672045.1	contig_4	165700	No terminal repeats	149	11	0.9940	NA	2	38.7298	NA	NF033105
GCF_039672045.1	contig_8	10951	No terminal repeats	12	11	0.9938	NA	0	4.9474	NA	NA
GCF_039672045.1	contig_6	159316	No terminal repeats	154	11	0.9937	NA	4	35.9223	G_tfc7;t4cp1	NF033135
GCF_039672045.1	contig_5	754454	No terminal repeats	727	11	0.9931	NA	2	25.6530	T_virB9	NF033117;NF000482;NF012174;NF012176;NF033085;NF033105;NF012174;NF033145;NF000493;NF000025;NF033135;NF000496;NF033145;NF033135
GCF_039672065.1	contig_2	167275	DTR	144	11	0.9941	NA	2	33.2153	NA	NF033105
GCF_039672065.1	contig_3	545321	DTR	525	11	0.9936	NA	2	93.1537	NA	NF033135;NF000496;NF033145;NF033135;NF000095;NF033145;NF000493;NF000025
GCF_039672065.1	contig_4	34717	DTR	36	11	0.9933	NA	3	10.4722	NA	NA
GCF_039672075.1	contig_2	167860	DTR	144	11	0.9940	NA	2	34.9788	NA	NF033105
GCF_039672075.1	contig_4	34717	DTR	36	11	0.9936	NA	3	8.7554	NA	NA
GCF_039672075.1	contig_3	547115	DTR	526	11	0.9936	NA	2	93.1537	NA	NF033135;NF000496;NF033145;NF033135;NF000095;NF033145;NF000493;NF000025
GCF_039672095.1	contig_4	75622	DTR	72	11	0.9941	NA	3	33.8853	NA	NA
GCF_039672095.1	contig_2	191547	DTR	158	11	0.9940	NA	2	40.8207	NA	NF033105
GCF_039672095.1	contig_3	539117	DTR	526	11	0.9936	NA	2	92.0595	NA	NF012174;NF033145;NF000493;NF000025;NF033135;NF033145;NF033135;NF000095
GCF_039672115.1	contig_18	63116	No terminal repeats	66	11	0.9947	NA	4	29.4418	F_traW	NA
GCF_039672115.1	contig_17	80601	No terminal repeats	88	11	0.9943	NA	19	57.4947	F_traL;F_traE;F_traK;F_traB;F_traV;virb4;F_traW;F_traU;F_traN;F_traF;F_traH;F_traG;MOBF	NA
GCF_039672115.1	contig_16	537863	DTR	510	11	0.9937	NA	2	93.5912	NA	NF012174;NF033145;NF000493;NF000025;NF033135;NF000496;NF033145;NF033135;NF000095
GCF_039672115.1	contig_19	35319	No terminal repeats	44	11	0.9936	NA	0	12.5109	NA	NA
GCF_039672115.1	contig_12	173333	No terminal repeats	151	11	0.9933	NA	2	37.8001	NA	NF033105
GCF_039672115.1	contig_20	18135	ITR	22	11	0.9927	NA	0	7.7498	NA	NA
GCF_039672115.1	contig_21	11537	No terminal repeats	12	11	0.9811	NA	0	1.7904	NA	NA
GCF_039672115.1	contig_3	3416	No terminal repeats	2	11	0.9645	NA	0	0.9298	NA	NA
GCF_039672115.1	contig_22	10507	No terminal repeats	10	11	0.9363	NA	0	0.8035	NA	NA
GCF_039672125.1	contig_7	174627	No terminal repeats	150	11	0.9942	NA	2	36.8800	NA	NF033105
GCF_039672125.1	contig_8	624813	No terminal repeats	613	11	0.9939	NA	2	87.1346	NA	NF000496;NF033145;NF033135;NF033135;NF000095;NF012174;NF033145;NF033156;NF000493;NF000025;NF033135
GCF_039672125.1	contig_9	125098	No terminal repeats	144	11	0.9932	NA	18	67.3467	G_tfc19;G_tfc18;G_tfc22;G_tfc23;G_tfc24;G_tfc17;virb4;G_tfc15;G_tfc14;G_tfc13;G_tfc12;G_tfc11;G_tfc10;G_tfc9;G_tfc8;G_tfc7;t4cp1;G_tfc5;T_virB1;G_tfc3;G_tfc2;MOBH	NF000496
GCF_039672165.1	contig_8	74696	DTR	82	11	0.9944	NA	18	55.0838	G_tfc19;G_tfc18;G_tfc22;G_tfc23;G_tfc24;G_tfc17;virb4;G_tfc15;G_tfc14;G_tfc13;G_tfc12;G_tfc11;G_tfc10;G_tfc9;G_tfc8;G_tfc7;t4cp1;G_tfc5;T_virB1;G_tfc3;G_tfc2;MOBH	NF000402;NF000052;NF012171
GCF_039672165.1	contig_7	533528	No terminal repeats	529	11	0.9937	NA	2	95.1845	NA	NF012174;NF033145;NF000493;NF000025;NF033135;NF033145;NF033135;NF000095
GCF_039672165.1	contig_6	192529	DTR	162	11	0.9935	NA	2	36.0598	NA	NF033105
GCF_039672185.1	contig_5	181530	No terminal repeats	150	11	0.9941	NA	2	37.8312	NA	NF033105;NF033105
GCF_039672185.1	contig_7	50510	DTR	53	11	0.9939	NA	2	10.8262	NA	NA
GCF_039672185.1	contig_8	37243	No terminal repeats	43	11	0.9937	NA	6	11.5409	F_traU	NA
GCF_039672185.1	contig_11	2736	No terminal repeats	6	11	0.9868	NA	0	0.9921	NA	NA
GCF_039672185.1	contig_9	13980	No terminal repeats	14	11	0.9706	NA	0	1.5132	NA	NA
GCF_039672195.1	contig_12	333535	No terminal repeats	309	11	0.9937	NA	7	79.4743	NA	NF033105
GCF_039672195.1	contig_20	640661	No terminal repeats	627	11	0.9933	NA	2	93.1914	NA	NF033135;NF000496;NF033145;NF033135;NF000272;NF033135;NF000095;NF033105;NF012174;NF033145;NF000025;NF000493;NF000025
GCF_039672195.1	contig_24	2893	DTR	5	11	0.9888	NA	0	1.1886	NA	NA
GCF_039672195.1	contig_21	56596	No terminal repeats	77	11	0.9885	NA	18	30.5669	MOBF;F_traG;F_traH;F_traF;F_traN;F_trbC;F_traU;F_traW;virb4;F_traV;F_traB;F_traK;F_traE;F_traL	NA
GCF_039672195.1	contig_22	10193	ITR	10	11	0.9429	NA	0	1.6824	NA	NA
GCF_039672205.1	contig_5	171794	DTR	148	11	0.9940	NA	2	35.3739	NA	NF033105
GCF_039672205.1	contig_6	538919	DTR	518	11	0.9937	NA	1	87.7345	NA	NF012174;NF033145;NF000493;NF000025;NF033135;NF000496;NF033145;NF033135;NF000095
GCF_039672235.1	contig_9	117196	No terminal repeats	131	11	0.9947	NA	22	83.4178	MOBF;F_traG;F_traH;F_traF;F_traN;F_traU;F_traW;virb4;F_traV;F_traB;F_traK;F_traE;F_traL	NF000138
GCF_039672235.1	contig_7	175403	No terminal repeats	143	11	0.9941	NA	2	37.7793	NA	NF033105
GCF_039672235.1	contig_8	620880	No terminal repeats	616	11	0.9937	NA	1	46.2487	NA	NF000493;NF000025;NF033135;NF033145;NF033135;NF000095;NF012174;NF033145;NF012174
GCF_039672235.1	contig_14	552	No terminal repeats	1	11	0.9675	NA	1	0.9293	NA	NA
GCF_039672265.1	contig_5	87014	DTR	89	11	0.9946	NA	14	48.2262	F_traU;F_traW;F_traU;F_traN;F_traF;F_traH;F_traG;MOBF	NA
GCF_039672265.1	contig_3	172524	DTR	151	11	0.9939	NA	2	35.1318	NA	NF033105
GCF_039672265.1	contig_4	569994	DTR	554	11	0.9937	NA	2	101.8246	NA	NF033135;NF033145;NF033135;NF000095;NF012174;NF033145;NF000493;NF000025
GCF_039672275.1	contig_5	177530	No terminal repeats	146	11	0.9940	NA	2	33.0248	NA	NF033105
GCF_039672275.1	contig_6	544201	No terminal repeats	515	11	0.9936	NA	2	95.2286	NA	NF000496;NF033135;NF033145;NF033135;NF000095;NF012174;NF033145;NF000493;NF000025
GCF_039672285.1	contig_7	3526	DTR	5	11	0.9943	NA	0	2.6674	NA	NA
GCF_039672285.1	contig_4	176286	DTR	152	11	0.9943	NA	2	38.6888	NA	NF033105
GCF_039672285.1	contig_5	608913	No terminal repeats	607	11	0.9939	NA	2	83.1402	NA	NF012174;NF033145;NF012174;NF000496;NF000493;NF000025;NF033135;NF033145;NF033135;NF000095
GCF_039672295.1	contig_4	177530	No terminal repeats	146	11	0.9940	NA	2	33.0248	NA	NF033105
GCF_039672295.1	contig_5	544201	No terminal repeats	515	11	0.9936	NA	2	95.2286	NA	NF000496;NF033135;NF033145;NF033135;NF000095;NF012174;NF033145;NF000493;NF000025
GCF_039672335.1	contig_2	2529	No terminal repeats	5	11	0.9957	NA	0	5.5396	NA	NA
GCF_039672335.1	contig_19	78545	No terminal repeats	85	11	0.9948	NA	19	57.7891	F_traL;F_traE;F_traK;F_traB;F_traV;virb4;F_traW;F_traU;F_traN;F_traF;F_traH;F_traG;MOBF	NA
GCF_039672335.1	contig_12	179666	DTR	150	11	0.9940	NA	2	37.7349	NA	NF033105
GCF_039672335.1	contig_17	587415	No terminal repeats	566	11	0.9940	NA	3	117.5596	NA	NF033135;NF000496;NF033145;NF033135;NF000095;NF012174;NF033145;NF000493;NF000025
GCF_039672335.1	contig_18	95238	No terminal repeats	109	11	0.9938	NA	20	65.6427	MOBH;G_tfc2;G_tfc3;T_virB1;G_tfc5;t4cp1;G_tfc7;G_tfc8;G_tfc9;G_tfc10;G_tfc11;G_tfc12;G_tfc13;G_tfc14;G_tfc15;virb4;G_tfc17;G_tfc24;G_tfc23;G_tfc22;G_tfc18;G_tfc19	NA
GCF_039672335.1	contig_20	46319	No terminal repeats	45	11	0.9919	NA	0	3.5959	NA	NA
GCF_039672335.1	contig_21	14546	No terminal repeats	10	11	0.9399	NA	0	0.4256	NA	NF033135
GCF_039672365.1	contig_10	40429	ITR	45	11	0.9942	NA	1	12.3522	NA	NA
GCF_039672365.1	contig_8	95818	ITR	82	11	0.9940	NA	1	21.3038	NA	NA
GCF_039672365.1	contig_6	190949	DTR	157	11	0.9938	NA	2	36.4305	NA	NF033105
GCF_039672365.1	contig_7	542018	DTR	523	11	0.9938	NA	2	88.2713	NA	NF012212;NF033135;NF033145;NF033135;NF000095;NF012174;NF033145;NF000493;NF000025
GCF_039672365.1	contig_9	86602	DTR	92	11	0.9932	NA	18	48.3679	G_tfc8;G_tfc9;G_tfc10;G_tfc11;G_tfc12;G_tfc13;G_tfc14;G_tfc15;virb4;G_tfc17;G_tfc24;G_tfc23;G_tfc22;G_tfc18;G_tfc19;MOBH;G_tfc2;G_tfc3;T_virB1;G_tfc5;t4cp1;G_tfc7	NA
GCF_039672395.1	contig_16	110642	No terminal repeats	110	11	0.9947	NA	23	72.1046	MOBF;F_traG;F_traH;F_traF;F_traN;F_traU;F_traW;virb4;F_traV;F_traB;F_traK;F_traE;F_traL	NF000138
GCF_039672395.1	contig_12	174702	No terminal repeats	150	11	0.9944	NA	2	38.1476	NA	NF033105
GCF_039672395.1	contig_17	35308	No terminal repeats	44	11	0.9939	NA	0	12.5109	NA	NA
GCF_039672395.1	contig_15	113080	DTR	120	11	0.9937	NA	18	64.4920	G_tfc24;G_tfc23;G_tfc22;G_tfc18;G_tfc19;MOBH;G_tfc2;G_tfc3;T_virB1;G_tfc5;t4cp1;G_tfc7;G_tfc8;G_tfc9;G_tfc10;G_tfc11;G_tfc12;G_tfc13;G_tfc14;G_tfc15;virb4;G_tfc17	NF000402;NF000402
GCF_039672395.1	contig_14	515486	DTR	494	11	0.9934	NA	1	92.3460	NA	NF033135;NF000095;NF012174;NF033145;NF000493;NF000025;NF033145
GCF_039672395.1	contig_19	18135	ITR	22	11	0.9927	NA	0	7.7498	NA	NA
GCF_039672395.1	contig_18	22090	No terminal repeats	22	11	0.9710	NA	0	2.5939	NA	NA
GCF_039672415.1	contig_3	183142	DTR	170	11	0.9941	NA	12	59.1324	F_traU;F_traN;F_traF;F_traH;F_traG;MOBF;t4cp1;G_tfc7	NF033135
GCF_039672415.1	contig_5	537792	No terminal repeats	518	11	0.9937	NA	2	94.0193	NA	NF033105;NF012174;NF033145;NF000025;NF033135;NF000496;NF033145;NF033135;NF000095
GCF_039672415.1	contig_4	177942	No terminal repeats	151	11	0.9936	NA	2	36.1078	NA	NF033105
GCF_039672445.1	contig_10	3526	DTR	5	11	0.9943	NA	0	2.6674	NA	NA
GCF_039672445.1	contig_7	175349	No terminal repeats	152	11	0.9942	NA	2	40.4523	NA	NF033105
GCF_039672455.1	contig_10	177931	DTR	145	11	0.9941	NA	2	36.0303	NA	NF033105
GCF_039672455.1	contig_13	67904	No terminal repeats	67	11	0.9937	NA	5	25.6706	G_tfc2;G_tfc3;t4cp1;G_tfc19	NA
GCF_039672455.1	contig_11	545590	No terminal repeats	524	11	0.9935	NA	2	93.4473	NA	NF033135;NF000095;NF012174;NF033145;NF000493;NF000025;NF033135;NF000496;NF033145
GCF_039672455.1	contig_14	9543	ITR	12	11	0.9918	NA	1	4.6675	NA	NA
GCF_039672455.1	contig_15	6557	No terminal repeats	5	11	0.9741	NA	0	0.9166	NA	NA
GCF_039672455.1	contig_17	2788	No terminal repeats	2	11	0.8541	NA	0	0.3825	NA	NA
GCF_039672495.1	contig_11	659013	No terminal repeats	644	11	0.9940	NA	2	67.9609	NA	NF033135;NF033145;NF033135;NF000095;NF012174;NF033145;NF033156;NF000493;NF000025
GCF_039672495.1	contig_12	87715	No terminal repeats	90	11	0.9939	NA	15	57.8980	G_tfc19;G_tfc18;G_tfc22;G_tfc23;G_tfc24;G_tfc17;virb4;G_tfc15;G_tfc14;G_tfc13;G_tfc12;G_tfc11;G_tfc10;G_tfc9;G_tfc8	NF000496
GCF_039672495.1	contig_10	183678	No terminal repeats	151	11	0.9938	NA	2	38.6917	NA	NF033105
GCF_039672495.1	contig_13	56940	No terminal repeats	72	11	0.9938	NA	8	34.3247	G_tfc7;t4cp1;G_tfc5;T_virB1;G_tfc3;G_tfc2;MOBH	NA
GCF_039672495.1	contig_15	17898	No terminal repeats	21	11	0.9930	NA	0	7.7498	NA	NA
GCF_039672495.1	contig_14	23712	No terminal repeats	24	11	0.9921	NA	0	4.1632	NA	NA
GCF_039672505.1	contig_11	8300	No terminal repeats	8	11	0.9953	NA	0	8.5914	NA	NA
GCF_039672505.1	contig_124	26753	No terminal repeats	28	11	0.9953	NA	3	16.8650	NA	NA
GCF_039672505.1	contig_3	14502	No terminal repeats	8	11	0.9949	NA	3	7.2083	F_traG;MOBF	NA
GCF_039672505.1	contig_123	29406	No terminal repeats	42	11	0.9949	NA	16	38.5095	F_traH;F_traF;F_traN;F_traU;F_traW;virb4;F_traV;F_traB;F_traK;F_traE;F_traL	NA
GCF_039672505.1	contig_125	24959	No terminal repeats	32	11	0.9948	NA	5	20.5421	F_traH	NA
GCF_039672505.1	contig_15	6961	DTR	10	11	0.9947	NA	1	3.1160	NA	NA
GCF_039672505.1	contig_29	3957	No terminal repeats	5	11	0.9947	NA	0	3.1847	NA	NA
GCF_039672505.1	contig_20	4758	No terminal repeats	6	11	0.9946	NA	0	2.6522	NA	NA
GCF_039672505.1	contig_118	54187	No terminal repeats	65	11	0.9945	NA	0	26.0165	NA	NA
GCF_039672505.1	contig_42	83010	No terminal repeats	68	11	0.9945	NA	1	16.9518	NA	NF033105
GCF_039672505.1	contig_33	3543	No terminal repeats	2	11	0.9943	NA	0	1.7183	NA	NA
GCF_039672505.1	contig_127	22000	No terminal repeats	20	11	0.9942	NA	1	7.9584	F_traE	NA
GCF_039672505.1	contig_74	101805	No terminal repeats	84	11	0.9940	NA	1	17.9442	NA	NA
GCF_039672505.1	contig_53	567361	DTR	564	11	0.9940	NA	3	54.5726	NA	NF000025;NF033135;NF033145;NF012174;NF033145;NF033156;NF000493
GCF_039672505.1	contig_117	56940	No terminal repeats	72	11	0.9938	NA	8	34.3247	G_tfc7;t4cp1;G_tfc5;T_virB1;G_tfc3;G_tfc2;MOBH	NA
GCF_039672505.1	contig_115	79999	No terminal repeats	80	11	0.9938	NA	15	51.1242	G_tfc19;G_tfc18;G_tfc22;G_tfc23;G_tfc24;G_tfc17;virb4;G_tfc15;G_tfc14;G_tfc13;G_tfc12;G_tfc11;G_tfc10;G_tfc9;G_tfc8	NF000496
GCF_039672505.1	contig_116	57753	No terminal repeats	47	11	0.9938	NA	0	21.0870	NA	NF033476
GCF_039672505.1	contig_23	4496	No terminal repeats	11	11	0.9937	NA	0	6.7738	NA	NA
GCF_039672505.1	contig_121	31651	No terminal repeats	24	11	0.9937	NA	3	7.2835	MOBF;F_traG	NA
GCF_039672505.1	contig_34	3495	No terminal repeats	5	11	0.9936	NA	0	3.4366	NA	NA
GCF_039672505.1	contig_114	87439	No terminal repeats	78	11	0.9935	NA	1	23.4965	NA	NF033135
GCF_039672505.1	contig_12	8010	No terminal repeats	11	11	0.9934	NA	1	3.3271	NA	NA
GCF_039672505.1	contig_25	4473	No terminal repeats	9	11	0.9932	NA	0	3.8953	NA	NA
GCF_039672505.1	contig_128	17898	No terminal repeats	21	11	0.9927	NA	0	7.7498	NA	NA
GCF_039672505.1	contig_27	4162	No terminal repeats	9	11	0.9925	NA	0	4.1558	NA	NA
GCF_039672505.1	contig_120	34368	No terminal repeats	44	11	0.9924	NA	6	10.9280	MOBC;T_virB11	NF000052;NF012171
GCF_039672505.1	contig_122	30731	No terminal repeats	24	11	0.9924	NA	0	7.0453	NA	NA
GCF_039672505.1	contig_22	4525	DTR	8	11	0.9924	NA	1	2.2083	NA	NA
GCF_039672505.1	contig_126	23712	No terminal repeats	24	11	0.9921	NA	0	4.1632	NA	NA
GCF_039672505.1	contig_64	3364	No terminal repeats	7	11	0.9920	NA	0	2.9810	NA	NA
GCF_039672505.1	contig_10	9668	No terminal repeats	15	11	0.9916	NA	0	3.2223	NA	NA
GCF_039672505.1	contig_17	5863	No terminal repeats	12	11	0.9915	NA	0	4.1880	NA	NA
GCF_039672505.1	contig_86	2908	No terminal repeats	4	11	0.9895	NA	0	1.5006	NA	NA
GCF_039672505.1	contig_32	3597	No terminal repeats	3	11	0.9878	NA	0	1.5085	NA	NA
GCF_039672505.1	contig_28	3966	No terminal repeats	6	11	0.9869	NA	0	0.2633	NA	NA
GCF_039672505.1	contig_31	3777	DTR	6	11	0.9869	NA	0	0.6411	NA	NA
GCF_039672505.1	contig_7	12144	No terminal repeats	14	11	0.9817	NA	0	1.7904	NA	NA
GCF_039672505.1	contig_8	11722	No terminal repeats	5	11	0.9774	NA	0	1.4971	NA	NA
GCF_039672505.1	contig_4	12733	No terminal repeats	11	11	0.9683	NA	0	1.3421	NA	NF033135
GCF_039672505.1	contig_97	2710	No terminal repeats	2	11	0.9547	NA	1	1.1702	G_tfc7	NA
GCF_039672505.1	contig_54	1293	No terminal repeats	2	11	0.9534	NA	2	2.2372	G_tfc7;t4cp1	NA
GCF_039672505.1	contig_49	1413	No terminal repeats	2	11	0.9378	NA	1	1.3074	F_traG	NA
GCF_039672505.1	contig_14	7935	No terminal repeats	9	11	0.9198	NA	0	1.1013	NA	NA
GCF_039672505.1	contig_21	4702	No terminal repeats	3	11	0.8763	NA	0	0.2616	NA	NA
GCF_039672505.1	contig_19	4962	No terminal repeats	3	11	0.8739	NA	0	0.4212	NA	NA
GCF_039672505.1	contig_119	2553	No terminal repeats	3	11	0.8335	NA	0	0.7005	NA	NA
GCF_039672515.1	contig_4	206893	DTR	204	11	0.9941	NA	22	83.7079	G_tfc7;t4cp1;MOBF;F_traG;F_traH;F_traF;F_traN;F_traU;F_traW;virb4;F_traV;F_traB;F_traK;F_traE;F_traL	NF033135
GCF_039672515.1	contig_5	178629	DTR	149	11	0.9940	NA	2	37.2554	NA	NF033105
GCF_039672515.1	contig_6	534081	DTR	513	11	0.9936	NA	2	98.3186	NA	NF012174;NF033145;NF000493;NF000025;NF033135;NF000496;NF033145;NF033135;NF000095
GCF_039672605.1	contig_5	658569	No terminal repeats	657	11	0.9938	NA	2	40.7039	NA	NF000493;NF000025;NF033135;NF000496;NF033145;NF000496;NF033135;NF000095;NF012174;NF033145
GCF_039672605.1	contig_4	176472	DTR	153	11	0.9935	NA	2	36.9871	NA	NF033105
GCF_039672605.1	contig_6	84296	DTR	97	11	0.9922	NA	18	54.8258	G_tfc10;G_tfc9;G_tfc8;G_tfc7;t4cp1;G_tfc5;T_virB1;G_tfc3;G_tfc2;MOBH;G_tfc19;G_tfc18;G_tfc22;G_tfc23;G_tfc24;G_tfc17;virb4;G_tfc15;G_tfc14;G_tfc13;G_tfc12;G_tfc11	NA
GCF_039672625.1	contig_6	74674	DTR	82	11	0.9944	NA	18	55.0838	G_tfc19;G_tfc18;G_tfc22;G_tfc23;G_tfc24;G_tfc17;virb4;G_tfc15;G_tfc14;G_tfc13;G_tfc12;G_tfc11;G_tfc10;G_tfc9;G_tfc8;G_tfc7;t4cp1;G_tfc5;T_virB1;G_tfc3;G_tfc2;MOBH	NF000402;NF000052;NF012171
GCF_039672625.1	contig_5	533301	No terminal repeats	529	11	0.9936	NA	2	95.1845	NA	NF012174;NF033145;NF000493;NF000025;NF033135;NF033145;NF033135;NF000095
GCF_039672625.1	contig_4	195010	DTR	161	11	0.9932	NA	2	36.0598	NA	NF033105
GCF_039672705.1	contig_5	181312	No terminal repeats	149	11	0.9937	NA	2	36.3557	NA	NF033105
GCF_039672705.1	contig_6	542330	DTR	531	11	0.9936	NA	2	94.6312	NA	NF012174;NF033145;NF000025;NF033135;NF033145;NF033135;NF000095
GCF_039672705.1	contig_9	4630	No terminal repeats	5	11	0.9583	NA	0	1.2354	NA	NA
GCF_039672725.1	contig_9	180727	No terminal repeats	149	11	0.9937	NA	2	36.3557	NA	NF033105
GCF_039672725.1	contig_13	4630	No terminal repeats	5	11	0.9310	NA	0	1.2354	NA	NA
GCF_039672735.1	contig_31	111095	DTR	114	11	0.9945	NA	22	69.8770	MOBP1;I_traI;I_traK;I_traL;I_traN;I_traO;I_traP;I_traQ;I_traR;traU;I_traW;I_traY;I_trbA;I_trbB	NF012174
GCF_039672735.1	contig_23	476892	No terminal repeats	468	11	0.9938	NA	2	76.8266	NA	NF012174;NF033145;NF000493;NF000025;NF033135;NF033145;NF033135;NF000095
GCF_039672735.1	contig_12	210465	DTR	181	11	0.9935	NA	2	37.9763	NA	NF033105;NF012174
GCF_039672735.1	contig_32	57490	No terminal repeats	52	11	0.9930	NA	0	14.0013	NA	NA
GCF_039672755.1	contig_11	97095	ITR	104	11	0.9944	NA	3	36.8926	NA	NA
GCF_039672755.1	contig_9	177453	No terminal repeats	165	11	0.9942	NA	2	50.1415	NA	NF033105
GCF_039672755.1	contig_10	526462	DTR	509	11	0.9937	NA	2	88.7156	NA	NF012174;NF033145;NF000493;NF000025;NF033135;NF033145;NF033135;NF000095
GCF_039672755.1	contig_13	25886	DTR	31	11	0.9931	NA	1	10.2654	I_traV	NA
GCF_039672755.1	contig_12	30563	No terminal repeats	28	11	0.9894	NA	0	4.3333	NA	NA
GCF_039672755.1	contig_14	11537	No terminal repeats	12	11	0.9812	NA	0	1.7904	NA	NA
GCF_039672755.1	contig_15	10507	No terminal repeats	10	11	0.9359	NA	0	0.8035	NA	NA
GCF_039672795.1	contig_3	165875	DTR	148	11	0.9941	NA	2	36.9663	NA	NF033105
GCF_039672795.1	contig_2	170438	No terminal repeats	158	11	0.9940	NA	10	51.2305	G_tfc7;t4cp1;MOBF;F_traG;F_traH;F_traF;F_traN	NF033135
GCF_039672795.1	contig_5	48782	No terminal repeats	57	11	0.9939	NA	2	18.7141	NA	NA
GCF_039672795.1	contig_6	10951	No terminal repeats	12	11	0.9936	NA	0	4.9474	NA	NA
GCF_039672795.1	contig_4	754454	No terminal repeats	727	11	0.9931	NA	2	25.6530	T_virB9	NF033117;NF000482;NF012174;NF012176;NF033085;NF033105;NF012174;NF033145;NF000493;NF000025;NF033135;NF000496;NF033145;NF033135
GCF_039675365.1	contig_12	2697	DTR	6	11	0.9949	NA	0	5.5396	NA	NA
GCF_039675365.1	contig_5	81390	DTR	89	11	0.9941	NA	19	58.9917	F_traL;F_traE;F_traK;F_traB;F_traV;virb4;F_traW;F_traU;F_traN;F_traF;F_traH;F_traG;MOBF	NA
GCF_039675365.1	contig_2	181958	No terminal repeats	148	11	0.9941	NA	2	34.8988	NA	NF033105
GCF_039675365.1	contig_4	103683	No terminal repeats	104	11	0.9941	NA	15	61.7908	G_tfc8;G_tfc9;G_tfc10;G_tfc11;G_tfc12;G_tfc13;G_tfc14;G_tfc15;virb4;G_tfc17;G_tfc24;G_tfc23;G_tfc22;G_tfc18;G_tfc19	NA
GCF_039675365.1	contig_3	537627	No terminal repeats	517	11	0.9938	NA	2	96.4673	NA	NF012174;NF033145;NF000493;NF000025;NF033135;NF033145;NF033135;NF000095
GCF_039675365.1	contig_6	56940	No terminal repeats	72	11	0.9938	NA	8	34.3247	G_tfc7;t4cp1;G_tfc5;T_virB1;G_tfc3;G_tfc2;MOBH	NA
GCF_039675365.1	contig_7	18157	ITR	24	11	0.9926	NA	0	8.0003	NA	NF033135
GCF_039675365.1	contig_8	11103	No terminal repeats	12	11	0.9808	NA	0	1.7904	NA	NA
GCF_039675365.1	contig_9	10054	No terminal repeats	9	11	0.9101	NA	0	0.8035	NA	NA
GCF_039675385.1	contig_2	167860	DTR	144	11	0.9942	NA	2	36.6355	NA	NF033105
GCF_039675385.1	contig_4	34717	DTR	35	11	0.9940	NA	3	8.7554	NA	NA
GCF_039675385.1	contig_3	545321	DTR	525	11	0.9936	NA	2	93.1537	NA	NF033135;NF000496;NF033145;NF033135;NF000095;NF033145;NF000493;NF000025
GCF_039675405.1	contig_2	542295	DTR	531	11	0.9936	NA	2	94.6312	NA	NF012174;NF033145;NF000025;NF033135;NF033145;NF033135;NF000095
GCF_039675405.1	contig_6	4630	No terminal repeats	5	11	0.9583	NA	0	1.2354	NA	NA
GCF_039675425.1	contig_4	75622	DTR	73	11	0.9946	NA	4	34.7131	NA	NA
GCF_039675425.1	contig_2	191547	DTR	158	11	0.9940	NA	2	40.8207	NA	NF033105
GCF_039675425.1	contig_3	539122	DTR	526	11	0.9937	NA	2	92.0595	NA	NF012174;NF033145;NF000493;NF000025;NF033135;NF033145;NF033135;NF000095
GCF_039675485.1	contig_5	63100	No terminal repeats	66	11	0.9947	NA	4	29.4418	F_traW	NA
GCF_039675485.1	contig_4	80601	No terminal repeats	88	11	0.9940	NA	19	57.4947	MOBF;F_traG;F_traH;F_traF;F_traN;F_traU;F_traW;virb4;F_traV;F_traB;F_traK;F_traE;F_traL	NA
GCF_039675485.1	contig_6	35319	No terminal repeats	44	11	0.9938	NA	0	12.5109	NA	NA
GCF_039675485.1	contig_3	537863	DTR	510	11	0.9937	NA	2	93.5912	NA	NF012174;NF033145;NF000493;NF000025;NF033135;NF000496;NF033145;NF033135;NF000095
GCF_039675485.1	contig_2	176639	No terminal repeats	153	11	0.9935	NA	2	36.9871	NA	NF033105
GCF_039675485.1	contig_7	18135	ITR	22	11	0.9925	NA	0	7.7498	NA	NA
GCF_039675485.1	contig_8	11537	No terminal repeats	12	11	0.9812	NA	0	1.7904	NA	NA
GCF_039675485.1	contig_11	3416	No terminal repeats	2	11	0.9645	NA	0	0.9298	NA	NA
GCF_039675485.1	contig_9	10507	No terminal repeats	10	11	0.9363	NA	0	0.8035	NA	NA
GCF_039675505.1	contig_2	181664	DTR	149	11	0.9938	NA	2	36.3557	NA	NF033105
GCF_039675505.1	contig_4	49643	DTR	52	11	0.9918	NA	8	24.2998	MOBP1;T_virB5;T_virB10;T_virB9;T_virB8;T_virB2;T_virB11	NA
GCF_039675745.1	contig_4	74674	DTR	82	11	0.9945	NA	18	55.0838	MOBH;G_tfc2;G_tfc3;T_virB1;G_tfc5;t4cp1;G_tfc7;G_tfc8;G_tfc9;G_tfc10;G_tfc11;G_tfc12;G_tfc13;G_tfc14;G_tfc15;virb4;G_tfc17;G_tfc24;G_tfc23;G_tfc22;G_tfc18;G_tfc19	NF012171;NF000052;NF000402
GCF_039675745.1	contig_3	533528	No terminal repeats	529	11	0.9937	NA	2	95.1845	NA	NF012174;NF033145;NF000493;NF000025;NF033135;NF033145;NF033135;NF000095
GCF_039675745.1	contig_2	195236	No terminal repeats	161	11	0.9930	NA	2	34.2963	NA	NF033105
GCF_039675765.1	contig_2	174627	No terminal repeats	150	11	0.9942	NA	2	36.8800	NA	NF033105
GCF_039675765.1	contig_3	624813	No terminal repeats	613	11	0.9939	NA	2	86.7392	NA	NF000496;NF033145;NF033135;NF033135;NF000095;NF012174;NF033145;NF033156;NF000493;NF000025;NF033135
GCF_039675765.1	contig_4	125098	No terminal repeats	144	11	0.9932	NA	18	67.3467	G_tfc19;G_tfc18;G_tfc22;G_tfc23;G_tfc24;G_tfc17;virb4;G_tfc15;G_tfc14;G_tfc13;G_tfc12;G_tfc11;G_tfc10;G_tfc9;G_tfc8;G_tfc7;t4cp1;G_tfc5;T_virB1;G_tfc3;G_tfc2;MOBH	NF000496
GCF_039675785.1	contig_2	180653	No terminal repeats	146	11	0.9938	NA	2	31.8563	NA	NF033105
GCF_039675785.1	contig_3	570485	No terminal repeats	546	11	0.9938	NA	1	102.4146	NA	NF033135;NF033145;NF033135;NF000095;NF033135;NF033145;NF000493;NF000025
GCF_039675785.1	contig_5	45045	DTR	49	11	0.9932	NA	3	15.3962	I_trbA	NA
GCF_039675785.1	contig_6	34606	DTR	45	11	0.9928	NA	6	10.9280	MOBC;T_virB11	NF000052;NF012171
GCF_039675785.1	contig_4	54329	No terminal repeats	72	11	0.9905	NA	18	29.1950	F_traL;F_traE;F_traK;F_traB;F_traV;virb4;F_traW;F_traU;F_trbC;F_traN;F_traF;F_traH;F_traG;MOBF	NA
GCF_039675805.1	contig_5	66603	No terminal repeats	69	11	0.9947	NA	4	30.3716	F_traW	NA
GCF_039675805.1	contig_4	83491	DTR	92	11	0.9945	NA	19	61.3160	F_traL;F_traE;F_traK;F_traB;F_traV;virb4;F_traW;F_traU;F_traN;F_traF;F_traH;F_traG;MOBF	NA
GCF_039675805.1	contig_3	537863	DTR	510	11	0.9937	NA	2	93.5912	NA	NF012174;NF033145;NF000493;NF000025;NF033135;NF000496;NF033145;NF033135;NF000095
GCF_039675805.1	contig_6	35308	No terminal repeats	44	11	0.9936	NA	0	12.5109	NA	NA
GCF_039675805.1	contig_2	176639	No terminal repeats	153	11	0.9935	NA	2	36.9871	NA	NF033105
GCF_039675805.1	contig_7	18135	ITR	22	11	0.9925	NA	0	7.7498	NA	NA
GCF_039675805.1	contig_8	11537	No terminal repeats	12	11	0.9811	NA	0	1.7904	NA	NA
GCF_039675805.1	contig_9	10507	No terminal repeats	10	11	0.9363	NA	0	0.8035	NA	NA
GCF_039675815.1	contig_2	179106	No terminal repeats	148	11	0.9943	NA	2	37.4216	NA	NF033105
GCF_039675815.1	contig_3	615839	DTR	608	11	0.9937	NA	2	56.0500	NA	NF033135;NF033145;NF033135;NF000095;NF012174;NF033145;NF000493;NF000025
GCF_040547385.1	contig_17	19101	No terminal repeats	11	11	0.9944	NA	1	7.6261	NA	NA
GCF_040547385.1	contig_8	203092	DTR	168	11	0.9938	NA	2	40.7892	NA	NF033105;NF012174
GCF_040547385.1	contig_2	513805	No terminal repeats	497	11	0.9937	NA	2	90.8788	NA	NF012174;NF033145;NF000493;NF000025;NF033135;NF033145;NF033135;NF000095
GCF_040547385.1	contig_5	312175	ITR	244	11	0.9931	NA	20	30.2871	F_traL;F_traE;F_traK;F_traV;virb4;F_traW;F_traU;F_traN;F_traN;F_traF;F_traH;F_traG;MOBF	NA
GCF_040547385.1	contig_15	40233	No terminal repeats	29	11	0.9904	NA	0	6.9860	NA	NF012212
GCF_040547405.1	contig_20	19101	No terminal repeats	11	11	0.9944	NA	1	7.6261	NA	NA
GCF_040547405.1	contig_9	203092	DTR	167	11	0.9939	NA	2	42.4911	NA	NF012174;NF033105
GCF_040547405.1	contig_3	513805	No terminal repeats	498	11	0.9936	NA	2	90.8788	NA	NF000095;NF033135;NF033145;NF033135;NF000025;NF000493;NF033145;NF012174
GCF_040547405.1	contig_5	312175	ITR	244	11	0.9931	NA	20	30.2871	F_traL;F_traE;F_traK;F_traV;virb4;F_traW;F_traU;F_traN;F_traN;F_traF;F_traH;F_traG;MOBF	NA
GCF_040547405.1	contig_18	40233	No terminal repeats	29	11	0.9904	NA	0	6.9860	NA	NF012212
GCF_040676145.1	contig_5	5612	DTR	9	11	0.9943	NA	1	1.7821	NA	NA
GCF_040676145.1	contig_28	168867	DTR	141	11	0.9942	NA	2	32.6313	NA	NF033105
GCF_040676145.1	contig_24	482399	ITR	459	11	0.9937	NA	1	82.3511	NA	NF033145;NF033135;NF000095;NF033135;NF033145;NF000493;NF000025
GCF_040676145.1	contig_2	87878	No terminal repeats	86	11	0.9931	NA	0	19.8797	NA	NF033135
GCF_040676315.1	contig_5	5612	DTR	9	11	0.9945	NA	1	1.7821	NA	NA
GCF_040676315.1	contig_27	168867	DTR	141	11	0.9940	NA	2	31.9636	NA	NF033105
GCF_040676315.1	contig_23	482399	ITR	459	11	0.9937	NA	1	82.3511	NA	NF033145;NF033135;NF000095;NF033135;NF033145;NF000493;NF000025
GCF_040676315.1	contig_2	87878	No terminal repeats	86	11	0.9931	NA	0	19.8797	NA	NF033135
GCF_900182855.1	contig_3	182411	No terminal repeats	150	11	0.9937	NA	2	32.4696	NA	NF033105
GCF_900182855.1	contig_4	534640	No terminal repeats	528	11	0.9933	NA	1	94.1303	NA	NF000493;NF000025;NF033135;NF033145;NF033135;NF000095;NF033145
GCF_900185875.1	contig_20	179622	No terminal repeats	155	11	0.9943	NA	2	39.1133	NA	NF033105
GCF_900185875.1	contig_21	511874	DTR	491	11	0.9938	NA	2	96.3311	NA	NF000095;NF033135;NF033145;NF033135;NF000025;NF000493;NF033145;NF012174
GCF_900185875.1	contig_9	16792	No terminal repeats	20	11	0.9918	NA	0	3.8662	NA	NF012178
GCF_900185875.1	contig_27	18999	No terminal repeats	18	11	0.9326	NA	0	2.0100	NA	NA
GCF_900454395.1	contig_1	6879	No terminal repeats	10	11	0.9952	NA	3	9.0924	NA	NA
GCF_900454395.1	contig_2	181788	No terminal repeats	188	11	0.9937	NA	1	37.8431	NA	NF012174;NF033145;NF000493
GCF_900454395.1	contig_3	316069	No terminal repeats	290	11	0.9933	NA	0	54.5646	NA	NF000402;NF000402;NF000095;NF033135;NF000272;NF033145;NF033135
GCF_900454505.1	contig_3	460684	No terminal repeats	446	11	0.9936	NA	1	83.3441	NA	NF000095;NF033145;NF033135;NF033135;NF000025;NF000493;NF033145;NF012174
GCF_900454505.1	contig_2	90067	No terminal repeats	95	11	0.9933	NA	18	60.4024	G_tfc22;G_tfc18;G_tfc19;MOBH;G_tfc2;G_tfc3;T_virB1;G_tfc5;t4cp1;G_tfc7;G_tfc8;G_tfc9;G_tfc10;G_tfc11;G_tfc12;G_tfc13;G_tfc14;G_tfc15;virb4;G_tfc17;G_tfc24;G_tfc23	NF000402;NF000402;NF033156
GCF_900454505.1	contig_1	14550	No terminal repeats	17	11	0.9374	NA	0	1.2463	I_traY	NA
GCF_902706165.1	contig_9	162863	No terminal repeats	143	11	0.9941	NA	2	39.5801	NA	NF033105
GCF_902706165.1	contig_3	531003	No terminal repeats	505	11	0.9938	NA	2	95.2247	NA	NF033145;NF033135;NF000095;NF012174;NF033145;NF000493;NF000025;NF033135
GCF_902706165.1	contig_15	20606	No terminal repeats	25	11	0.9875	NA	0	3.8952	NA	NF033156
GCF_905332865.1	contig_12	174354	DTR	157	11	0.9940	NA	2	41.5127	NA	NF033105
GCF_905332865.1	contig_2	533303	DTR	514	11	0.9936	NA	1	89.6058	NA	NF000025;NF033087;NF033145;NF012174;NF033135;NF000272;NF033145;NF033135
GCF_905332865.1	contig_14	86763	No terminal repeats	71	11	0.9786	NA	0	2.3769	NA	NA
GCF_943184895.1	contig_3	174327	No terminal repeats	178	11	0.9942	NA	22	83.0050	MOBF;F_traG;F_traH;F_traF;F_traN;F_traU;F_traW;virb4;F_traV;F_traB;F_traK;F_traE;F_traL	NF033114;NF000402
GCF_943184895.1	contig_4	163706	No terminal repeats	150	11	0.9936	NA	2	37.4201	NA	NF033105
GCF_943184895.1	contig_5	117499	No terminal repeats	128	11	0.9936	NA	18	51.6356	MOBH;G_tfc2;G_tfc3;T_virB1;G_tfc5;t4cp1;G_tfc7;G_tfc8;G_tfc9;G_tfc10;G_tfc11;G_tfc12;G_tfc13;G_tfc14;G_tfc15;virb4;G_tfc17;G_tfc24;G_tfc23;G_tfc22;G_tfc18;G_tfc19	NA
GCF_943184895.1	contig_2	530328	No terminal repeats	514	11	0.9933	NA	1	96.4864	NA	NF000025;NF000493;NF033145;NF012174;NF000095;NF033135;NF000272;NF033145
ISP113A35BSH120	contig_3	574549	No terminal repeats	544	11	0.9937	NA	3	101.4169	NA	NF012174;NF033145;NF000493;NF000025;NF033135;NF033145;NF000493;NF033135;NF000095
ISP113A35BSH120	contig_9	181362	No terminal repeats	158	11	0.9937	NA	2	43.4802	NA	NF033105
ISP113A35BSH120	contig_46	286	No terminal repeats	1	11	0.9863	NA	1	1.7183	NA	NA
ISP136B15SPT20Q20	contig_15	4343	No terminal repeats	3	11	0.9956	NA	0	2.8299	NA	NA
ISP136B15SPT20Q20	contig_17	2622	No terminal repeats	4	11	0.9951	NA	0	1.7266	NA	NA
ISP136B15SPT20Q20	contig_4	518107	No terminal repeats	494	11	0.9938	NA	1	88.2220	NA	NF000025;NF000493;NF033145;NF012174;NF000095;NF033135;NF033145;NF033135
ISP136B15SPT20Q20	contig_13	17192	No terminal repeats	26	11	0.9933	NA	1	9.9586	NA	NA
ISP136B15SPT20Q20	contig_10	107477	No terminal repeats	110	11	0.9922	NA	20	15.7200	MOBF;I_traV;F_traG;F_traH;F_traF;F_traN;F_traU;F_traW;virb4;F_traV;F_traK;F_traE;F_traL	NA
ISP136B15SPT20Q20	contig_16	3224	No terminal repeats	4	11	0.9906	NA	1	1.7183	NA	NA
ISP142B21SPM20Q20b	contig_17	4343	No terminal repeats	3	11	0.9956	NA	0	2.8299	NA	NA
ISP142B21SPM20Q20b	contig_19	2622	No terminal repeats	4	11	0.9947	NA	0	1.7266	NA	NA
ISP142B21SPM20Q20b	contig_3	518107	No terminal repeats	494	11	0.9938	NA	1	88.2220	NA	NF000025;NF000493;NF033145;NF012174;NF000095;NF033135;NF033145;NF033135
ISP142B21SPM20Q20b	contig_15	17265	No terminal repeats	25	11	0.9931	NA	1	9.9586	NA	NA
ISP142B21SPM20Q20b	contig_11	107477	No terminal repeats	110	11	0.9923	NA	20	15.7200	F_traL;F_traE;F_traK;F_traV;virb4;F_traW;F_traU;F_traN;F_traF;F_traH;F_traG;I_traV;MOBF	NA
ISP142B21SPM20Q20b	contig_18	3224	No terminal repeats	4	11	0.9909	NA	1	1.7183	NA	NA
ISP143B22SPM20Q20	contig_9	181363	No terminal repeats	158	11	0.9940	NA	2	43.4802	NA	NF033105
ISP143B22SPM20Q20	contig_3	574549	No terminal repeats	544	11	0.9937	NA	3	101.4169	NA	NF012174;NF033145;NF000493;NF000025;NF033135;NF033145;NF000493;NF033135;NF000095
ISP143B22SPM20Q20	contig_47	286	No terminal repeats	1	11	0.9866	NA	1	1.7183	NA	NA
ISP15121	contig_6	668814	No terminal repeats	729	11	0.9933	NA	15	173.8321	T_virB1;T_virB10;T_virB9;T_virB8;T_virB5;virb4;T_virB2;T_virB11;MOBQ	NF000496;NF000095;NF033105;NF000438
ISP15121	contig_9	341886	No terminal repeats	314	11	0.9930	NA	10	82.7390	MOBP1;T_virB11;T_virB6;T_virB9;T_virB8;T_virB6;virb4;T_virB3	NF033145
ISP15121	contig_2	1111812	No terminal repeats	1023	11	0.9914	NA	3	92.6267	T_virB9	NF000005;NF033135;NF033135;NF000469;NF033105;NF033135;NF000469;NF012174;NF000272;NF033105
ISP15121	contig_5	802336	No terminal repeats	745	11	0.9914	NA	0	84.7039	NA	NF012174;NF033068;NF033145;NF033105
ISP15121	contig_11	33900	No terminal repeats	38	11	0.9904	NA	0	6.5617	NA	NF033085
ISP18721	contig_3	574516	No terminal repeats	544	11	0.9938	NA	3	101.4169	NA	NF012174;NF033145;NF000493;NF000025;NF033135;NF033145;NF000493;NF033135;NF000095
ISP18721	contig_10	181363	No terminal repeats	158	11	0.9937	NA	2	43.4802	NA	NF033105
ISP18721	contig_49	286	No terminal repeats	1	11	0.9863	NA	1	1.7183	NA	NA
ISP19321	contig_8	181362	No terminal repeats	158	11	0.9940	NA	2	43.4802	NA	NF033105
ISP19321	contig_3	574515	No terminal repeats	544	11	0.9938	NA	3	101.4169	NA	NF000095;NF033135;NF000493;NF033145;NF033135;NF000025;NF000493;NF033145;NF012174
ISP19321	contig_48	286	No terminal repeats	1	11	0.9863	NA	1	1.7183	NA	NA
ISP19421	contig_2	574560	No terminal repeats	544	11	0.9938	NA	3	101.4169	NA	NF000095;NF033135;NF000493;NF033145;NF033135;NF000025;NF000493;NF033145;NF012174
ISP19421	contig_10	181363	No terminal repeats	158	11	0.9937	NA	2	43.4802	NA	NF033105
ISP19421	contig_44	286	No terminal repeats	1	11	0.9866	NA	1	1.7183	NA	NA
ISP19621	contig_9	181362	No terminal repeats	158	11	0.9940	NA	2	43.4802	NA	NF033105
ISP19621	contig_2	574516	No terminal repeats	544	11	0.9938	NA	3	101.4169	NA	NF012174;NF033145;NF000493;NF000025;NF033135;NF033145;NF000493;NF033135;NF000095
ISP19621	contig_56	286	No terminal repeats	1	11	0.9863	NA	1	1.7183	NA	NA
ISP19721	contig_9	181362	No terminal repeats	158	11	0.9937	NA	2	43.4802	NA	NF033105
ISP19721	contig_45	286	No terminal repeats	1	11	0.9866	NA	1	1.7183	NA	NA
ISP20021	contig_11	181363	No terminal repeats	158	11	0.9940	NA	2	43.4802	NA	NF033105
ISP20021	contig_3	574548	No terminal repeats	544	11	0.9937	NA	3	101.4169	NA	NF012174;NF033145;NF000493;NF000025;NF033135;NF033145;NF000493;NF033135;NF000095
ISP20021	contig_45	286	No terminal repeats	1	11	0.9863	NA	1	1.7183	NA	NA
ISP20422	contig_10	181363	No terminal repeats	158	11	0.9940	NA	2	43.4802	NA	NF033105
ISP20422	contig_2	574515	No terminal repeats	544	11	0.9938	NA	3	101.4169	NA	NF012174;NF033145;NF000493;NF000025;NF033135;NF033145;NF000493;NF033135;NF000095
ISP20422	contig_49	286	No terminal repeats	1	11	0.9866	NA	1	1.7183	NA	NA
ISP205TRI712122	contig_10	181299	No terminal repeats	158	11	0.9940	NA	2	43.4802	NA	NF033105
ISP205TRI712122	contig_2	574539	No terminal repeats	544	11	0.9938	NA	3	101.4169	NA	NF000095;NF033135;NF000493;NF033145;NF033135;NF000025;NF000493;NF033145;NF012174
ISP205TRI712122	contig_58	286	No terminal repeats	1	11	0.9863	NA	1	1.7183	NA	NA
ISP206AE49822	contig_10	181362	No terminal repeats	158	11	0.9940	NA	2	43.4802	NA	NF033105
ISP206AE49822	contig_2	574561	No terminal repeats	544	11	0.9938	NA	3	101.4169	NA	NF000095;NF033135;NF000493;NF033145;NF033135;NF000025;NF000493;NF033145;NF012174
ISP206AE49822	contig_35	481	No terminal repeats	1	11	0.9764	NA	1	1.7183	NA	NA
ISP207KrafftsSiegerlnder22	contig_8	181359	No terminal repeats	158	11	0.9937	NA	2	43.4802	NA	NF033105
ISP207KrafftsSiegerlnder22	contig_2	635122	No terminal repeats	602	11	0.9935	NA	3	85.0835	NA	NF012174;NF033145;NF000493;NF000025;NF033135;NF033145;NF000493;NF033135;NF000095;NF012174
ISP207KrafftsSiegerlnder22	contig_51	286	No terminal repeats	1	11	0.9863	NA	1	1.7183	NA	NA
ISP208StrubesDickkopf22	contig_10	181362	No terminal repeats	158	11	0.9940	NA	2	43.4802	NA	NF033105
ISP208StrubesDickkopf22	contig_2	574515	No terminal repeats	544	11	0.9938	NA	3	101.4169	NA	NF012174;NF033145;NF000493;NF000025;NF033135;NF033145;NF000493;NF033135;NF000095
ISP208StrubesDickkopf22	contig_49	286	No terminal repeats	1	11	0.9863	NA	1	1.7183	NA	NA
ISP211TRI199822	contig_3	574516	No terminal repeats	544	11	0.9938	NA	3	101.4169	NA	NF000095;NF033135;NF000493;NF033145;NF033135;NF000025;NF000493;NF033145;NF012174
ISP211TRI199822	contig_8	181374	No terminal repeats	158	11	0.9937	NA	2	43.4802	NA	NF033105
ISP211TRI199822	contig_51	286	No terminal repeats	1	11	0.9863	NA	1	1.7183	NA	NA
ISP212TRI626322	contig_9	181363	No terminal repeats	158	11	0.9940	NA	2	43.4802	NA	NF033105
ISP212TRI626322	contig_3	574515	No terminal repeats	544	11	0.9938	NA	3	101.4169	NA	NF000095;NF033135;NF000493;NF033145;NF033135;NF000025;NF000493;NF033145;NF012174
ISP212TRI626322	contig_42	286	No terminal repeats	1	11	0.9863	NA	1	1.7183	NA	NA
ISP212TRI626322bis	contig_10	181363	No terminal repeats	158	11	0.9940	NA	2	43.4802	NA	NF033105
ISP212TRI626322bis	contig_2	574516	No terminal repeats	544	11	0.9938	NA	3	101.4169	NA	NF012174;NF033145;NF000493;NF000025;NF033135;NF033145;NF000493;NF033135;NF000095
ISP212TRI626322bis	contig_47	286	No terminal repeats	1	11	0.9866	NA	1	1.7183	NA	NA
ISP213TRI44822	contig_10	181354	No terminal repeats	158	11	0.9940	NA	2	43.4802	NA	NF033105
ISP213TRI44822	contig_2	574527	No terminal repeats	544	11	0.9938	NA	3	101.4169	NA	NF012174;NF033145;NF000493;NF000025;NF033135;NF033145;NF000493;NF033135;NF000095
ISP213TRI44822	contig_51	286	No terminal repeats	1	11	0.9866	NA	1	1.7183	NA	NA
ISP215TRI44522	contig_2	574988	No terminal repeats	544	11	0.9938	NA	3	101.4169	NA	NF000025;NF000493;NF033145;NF012174;NF000095;NF033135;NF000493;NF033145;NF033135
ISP215TRI44522	contig_10	181366	No terminal repeats	158	11	0.9936	NA	2	43.4802	NA	NF033105
ISP215TRI44522	contig_50	286	No terminal repeats	1	11	0.9866	NA	1	1.7183	NA	NA
ISP216TRI410122	contig_2	574558	No terminal repeats	544	11	0.9938	NA	3	101.4169	NA	NF000095;NF033135;NF000493;NF033145;NF033135;NF000025;NF000493;NF033145;NF012174
ISP216TRI410122	contig_10	181362	No terminal repeats	158	11	0.9937	NA	2	43.4802	NA	NF033105
ISP21EFSP3TBR18	contig_9	187588	No terminal repeats	158	11	0.9942	NA	2	44.1775	NA	NF033105
ISP21EFSP3TBR18	contig_2	607331	No terminal repeats	606	11	0.9938	NA	2	57.7537	NA	NF000025;NF000493;NF000496;NF033134;NF033145;NF012174;NF000095;NF033135;NF033145;NF033135
ISP222TRI432322	contig_31	6557	No terminal repeats	8	11	0.9941	NA	1	3.9470	NA	NA
ISP222TRI432322	contig_33	5912	No terminal repeats	10	11	0.9928	NA	1	2.3832	NA	NA
ISP222TRI432322	contig_21	39221	No terminal repeats	54	11	0.9922	NA	2	14.5028	MOBP2	NA
ISP222TRI432322	contig_30	6591	No terminal repeats	9	11	0.9847	NA	1	1.4827	NA	NA
ISP222TRI432322	contig_29	6958	No terminal repeats	10	11	0.9817	NA	0	3.7335	NA	NA
ISP222TRI432322	contig_35	5340	No terminal repeats	7	11	0.9682	NA	0	1.2959	NA	NA
ISP222TRI432322	contig_36	5116	No terminal repeats	7	11	0.9639	NA	0	2.0358	NA	NA
ISP222TRI432322	contig_34	5411	No terminal repeats	6	11	0.9594	NA	0	1.8713	NA	NA
ISP222TRI432322	contig_27	15813	No terminal repeats	19	11	0.9495	NA	0	3.6747	NA	NA
ISP225TRI432322	contig_18	52119	No terminal repeats	65	11	0.9898	NA	5	21.3572	MOBP1;MOBP1	NA
ISP225TRI432322	contig_27	26109	No terminal repeats	30	11	0.8209	NA	0	0.4797	NA	NA
ISP225TRI432322bis	contig_71	7632	No terminal repeats	9	11	0.9896	NA	2	2.9387	MOBP1	NA
ISP225TRI432322bis	contig_61	10893	No terminal repeats	11	11	0.9894	NA	2	8.0358	NA	NA
ISP225TRI432322bis	contig_38	32833	No terminal repeats	45	11	0.9879	NA	0	7.4402	NA	NA
ISP225TRI432322bis	contig_11	105864	No terminal repeats	116	11	0.9631	NA	0	7.4049	NA	NF033144;NF033129;NF033129
ISP225TRI432322bis	contig_14	87694	No terminal repeats	88	11	0.9497	NA	0	5.7687	NA	NF012174
ISP225TRI432322bis	contig_51	17230	No terminal repeats	20	11	0.8448	NA	0	1.8508	NA	NA
ISP225TRI432322bis	contig_47	20469	No terminal repeats	20	11	0.7706	NA	0	1.7051	NA	NF000138
ISP239TRI602222	contig_2	574527	No terminal repeats	544	11	0.9938	NA	3	101.4169	NA	NF000095;NF033135;NF000493;NF033145;NF033135;NF000025;NF000493;NF033145;NF012174
ISP239TRI602222	contig_9	181255	No terminal repeats	158	11	0.9937	NA	2	43.4802	NA	NF033105
ISP239TRI602222	contig_50	286	No terminal repeats	1	11	0.9863	NA	1	1.7183	NA	NA
ISP240TRI416822	contig_10	181363	No terminal repeats	158	11	0.9940	NA	2	43.4802	NA	NF033105
ISP240TRI416822	contig_4	574527	No terminal repeats	544	11	0.9938	NA	3	101.4169	NA	NF000095;NF033135;NF000493;NF033145;NF033135;NF000025;NF000493;NF033145;NF012174
ISP240TRI416822	contig_43	286	No terminal repeats	1	11	0.9863	NA	1	1.7183	NA	NA
ISP242TRI586022	contig_9	181367	No terminal repeats	158	11	0.9940	NA	2	43.4802	NA	NF033105
ISP242TRI586022	contig_3	574527	No terminal repeats	544	11	0.9938	NA	3	101.4169	NA	NF000095;NF033135;NF000493;NF033145;NF033135;NF000025;NF000493;NF033145;NF012174
ISP242TRI586022	contig_51	286	No terminal repeats	1	11	0.9866	NA	1	1.7183	NA	NA
ISP244TRI602222	contig_53	19547	No terminal repeats	19	11	0.9696	NA	0	3.9944	NA	NA
ISP244TRI602222	contig_36	49889	No terminal repeats	49	11	0.9676	NA	0	5.7546	NA	NF000496
ISP244TRI602222	contig_5	215876	No terminal repeats	169	11	0.9676	NA	0	20.3973	NA	NF033134;NF033135
ISP244TRI602222	contig_44	34024	No terminal repeats	26	11	0.8960	NA	0	4.0710	NA	NA
ISP244TRI602222	contig_14	105011	No terminal repeats	84	11	0.7763	NA	0	2.3941	NA	NA
ISP244TRI602222	contig_46	30207	No terminal repeats	22	11	0.7678	NA	0	3.3993	NA	NF000272
ISP244TRI602222	contig_35	50992	No terminal repeats	46	11	0.7664	NA	0	3.9040	NA	NF033117
ISP245AE20522	contig_7	181363	No terminal repeats	158	11	0.9940	NA	2	43.4802	NA	NF033105
ISP245AE20522	contig_2	574591	No terminal repeats	544	11	0.9937	NA	3	101.4169	NA	NF012174;NF033145;NF000493;NF000025;NF033135;NF033145;NF000493;NF033135;NF000095
ISP245AE20522	contig_45	286	No terminal repeats	1	11	0.9866	NA	1	1.7183	NA	NA
ISP246TRI430622	contig_5	246970	No terminal repeats	235	11	0.9940	NA	2	54.9979	NA	NF012174;NF033145;NF000493;NF000025
ISP246TRI430622	contig_12	179842	No terminal repeats	158	11	0.9938	NA	2	40.5603	NA	NF033105
ISP246TRI430622	contig_3	312402	No terminal repeats	298	11	0.9934	NA	0	47.3965	NA	NF033135;NF000496;NF033145;NF033135;NF012178;NF000095
ISP246TRI430622	contig_39	4535	No terminal repeats	6	11	0.9932	NA	0	3.2337	NA	NA
ISP246TRI430622	contig_26	56264	No terminal repeats	67	11	0.9930	NA	18	43.6004	MOBH;G_tfc2;G_tfc3;T_virB1;G_tfc5;t4cp1;G_tfc7;G_tfc8;G_tfc9;G_tfc10;G_tfc11;G_tfc12;G_tfc13;G_tfc14;G_tfc15;virb4;G_tfc17;G_tfc24;G_tfc23;G_tfc22;G_tfc18;G_tfc19	NA
ISP246TRI430622	contig_9	203583	No terminal repeats	181	11	0.9930	NA	20	59.9933	F_traL;F_traE;F_traK;F_traV;virb4;F_traW;F_traU;F_traN;F_traF;F_traH;F_traG;I_traV;MOBF	NA
ISP246TRI430622	contig_31	35001	No terminal repeats	35	11	0.9930	NA	2	9.4410	NA	NA
ISP246TRI430622	contig_38	6471	No terminal repeats	7	11	0.9895	NA	0	2.8801	NA	NA
ISP246TRI430622	contig_34	11282	No terminal repeats	16	11	0.9577	NA	0	1.5092	NA	NF012174
ISP248TRI821222	contig_2	574558	No terminal repeats	544	11	0.9938	NA	3	101.4169	NA	NF000095;NF033135;NF000493;NF033145;NF033135;NF000025;NF000493;NF033145;NF012174
ISP248TRI821222	contig_8	181363	No terminal repeats	158	11	0.9937	NA	2	43.4802	NA	NF033105
ISP248TRI821222	contig_55	286	No terminal repeats	1	11	0.9866	NA	1	1.7183	NA	NA
ISP250TRI436722	contig_7	181362	No terminal repeats	158	11	0.9940	NA	2	43.4802	NA	NF033105
ISP250TRI436722	contig_4	574591	No terminal repeats	544	11	0.9938	NA	3	101.4169	NA	NF000095;NF033135;NF000493;NF033145;NF033135;NF000025;NF000493;NF033145;NF012174
ISP250TRI436722	contig_49	286	No terminal repeats	1	11	0.9863	NA	1	1.7183	NA	NA
ISP252TRI416822	contig_2	574496	No terminal repeats	544	11	0.9938	NA	3	101.4169	NA	NF000095;NF033135;NF000493;NF033145;NF033135;NF000025;NF000493;NF033145;NF012174
ISP252TRI416822	contig_10	181201	No terminal repeats	158	11	0.9937	NA	2	43.4802	NA	NF033105
ISP252TRI416822	contig_29	40645	No terminal repeats	36	11	0.9889	NA	0	1.8158	NA	NA
ISP252TRI416822	contig_17	96604	No terminal repeats	78	11	0.9874	NA	0	2.5130	NA	NA
ISP252TRI416822	contig_56	495	No terminal repeats	1	11	0.9797	NA	1	1.7183	NA	NA
ISP254TRI602222	contig_3	556419	No terminal repeats	529	11	0.9938	NA	3	99.2396	NA	NF000095;NF033135;NF000493;NF033145;NF033135;NF000025;NF000493;NF033145;NF012174
ISP254TRI602222	contig_23	17876	No terminal repeats	17	11	0.9757	NA	0	2.1773	NA	NA
ISP255TRI430622	contig_2	574516	No terminal repeats	544	11	0.9938	NA	3	101.4169	NA	NF012174;NF033145;NF000493;NF000025;NF033135;NF033145;NF000493;NF033135;NF000095
ISP255TRI430622	contig_10	181362	No terminal repeats	158	11	0.9937	NA	2	43.4802	NA	NF033105
ISP255TRI430622	contig_53	286	No terminal repeats	1	11	0.9863	NA	1	1.7183	NA	NA
ISP256AE20522	contig_2	412050	No terminal repeats	399	11	0.9938	NA	3	77.4736	NA	NF033145;NF033135;NF000025;NF000493;NF033145;NF012174
ISP256AE20522	contig_10	181201	No terminal repeats	158	11	0.9937	NA	2	43.4802	NA	NF033105
ISP256AE20522	contig_11	162417	No terminal repeats	145	11	0.9927	NA	0	23.9434	NA	NF000095;NF033135;NF000493
ISP256AE20522	contig_35	26464	No terminal repeats	23	11	0.9922	NA	0	5.1957	NA	NF012174;NF033085;NF012174
ISP256AE20522	contig_28	40645	No terminal repeats	36	11	0.9898	NA	0	1.8158	NA	NA
ISP256AE20522	contig_54	286	No terminal repeats	1	11	0.9863	NA	1	1.7183	NA	NA
ISP256AE20522	contig_22	63123	No terminal repeats	45	11	0.9843	NA	0	1.4468	NA	NA
ISP256AE20522	contig_30	32097	No terminal repeats	30	11	0.9649	NA	0	1.7097	NA	NA
ISP258TRI821222	contig_62	4527	No terminal repeats	6	11	0.9920	NA	0	3.5111	NA	NA
ISP258TRI821222	contig_59	6070	No terminal repeats	5	11	0.9893	NA	0	4.1863	NA	NA
ISP258TRI821222	contig_48	12847	No terminal repeats	15	11	0.9861	NA	1	5.5648	NA	NA
ISP258TRI821222	contig_18	51141	No terminal repeats	50	11	0.9839	NA	2	16.2940	T_virB11	NA
ISP258TRI821222	contig_46	13355	No terminal repeats	16	11	0.9756	NA	0	2.0452	NA	NA
ISP258TRI821222	contig_68	3011	No terminal repeats	6	11	0.9742	NA	0	3.5742	NA	NA
ISP258TRI821222	contig_37	20929	No terminal repeats	20	11	0.9740	NA	0	5.3644	NA	NA
ISP258TRI821222	contig_55	8490	No terminal repeats	9	11	0.9735	NA	0	2.0914	NA	NA
ISP258TRI821222	contig_47	13179	No terminal repeats	15	11	0.9678	NA	1	1.5111	NA	NA
ISP258TRI821222	contig_65	3549	No terminal repeats	7	11	0.9664	NA	0	0.5769	NA	NA
ISP258TRI821222	contig_42	18808	No terminal repeats	26	11	0.9662	NA	0	2.5311	NA	NA
ISP258TRI821222	contig_52	11690	No terminal repeats	16	11	0.9457	NA	0	1.6519	NA	NA
ISP258TRI821222	contig_63	4340	No terminal repeats	6	11	0.9340	NA	0	0.5769	NA	NA
ISP258TRI821222	contig_61	5109	No terminal repeats	3	11	0.9028	NA	0	0.3559	NA	NA
ISP258TRI821222bis	contig_11	181362	No terminal repeats	158	11	0.9940	NA	2	43.4802	NA	NF033105
ISP258TRI821222bis	contig_2	574519	No terminal repeats	544	11	0.9938	NA	3	101.4169	NA	NF000095;NF033135;NF000493;NF033145;NF033135;NF000025;NF000493;NF033145;NF012174
ISP258TRI821222bis	contig_26	6918	No terminal repeats	10	11	0.9860	NA	0	4.8701	NA	NA
ISP258TRI821222bis	contig_20	46376	No terminal repeats	45	11	0.9858	NA	2	15.2038	T_virB11	NA
ISP258TRI821222bis	contig_23	21482	No terminal repeats	28	11	0.9755	NA	0	4.8398	NA	NA
ISP258TRI821222bis	contig_30	2818	No terminal repeats	5	11	0.8020	NA	0	1.1837	NA	NA
ISP262TRI602222	contig_7	181362	No terminal repeats	158	11	0.9940	NA	2	43.4802	NA	NF033105
ISP262TRI602222	contig_4	574548	No terminal repeats	544	11	0.9938	NA	3	101.4169	NA	NF000095;NF033135;NF000493;NF033145;NF033135;NF000025;NF000493;NF033145;NF012174
ISP262TRI602222	contig_49	286	No terminal repeats	1	11	0.9863	NA	1	1.7183	NA	NA
ISP263TRI195422	contig_10	180939	No terminal repeats	159	11	0.9940	NA	2	43.4802	NA	NF033105
ISP263TRI195422	contig_1	574527	No terminal repeats	544	11	0.9938	NA	3	101.4169	NA	NF012174;NF033145;NF000493;NF000025;NF033135;NF033145;NF000493;NF033135;NF000095
ISP263TRI195422	contig_46	286	No terminal repeats	1	11	0.9863	NA	1	1.7183	NA	NA
ISP264TRI195422	contig_3	574527	No terminal repeats	544	11	0.9938	NA	3	101.4169	NA	NF012174;NF033145;NF000493;NF000025;NF033135;NF033145;NF000493;NF033135;NF000095
ISP264TRI195422	contig_6	181363	No terminal repeats	158	11	0.9937	NA	2	43.4802	NA	NF033105
ISP264TRI195422	contig_43	286	No terminal repeats	1	11	0.9866	NA	1	1.7183	NA	NA
ISP266TRI602222	contig_1	553386	No terminal repeats	524	11	0.9938	NA	3	99.2396	NA	NF000095;NF033135;NF000493;NF033145;NF033135;NF000025;NF000493;NF033145;NF012174
ISP266TRI602222	contig_12	181191	No terminal repeats	158	11	0.9937	NA	2	43.4802	NA	NF033105
ISP266TRI602222	contig_61	286	No terminal repeats	1	11	0.9863	NA	1	1.7183	NA	NA
ISP266TRI602222	contig_25	21013	No terminal repeats	21	11	0.9705	NA	0	2.1773	NA	NA
ISP266TRI602222	contig_27	11922	No terminal repeats	9	11	0.9703	NA	0	2.1671	NA	NA
ISP267TRI430622	contig_9	181369	No terminal repeats	158	11	0.9940	NA	2	43.4802	NA	NF033105
ISP267TRI430622	contig_3	558608	No terminal repeats	533	11	0.9939	NA	3	97.4160	NA	NF012174;NF033145;NF000493;NF000025;NF033135;NF033145;NF000493;NF033135;NF000095
ISP267TRI430622	contig_26	15956	No terminal repeats	12	11	0.9871	NA	0	3.9001	NA	NA
ISP267TRI430622	contig_58	286	No terminal repeats	1	11	0.9866	NA	1	1.7183	NA	NA
ISP290TRI602222	contig_16	86850	No terminal repeats	74	11	0.9946	NA	2	25.7307	NA	NA
ISP290TRI602222	contig_17	74173	No terminal repeats	66	11	0.9943	NA	1	24.7556	NA	NA
ISP290TRI602222	contig_24	26341	No terminal repeats	32	11	0.9943	NA	12	24.7772	F_traG;F_traH;F_traF;F_traN;F_traU;virb4;F_traV;F_traB;F_traK	NA
ISP290TRI602222	contig_21	35609	No terminal repeats	36	11	0.9943	NA	1	11.0879	NA	NA
ISP290TRI602222	contig_23	29534	No terminal repeats	35	11	0.9943	NA	7	21.4175	F_traL;F_traE;F_traK	NA
ISP290TRI602222	contig_1	547220	No terminal repeats	524	11	0.9940	NA	2	99.0998	NA	NF000095;NF033135;NF033145;NF033135;NF000025;NF000493;NF033145;NF012174
ISP290TRI602222	contig_19	51774	No terminal repeats	45	11	0.9937	NA	0	11.1984	NA	NF033105
ISP290TRI602222	contig_26	20248	No terminal repeats	18	11	0.8392	NA	0	1.1151	NA	NA
ISP307TRI602222	contig_13	176362	No terminal repeats	175	11	0.9944	NA	22	91.3600	MOBF;F_traG;F_traH;F_traF;F_traN;F_traU;F_traW;virb4;F_traV;F_traB;F_traK;F_traE;F_traL	NA
ISP307TRI602222	contig_12	178137	No terminal repeats	149	11	0.9939	NA	2	34.1661	NA	NF033105
ISP307TRI602222	contig_2	547220	No terminal repeats	525	11	0.9939	NA	2	99.0998	NA	NF012174;NF033145;NF000493;NF000025;NF033135;NF033145;NF033135;NF000095
ISP307TRI602222	contig_21	48630	No terminal repeats	44	11	0.9657	NA	0	0.5451	NA	NF033135
ISP307TRI602222	contig_24	3456	No terminal repeats	7	11	0.9651	NA	0	0.5592	NA	NA
ISP313TRI602222	contig_13	44746	No terminal repeats	43	11	0.9886	NA	1	8.1511	NA	NF033135
ISP313TRI602222	contig_23	3719	No terminal repeats	4	11	0.8881	NA	0	0.9370	NA	NA
ISP313TRI602222	contig_19	17572	No terminal repeats	21	11	0.7881	NA	0	1.7672	NA	NF012174
ISP79c21ISP79A01DraMat2020	contig_9	147112	No terminal repeats	144	11	0.9939	NA	0	34.1621	NA	NF033135;NF033105;NF000025
ISP79c21ISP79A01DraMat2020	contig_12	124194	No terminal repeats	128	11	0.9937	NA	21	61.1314	F_traL;F_traE;F_traK;F_traB;F_traV;virb4;F_traW;F_traU;F_traN;F_traF;F_traF;F_traH;F_traG;MOBF;T_virB11	NA
ISP79c21ISP79A01DraMat2020	contig_13	123072	No terminal repeats	104	11	0.9913	NA	0	15.3632	NA	NF033135
ISP88A10SE162020	contig_10	159960	No terminal repeats	145	11	0.9939	NA	2	39.6557	NA	NF033105
ISP88A10SE162020	contig_3	553343	No terminal repeats	540	11	0.9937	NA	1	87.6098	NA	NF000025;NF000493;NF033145;NF033135;NF012174;NF000095;NF033135;NF000272;NF033145
ISP88A10SE162020	contig_13	75621	No terminal repeats	74	11	0.9937	NA	2	25.4948	NA	NA
ISP88A10SE162020	contig_21	3862	No terminal repeats	4	11	0.9805	NA	0	1.3461	NA	NA
ISP95A17DRA20	contig_11	181215	No terminal repeats	158	11	0.9939	NA	2	43.4802	NA	NF033105
ISP95A17DRA20	contig_2	574557	No terminal repeats	545	11	0.9938	NA	3	101.4169	NA	NF012174;NF033145;NF000493;NF000025;NF033135;NF033145;NF000493;NF033135;NF000095
ISP95A17DRA20	contig_49	286	No terminal repeats	1	11	0.9863	NA	1	1.7183	NA	NA
merged_143	contig_2	574516	No terminal repeats	544	11	0.9938	NA	3	101.4169	NA	NF012174;NF033145;NF000493;NF000025;NF033135;NF033145;NF000493;NF033135;NF000095
merged_143	contig_8	181363	No terminal repeats	158	11	0.9937	NA	2	43.4802	NA	NF033105
merged_143	contig_46	286	No terminal repeats	1	11	0.9863	NA	1	1.7183	NA	NA
merged_212	contig_10	181362	No terminal repeats	158	11	0.9940	NA	2	43.4802	NA	NF033105
merged_212	contig_3	574527	No terminal repeats	544	11	0.9938	NA	3	101.4169	NA	NF000095;NF033135;NF000493;NF033145;NF033135;NF000025;NF000493;NF033145;NF012174
merged_212	contig_52	286	No terminal repeats	1	11	0.9863	NA	1	1.7183	NA	NA
merged_212_C	contig_9	181362	No terminal repeats	158	11	0.9940	NA	2	43.4802	NA	NF033105
merged_212_C	contig_4	574527	No terminal repeats	544	11	0.9938	NA	3	101.4169	NA	NF000095;NF033135;NF000493;NF033145;NF033135;NF000025;NF000493;NF033145;NF012174
merged_212_C	contig_41	286	No terminal repeats	1	11	0.9866	NA	1	1.7183	NA	NA
merged_95	contig_10	181362	No terminal repeats	158	11	0.9940	NA	2	43.4802	NA	NF033105
merged_95	contig_3	572910	No terminal repeats	544	11	0.9938	NA	3	103.1352	NA	NF012174;NF033145;NF000493;NF000025;NF033135;NF033145;NF000493;NF033135;NF000095
merged_95	contig_47	286	No terminal repeats	1	11	0.9866	NA	1	1.7183	NA	NA
MRG05AA1TBR118	contig_12	137109	No terminal repeats	124	11	0.9946	NA	7	52.2461	F_traK;F_traB;F_traU	NA
MRG05AA1TBR118	contig_10	168475	No terminal repeats	144	11	0.9940	NA	2	32.5631	NA	NF033105
MRG05AA1TBR118	contig_4	542056	No terminal repeats	515	11	0.9939	NA	2	88.5693	NA	NF033145;NF000493;NF000025;NF012229;NF033135;NF033145;NF033135;NF000095
MRG05AA1TBR118	contig_9	192923	No terminal repeats	181	11	0.9922	NA	1	14.7161	NA	NF000272;NF033135;NF012174
MRG05AA1TBR118	contig_18	14331	No terminal repeats	10	11	0.7614	NA	0	0.4958	NA	NA
MRG08A2TBR218	contig_9	153790	No terminal repeats	139	11	0.9940	NA	2	38.3754	NA	NF033105
MRG08A2TBR218	contig_5	545661	No terminal repeats	540	11	0.9937	NA	1	97.6090	NA	NF000025;NF000493;NF033145;NF000095;NF033135;NF000272;NF033145;NF033135;NF000496;NF033156
MRG08A2TBR218	contig_15	13609	No terminal repeats	18	11	0.9926	NA	0	5.7391	NA	NA
MRG08A2TBR218	contig_12	58126	No terminal repeats	74	11	0.9905	NA	8	30.4136	MOBP1;T_virB11;T_virB2;T_virB8;T_virB9;T_virB10;T_virB5	NA
RunII_barcode01	contig_2	67029	No terminal repeats	93	11	0.9933	NA	16	50.7677	F_traG;F_traH;F_traF;F_traU;F_traW;virb4;F_traV	NA
RunII_barcode01	contig_4	534504	No terminal repeats	648	11	0.9930	NA	1	95.4395	NA	NF012174;NF033105;NF033145;NF000025;NF033135;NF033145;NF033135;NF000095
RunII_barcode01	contig_6	35759	No terminal repeats	55	11	0.9929	NA	1	10.1905	NA	NA
RunII_barcode01	contig_5	181232	No terminal repeats	194	11	0.9926	NA	2	37.6624	NA	NF033105
RunII_barcode01	contig_3	110513	No terminal repeats	143	11	0.9906	NA	4	22.3454	F_traU	NA
RunII_barcode02	contig_3	74464	No terminal repeats	108	11	0.9934	NA	25	58.2602	MOBF;F_traG;F_traH;F_traF;F_traN;F_traN;F_traU;F_traW;virb4;F_traV;F_traB;F_traB;F_traK;F_traK;F_traE	NA
RunII_barcode02	contig_4	186087	No terminal repeats	197	11	0.9934	NA	2	43.3035	NA	NF033105
RunII_barcode02	contig_5	525505	No terminal repeats	620	11	0.9933	NA	2	108.0210	NA	NF033145;NF000272;NF033135;NF000095;NF012174;NF033145;NF000493;NF000025
RunII_barcode02	contig_6	110472	No terminal repeats	148	11	0.9933	NA	24	65.1769	F_traE;F_traK;F_traV;virb4;F_traW;F_traU;F_traN;F_traF;F_traF;F_traH;F_traG;MOBF;MOBF	NA
RunII_barcode02	contig_2	115969	No terminal repeats	149	11	0.9924	NA	5	27.6967	MOBF	NA
RunII_barcode02	contig_7	87381	No terminal repeats	119	11	0.9906	NA	9	32.6783	I_trbA;I_traI;I_traY;I_traW;I_traW;traU;I_traO;I_traN;MOBP1	NA
RunII_barcode03	contig_2	539560	No terminal repeats	629	11	0.9932	NA	2	102.6032	NA	NF033135;NF033145;NF000496;NF033135;NF000025;NF000493;NF033145;NF033105;NF012174
RunII_barcode03	contig_3	181472	No terminal repeats	213	11	0.9928	NA	2	38.9690	NA	NF033105
RunII_barcode04	contig_4	181250	No terminal repeats	199	11	0.9931	NA	2	42.4271	NA	NF033105
RunII_barcode04	contig_5	574393	No terminal repeats	679	11	0.9930	NA	3	109.5899	NA	NF000493;NF033145;NF000493;NF033135;NF000095;NF012174;NF033105
RunII_barcode05	contig_2	574906	No terminal repeats	680	11	0.9920	NA	3	89.7112	NA	NF033135;NF033135;NF012178;NF012174
RunII_barcode05	contig_3	98646	No terminal repeats	138	11	0.9910	NA	19	48.0897	G_tfc7;t4cp1;t4cp1;G_tfc5;G_tfc3;G_tfc2;MOBH;G_tfc19;G_tfc18;G_tfc22;G_tfc23;G_tfc17;virb4;G_tfc15;G_tfc14;G_tfc14;G_tfc13;G_tfc13;G_tfc12;G_tfc11;G_tfc10;G_tfc8;G_tfc7	NA
RunII_barcode06	contig_3	124889	No terminal repeats	180	11	0.9930	NA	24	79.6777	F_traL;F_traE;F_traK;F_traV;virb4;F_traW;F_traU;F_traU;F_traF;F_traH;F_traH;F_traG;F_traG;MOBF	NF000493
RunII_barcode06	contig_4	565975	No terminal repeats	773	11	0.9926	NA	2	98.3882	NA	NF000496;NF000496;NF033145;NF000095;NF033105
RunII_barcode06	contig_2	183610	No terminal repeats	243	11	0.9918	NA	2	35.6446	NA	NF033105
RunII_barcode07	contig_2	2803	No terminal repeats	3	11	0.9938	NA	0	2.6317	NA	NA
RunII_barcode07	contig_4	560193	No terminal repeats	816	11	0.9922	NA	3	107.5904	NA	NF000496;NF033145;NF033135;NF000095;NF000493
RunII_barcode07	contig_6	179211	No terminal repeats	254	11	0.9911	NA	1	34.3049	NA	NF033105
RunII_barcode08	contig_3	182607	No terminal repeats	195	11	0.9932	NA	2	37.5605	NA	NF033105
RunII_barcode08	contig_1	633301	No terminal repeats	747	11	0.9932	NA	3	65.3594	F_traE	NF033145;NF033135;NF000095;NF033105;NF012174;NF033105;NF033145;NF000496;NF033135
RunII_barcode08	contig_4	49439	No terminal repeats	71	11	0.9912	NA	12	24.7721	G_tfc7;t4cp1;G_tfc5;G_tfc19;G_tfc18;G_tfc22;G_tfc23;G_tfc17;virb4;G_tfc15;G_tfc14;G_tfc13;G_tfc13;G_tfc12;G_tfc11;G_tfc10;G_tfc8	NA
RunII_barcode09	contig_5	128584	No terminal repeats	158	11	0.9934	NA	2	29.9353	NA	NF000138;NF000091;NF000496
RunII_barcode09	contig_4	173642	No terminal repeats	194	11	0.9931	NA	1	29.1173	NA	NF033105
RunII_barcode09	contig_1	536784	No terminal repeats	669	11	0.9927	NA	1	90.7643	NA	NF000025;NF012229;NF033135;NF033145;NF033135;NF000095
RunII_barcode09	contig_2	9854	No terminal repeats	10	11	0.8823	NA	0	0.1744	NA	NA
RunII_barcode10	contig_4	532651	No terminal repeats	756	11	0.9925	NA	2	89.0467	NA	NF012229;NF033135;NF033145;NF000272;NF033135;NF012174;NF033145;NF000493;NF000025
RunII_barcode10	contig_3	181441	No terminal repeats	244	11	0.9915	NA	2	34.6055	NA	NF033105
RunII_barcode10	contig_1	137982	No terminal repeats	191	11	0.9902	NA	24	21.4391	MOBF;F_traG;F_traG;F_traH;F_traF;F_traF;F_trbC;F_traU;F_traW;virb4;F_traV;F_traK;F_traE;F_traL	NA
RunII_barcode11	contig_3	173722	No terminal repeats	171	11	0.9936	NA	1	35.4963	NA	NF033105
RunII_barcode11	contig_2	128627	No terminal repeats	158	11	0.9935	NA	2	33.5730	NA	NF000138;NF000496;NF033156;NF012174
RunII_barcode11	contig_4	537151	No terminal repeats	637	11	0.9931	NA	1	94.8260	NA	NF012174;NF033105;NF033145;NF000025;NF033145;NF033135;NF000095
RunII_barcode13	contig_3	554982	No terminal repeats	674	11	0.9929	NA	3	102.5678	NA	NF033145;NF033145;NF000496;NF033145;NF033105;NF012174;NF033135
RunII_barcode13	contig_2	198176	No terminal repeats	214	11	0.9927	NA	1	46.5278	NA	NF033105
RunII_barcode14	contig_3	190794	No terminal repeats	196	11	0.9935	NA	1	50.4374	NA	NF033105
RunII_barcode14	contig_4	555172	No terminal repeats	640	11	0.9933	NA	3	94.8270	NA	NF000493;NF033145;NF012174;NF000095;NF033135;NF033145;NF033135;NF000496;NF000025
RunII_barcode15	contig_4	566212	No terminal repeats	757	11	0.9926	NA	2	100.0122	NA	NF000025;NF000496;NF033145;NF000095;NF033135
RunII_barcode15	contig_2	124883	No terminal repeats	178	11	0.9925	NA	24	75.5373	MOBF;F_traG;F_traH;F_traH;F_traF;F_traN;F_traU;F_traW;virb4;F_traV;F_traK;F_traE;F_traL	NA
RunII_barcode15	contig_3	183679	No terminal repeats	242	11	0.9918	NA	2	39.8103	NA	NF033105
RunII_barcode16	contig_4	566249	No terminal repeats	749	11	0.9927	NA	2	104.5508	NA	NF033135;NF033105;NF000496;NF033145;NF033145;NF033135;NF000095
RunII_barcode16	contig_3	124914	No terminal repeats	176	11	0.9926	NA	21	69.5974	F_traW;F_traV;F_traK;F_traE;F_traL;MOBF;F_traG;F_traH;F_traH;F_trbC;F_traU	NA
RunII_barcode16	contig_2	183692	No terminal repeats	243	11	0.9921	NA	2	44.3750	NA	NF033105;NF000272
RunII_barcode17	contig_2	124497	No terminal repeats	164	11	0.9938	NA	24	74.7917	F_traL;F_traE;F_traK;F_traB;F_traV;virb4;F_traW;F_traU;F_traN;F_traF;F_traH;F_traG;MOBF	NA
RunII_barcode17	contig_4	618991	No terminal repeats	751	11	0.9931	NA	2	79.3748	NA	NF033145;NF033135;NF000095;NF012174;NF033105;NF033145;NF012178;NF000496
RunII_barcode17	contig_3	177427	No terminal repeats	192	11	0.9927	NA	1	36.5562	NA	NF033105
RunII_barcode18	contig_3	124880	No terminal repeats	182	11	0.9932	NA	22	74.2636	F_traL;F_traE;F_traK;F_traV;F_traW;F_traU;F_traF;F_traH;F_traG;MOBF	NA
RunII_barcode18	contig_2	566273	No terminal repeats	745	11	0.9927	NA	2	93.0209	NA	NF033145;NF000095;NF033135;NF033145;NF033145;NF000496;NF033135;NF000025
RunII_barcode18	contig_4	183733	No terminal repeats	230	11	0.9921	NA	2	32.1912	NA	NF000272;NF033105
RunII_barcode19	contig_3	26100	No terminal repeats	41	11	0.9937	NA	4	22.1525	NA	NA
RunII_barcode19	contig_5	516535	No terminal repeats	627	11	0.9930	NA	1	95.6509	NA	NF033145;NF033135;NF000272;NF033135;NF012174;NF033145;NF000493;NF000025;NF000496;NF000493
RunII_barcode19	contig_1	85662	No terminal repeats	118	11	0.9929	NA	23	65.8079	I_trbB;I_trbA;I_traY;I_traY;I_traW;traU;traU;I_traR;I_traQ;I_traP;I_traO;I_traO;I_traN;I_traN;I_traK;I_traI;MOBP1;MOBP1;MOBP1	NA
RunII_barcode19	contig_4	154245	No terminal repeats	186	11	0.9928	NA	2	42.2120	NA	NF033105;NF033105
RunII_barcode20	contig_3	181264	No terminal repeats	185	11	0.9934	NA	2	43.8115	NA	NF033105
RunII_barcode20	contig_4	574429	No terminal repeats	663	11	0.9930	NA	3	111.5048	NA	NF000493;NF033145;NF000493;NF033135;NF012174;NF033105;NF033145
RunII_barcode21	contig_5	396482	No terminal repeats	552	11	0.9911	NA	3	51.5185	NA	NF033135;NF012174;NF033105
RunII_barcode21	contig_2	98365	No terminal repeats	152	11	0.9903	NA	16	38.3843	G_tfc19;G_tfc19;G_tfc22;G_tfc23;G_tfc17;virb4;G_tfc14;G_tfc13;G_tfc13;G_tfc12;G_tfc11;t4cp1;G_tfc5;G_tfc3;G_tfc3;G_tfc2;MOBH	NA
RunII_barcode21	contig_4	207120	No terminal repeats	267	11	0.9903	NA	0	22.1408	NA	NA
RunII_barcode22	contig_4	574314	No terminal repeats	668	11	0.9929	NA	4	99.2417	NA	NF033135;NF033105;NF000493;NF033145;NF033135;NF000095
RunII_barcode22	contig_3	181195	No terminal repeats	204	11	0.9926	NA	2	42.4966	NA	NF033105
RunII_barcode24	contig_2	573404	No terminal repeats	697	11	0.9929	NA	4	96.8770	NA	NF033145;NF033105;NF012174;NF000095;NF033135;NF033145;NF000025;NF000493
RunII_barcode24	contig_5	195570	No terminal repeats	250	11	0.9917	NA	2	34.4464	NA	NF033105
RunIII_barcode01	contig_3	574230	No terminal repeats	544	11	0.9939	NA	3	101.0227	NA	NF012174;NF000095;NF033135;NF000493;NF033145;NF033135;NF000025;NF000493;NF033145
RunIII_barcode01	contig_2	181451	No terminal repeats	160	11	0.9939	NA	2	44.8418	NA	NF033105
RunIII_barcode02	contig_3	181450	No terminal repeats	159	11	0.9939	NA	2	43.4802	NA	NF033105
RunIII_barcode02	contig_4	574988	No terminal repeats	544	11	0.9938	NA	3	101.4169	NA	NF012174;NF033145;NF000493;NF000025;NF033135;NF033145;NF000493;NF033135;NF000095
RunIII_barcode03	contig_7	574988	No terminal repeats	545	11	0.9939	NA	3	103.1231	NA	NF000493;NF000025;NF033135;NF033145;NF000493;NF033135;NF000095;NF012174;NF033145
RunIII_barcode03	contig_6	181452	No terminal repeats	159	11	0.9939	NA	2	43.4802	NA	NF033105
RunIII_barcode04	contig_4	181452	No terminal repeats	158	11	0.9940	NA	2	43.4802	NA	NF033105
RunIII_barcode04	contig_2	574988	No terminal repeats	545	11	0.9938	NA	3	101.4169	NA	NF033145;NF000493;NF033135;NF000095;NF012174;NF033145;NF000493;NF000025;NF033135
RunIII_barcode05	contig_3	198477	No terminal repeats	165	11	0.9943	NA	2	43.3982	NA	NF033105
RunIII_barcode05	contig_2	555660	No terminal repeats	542	11	0.9938	NA	2	90.5210	NA	NF033135;NF000095;NF012174;NF033145;NF000493;NF000025;NF000496;NF033135;NF033145
RunIII_barcode06	contig_3	178863	No terminal repeats	155	11	0.9940	NA	2	35.0025	NA	NF033105
RunIII_barcode06	contig_4	529255	No terminal repeats	517	11	0.9937	NA	1	89.4903	NA	NF033145;NF033135;NF000095;NF033145;NF000493;NF000025;NF033135
RunIII_barcode06	contig_2	172005	No terminal repeats	140	11	0.9936	NA	3	33.7366	NA	NF000493;NF000025
RunIII_barcode07	contig_15	121237	No terminal repeats	126	11	0.9942	NA	2	26.8662	NA	NF000025;NF000493
RunIII_barcode07	contig_12	176846	No terminal repeats	143	11	0.9937	NA	2	35.1992	NA	NF033105
RunIII_barcode07	contig_3	307735	No terminal repeats	296	11	0.9934	NA	0	49.0390	NA	NF000095;NF033135;NF033135;NF033145;NF033135
RunIII_barcode07	contig_1	87830	No terminal repeats	83	11	0.9928	NA	0	20.2355	NA	NF033145;NF012174
RunIII_barcode07	contig_9	49021	No terminal repeats	61	11	0.9924	NA	8	29.2927	G_tfc8;G_tfc9;G_tfc10;G_tfc11;G_tfc12;G_tfc13;G_tfc14;G_tfc14;G_tfc15;virb4;G_tfc19	NA
RunIII_barcode07	contig_11	3883	No terminal repeats	5	11	0.9914	NA	0	3.0657	NA	NA
RunIII_barcode07	contig_13	3633	No terminal repeats	2	11	0.8205	NA	0	0.9834	NA	NA
RunIII_barcode08	contig_83	12087	No terminal repeats	17	11	0.9852	NA	0	3.0004	NA	NA
RunIII_barcode08	contig_31	27665	No terminal repeats	33	11	0.9787	NA	0	5.0011	NA	NA
RunIII_barcode08	contig_76	4598	No terminal repeats	8	11	0.9740	NA	0	0.9022	NA	NA
RunIII_barcode08	contig_67	9119	No terminal repeats	12	11	0.9686	NA	0	1.7943	NA	NA
RunIII_barcode08	contig_36	122716	No terminal repeats	125	11	0.9648	NA	1	11.0161	NA	NF033129;NF033117;NF033129;NF033144
RunIII_barcode08	contig_88	13930	No terminal repeats	17	11	0.9603	NA	0	1.4302	NA	NA
RunIII_barcode08	contig_96	16755	No terminal repeats	17	11	0.8628	NA	0	0.5539	NA	NA
RunIII_barcode08	contig_55	21586	No terminal repeats	24	11	0.8227	NA	0	2.0435	NA	NF000261
RunIII_barcode08	contig_1	41116	No terminal repeats	44	11	0.7499	NA	0	4.7965	NA	NF033135
RunIII_barcode09	contig_5	153626	No terminal repeats	142	11	0.9936	NA	2	35.9126	NA	NF033105
RunIII_barcode09	contig_2	545624	No terminal repeats	539	11	0.9933	NA	2	100.3787	NA	NF000496;NF033156;NF000025;NF000493;NF012178;NF033145;NF012174;NF000095;NF012178;NF033135;NF000402;NF000272;NF033145;NF033135;NF000496
RunIII_barcode10	contig_3	189138	No terminal repeats	155	11	0.9943	NA	2	39.0879	NA	NF033105
RunIII_barcode10	contig_2	549562	No terminal repeats	534	11	0.9936	NA	2	76.4510	NA	NF000493;NF000025;NF033135;NF033145;NF000493;NF033135;NF000095;NF033105;NF012174;NF033145
RunIII_barcode11	contig_5	180631	No terminal repeats	145	11	0.9942	NA	2	36.3028	NA	NF033105
RunIII_barcode11	contig_6	55955	No terminal repeats	62	11	0.9941	NA	4	19.1559	I_traI	NF012174
RunIII_barcode11	contig_2	536214	No terminal repeats	516	11	0.9935	NA	1	94.0322	NA	NF000025;NF000493;NF033145;NF012174;NF000095;NF033135;NF033145;NF000496;NF033135
RunIII_barcode11	contig_1	70020	No terminal repeats	57	11	0.9928	NA	1	11.9327	NA	NA
RunIII_barcode11	contig_3	98611	No terminal repeats	97	11	0.9922	NA	5	27.7138	F_traV;F_traW	NA
RunIII_barcode12	contig_4	181982	No terminal repeats	150	11	0.9941	NA	2	34.5587	NA	NF033105
RunIII_barcode12	contig_8	585430	No terminal repeats	565	11	0.9939	NA	3	106.4335	NA	NF000025;NF000493;NF033145;NF012174;NF000095;NF033135;NF033134;NF033145;NF000496;NF033135
RunIII_barcode12	contig_9	33370	No terminal repeats	34	11	0.9918	NA	1	6.1805	NA	NA
RunIII_barcode12	contig_2	27854	No terminal repeats	32	11	0.9903	NA	3	8.9669	MOBP1	NA
RunIII_barcode12	contig_3	19179	No terminal repeats	22	11	0.9661	NA	0	2.2069	NA	NA
RunIII_barcode13	contig_9	76387	No terminal repeats	86	11	0.9946	NA	22	57.4258	F_traW;F_traU;F_traN;F_traF;F_traH;F_traG;MOBF;F_traL;F_traE;F_traK;F_traB;F_traV;virb4	NA
RunIII_barcode13	contig_8	153753	No terminal repeats	141	11	0.9940	NA	2	37.4346	NA	NF033105
RunIII_barcode13	contig_6	470103	No terminal repeats	457	11	0.9935	NA	2	85.5242	NA	NF012178;NF000493;NF000025;NF033156;NF000496;NF033135;NF033145;NF000272;NF033135;NF012178;NF000095;NF012174
RunIII_barcode13	contig_18	65433	No terminal repeats	64	11	0.9932	NA	0	11.7028	NA	NF033145
RunIII_barcode13	contig_19	10368	No terminal repeats	12	11	0.9885	NA	0	3.2262	NA	NA
RunIII_barcode13	contig_11	18538	No terminal repeats	20	11	0.9699	NA	0	1.1558	NA	NA
RunIII_barcode14	contig_6	72706	No terminal repeats	79	11	0.9946	NA	22	54.1672	F_traL;F_traE;F_traK;F_traB;F_traV;virb4;F_traW;F_traU;F_traN;F_traF;F_traH;F_traG;MOBF	NA
RunIII_barcode14	contig_20	154273	No terminal repeats	140	11	0.9938	NA	2	37.4346	NA	NF033105
RunIII_barcode14	contig_21	225606	No terminal repeats	209	11	0.9935	NA	0	33.5856	NA	NF000095;NF012178;NF033135;NF000272;NF033145;NF033135
RunIII_barcode14	contig_16	308945	No terminal repeats	313	11	0.9934	NA	2	63.6414	NA	NF012174;NF033145;NF012178;NF000493;NF000025;NF033156;NF000496
RunIII_barcode14	contig_14	11637	No terminal repeats	12	11	0.9882	NA	0	4.7011	NA	NA
RunIII_barcode14	contig_8	5291	No terminal repeats	5	11	0.9847	NA	0	1.5171	NA	NA
RunIII_barcode14	contig_11	2864	No terminal repeats	4	11	0.9783	NA	0	1.6107	NA	NA
RunIII_barcode14	contig_13	30335	No terminal repeats	28	11	0.9696	NA	0	2.2198	NA	NA
RunIII_barcode14	contig_9	4732	No terminal repeats	6	11	0.8684	NA	0	1.0765	NA	NA
RunIII_barcode15	contig_4	538217	No terminal repeats	519	11	0.9939	NA	2	94.5246	NA	NF033145;NF012174;NF000095;NF033135;NF000272;NF033135;NF033145;NF033135;NF000025;NF000493
RunIII_barcode15	contig_1	182312	No terminal repeats	150	11	0.9936	NA	2	30.4095	NA	NF033105
RunIII_barcode16	contig_3	182514	No terminal repeats	148	11	0.9936	NA	2	33.7295	NA	NF033105
RunIII_barcode16	contig_2	529149	No terminal repeats	514	11	0.9934	NA	1	89.0536	NA	NF033135;NF000095;NF033145;NF000493;NF000025;NF033135;NF033145
RunIII_barcode17	contig_11	177286	No terminal repeats	160	11	0.9940	NA	2	39.3374	NA	NF033105
RunIII_barcode17	contig_16	19800	No terminal repeats	20	11	0.9939	NA	1	7.3280	NA	NA
RunIII_barcode17	contig_9	564481	No terminal repeats	557	11	0.9937	NA	2	93.8836	NA	NF000025;NF000493;NF033145;NF012174;NF000095;NF033135;NF000493;NF033145;NF000496;NF033135;NF012212
RunIII_barcode17	contig_5	108508	No terminal repeats	108	11	0.9933	NA	5	30.5242	F_traL	NA
RunIII_barcode17	contig_17	21948	No terminal repeats	26	11	0.9928	NA	0	5.1554	NA	NA
RunIII_barcode17	contig_13	21948	No terminal repeats	27	11	0.9920	NA	2	18.6512	virb4;G_tfc17;G_tfc17;G_tfc23;G_tfc22;G_tfc18;G_tfc19	NA
RunIII_barcode17	contig_3	55512	No terminal repeats	49	11	0.9805	NA	0	5.0740	NA	NA
RunIII_barcode17	contig_8	37176	No terminal repeats	35	11	0.9598	NA	0	7.1741	NA	NA
RunIII_barcode18	contig_4	155746	No terminal repeats	127	11	0.9942	NA	2	37.0021	NA	NF033105
RunIII_barcode18	contig_2	549562	No terminal repeats	533	11	0.9937	NA	2	75.9732	NA	NF033145;NF000493;NF033135;NF000095;NF033105;NF012174;NF033145;NF000493;NF000025;NF033135
RunIII_barcode18	contig_5	30731	No terminal repeats	27	11	0.9887	NA	0	0.7544	NA	NA
RunIII_barcode19	contig_4	86660	No terminal repeats	86	11	0.9946	NA	22	60.6675	G_tfc2;MOBP1;I_trbB;I_trbA;I_traY;I_traW;traU;I_traR;I_traQ;I_traP;I_traO;I_traN;I_traL;I_traK;I_traI	NA
RunIII_barcode19	contig_2	153920	No terminal repeats	141	11	0.9940	NA	2	39.1328	NA	NF033105
RunIII_barcode19	contig_3	547892	No terminal repeats	541	11	0.9934	NA	1	92.9388	NA	NF033156;NF000496;NF033135;NF033145;NF000272;NF033135;NF000095;NF012174;NF033145;NF000493
RunIII_barcode20	contig_6	114682	No terminal repeats	127	11	0.9941	NA	18	78.4059	MOBP1;I_traI;I_traK;I_traL;I_traN;I_traO;I_traP;I_traQ;I_traR;traU;I_traW;I_traY;I_trbA;I_trbB	NA
RunIII_barcode20	contig_5	282731	No terminal repeats	268	11	0.9938	NA	1	47.5134	NA	NF000272;NF033145;NF033105
RunIII_barcode20	contig_4	160999	No terminal repeats	195	11	0.9933	NA	9	69.1252	F_traE	NA
RunIII_barcode21	contig_7	551311	No terminal repeats	559	11	0.9937	NA	2	95.9648	NA	NF012174;NF033145;NF033135;NF000496;NF033145;NF033135;NF000095
RunIII_barcode21	contig_3	180202	No terminal repeats	168	11	0.9936	NA	2	39.8069	NA	NF033105
RunIII_barcode21	contig_4	60641	No terminal repeats	56	11	0.9922	NA	0	13.5288	NA	NA
RunIII_barcode22	contig_3	142131	No terminal repeats	150	11	0.9943	NA	23	85.6748	MOBF;F_traG;F_traH;F_traF;F_traN;F_traU;F_traW;virb4;F_traV;F_traB;F_traK;F_traE;F_traL	NA
RunIII_barcode22	contig_2	181430	No terminal repeats	150	11	0.9942	NA	2	29.3624	NA	NF033105
RunIII_barcode22	contig_4	521625	No terminal repeats	504	11	0.9934	NA	1	82.3046	NA	NF012229;NF033135;NF033145;NF033135;NF000095;NF012174;NF033145;NF000493;NF000025
RunIII_barcode22	contig_5	11264	No terminal repeats	15	11	0.9918	NA	4	4.8375	MOBQ;MOBQ	NA
RunIII_barcode23	contig_2	114684	No terminal repeats	127	11	0.9942	NA	18	78.4059	traU;I_traW;I_traY;I_trbA;I_trbB;MOBP1;I_traI;I_traK;I_traL;I_traN;I_traO;I_traP;I_traQ;I_traR	NA
RunIII_barcode23	contig_3	282730	No terminal repeats	271	11	0.9939	NA	1	47.7218	NA	NF033145;NF033105;NF000272
RunIII_barcode23	contig_4	160995	No terminal repeats	191	11	0.9935	NA	9	67.6339	F_traE	NA
RunIII_barcode24	contig_4	549562	No terminal repeats	534	11	0.9937	NA	2	75.5440	NA	NF033105;NF000095;NF033135;NF000493;NF033145;NF033135;NF000025;NF000493;NF033145;NF012174
RunIII_barcode24	contig_3	188911	No terminal repeats	151	11	0.9937	NA	2	39.3363	NA	NF033105
RunI_LR_HA1	contig_2	518180	No terminal repeats	499	11	0.9938	NA	1	88.6044	NA	NF000025;NF000493;NF033145;NF012174;NF000095;NF033135;NF033145;NF033135
RunI_LR_HA1	contig_4	141216	No terminal repeats	149	11	0.9926	NA	22	36.2509	F_traL;F_traE;F_traK;F_traV;virb4;F_traW;F_traU;F_traN;F_traF;F_traH;F_traG;I_traV;MOBF	NA
RunI_LR_HA2	contig_2	518179	No terminal repeats	502	11	0.9938	NA	1	88.6044	NA	NF000025;NF000493;NF033145;NF012174;NF000095;NF033135;NF033145;NF033135
RunI_LR_HA2	contig_4	141647	No terminal repeats	148	11	0.9923	NA	22	36.2509	F_traL;F_traE;F_traK;F_traV;virb4;F_traW;F_traU;F_traN;F_traF;F_traH;F_traG;I_traV;MOBF	NA
RunI_LR_HA3	contig_3	160121	No terminal repeats	144	11	0.9941	NA	2	39.6557	NA	NF033105
RunI_LR_HA3	contig_4	75621	No terminal repeats	76	11	0.9938	NA	2	25.4948	NA	NA
RunI_LR_HA3	contig_2	553431	No terminal repeats	548	11	0.9936	NA	1	87.9923	NA	NF000025;NF000493;NF033145;NF033135;NF012174;NF000095;NF033135;NF000272;NF033145
RunI_LR_HA4	contig_2	575028	No terminal repeats	548	11	0.9938	NA	3	101.4169	NA	NF000025;NF000493;NF033145;NF012174;NF000095;NF033135;NF000493;NF033145;NF033135
RunI_LR_HA4	contig_3	181491	No terminal repeats	158	11	0.9937	NA	2	43.4802	NA	NF033105
RunI_LR_HA5	contig_5	82142	No terminal repeats	86	11	0.9948	NA	22	63.5956	MOBP1;G_tfc2;I_traI;I_traK;I_traL;I_traN;I_traO;I_traP;I_traQ;I_traR;traU;I_traW;I_traY;I_trbA;I_trbB	NA
RunI_LR_HA5	contig_3	153934	No terminal repeats	140	11	0.9942	NA	2	38.6109	NA	NF033105
RunI_LR_HA5	contig_2	545782	No terminal repeats	547	11	0.9936	NA	1	97.6090	NA	NF000025;NF000493;NF033145;NF000095;NF033135;NF000272;NF033145;NF033135;NF000496;NF033156
RunI_LR_HA5	contig_4	58348	No terminal repeats	74	11	0.9904	NA	8	30.4136	MOBP1;T_virB11;T_virB2;T_virB8;T_virB9;T_virB10;T_virB5	NA
RunI_LR_HA6	contig_2	575052	No terminal repeats	552	11	0.9938	NA	3	101.1595	NA	NF000025;NF000493;NF033145;NF012174;NF000095;NF033135;NF000493;NF033145;NF033135
RunI_LR_HA6	contig_3	181495	No terminal repeats	158	11	0.9936	NA	2	43.4802	NA	NF033105
RunI_LR_HA7	contig_2	575047	No terminal repeats	548	11	0.9938	NA	3	101.4169	NA	NF000025;NF000493;NF033145;NF012174;NF000095;NF033135;NF000493;NF033145;NF033135
RunI_LR_HA7	contig_3	181486	No terminal repeats	158	11	0.9937	NA	2	43.4802	NA	NF033105
RunI_LR_HA8	contig_2	575029	No terminal repeats	552	11	0.9938	NA	3	101.3024	NA	NF000025;NF000493;NF033145;NF012174;NF000095;NF033135;NF000493;NF033145;NF033135
RunI_LR_HA8	contig_3	181489	No terminal repeats	159	11	0.9935	NA	2	43.4802	NA	NF033105
RunIV_barcode07	contig_2	183715	No terminal repeats	149	11	0.9939	NA	2	39.0329	NA	NF033105
RunIV_barcode07	contig_3	556715	No terminal repeats	536	11	0.9937	NA	2	94.1513	NA	NF033135;NF033145;NF033135;NF033135;NF000095;NF012174;NF033145;NF000493;NF000025
RunIV_barcode07	contig_4	53046	No terminal repeats	62	11	0.9933	NA	8	30.8604	G_tfc19;virb4;G_tfc15;G_tfc14;G_tfc13;G_tfc12;G_tfc11;G_tfc10;G_tfc9;G_tfc8	NA
RunIV_barcode08	contig_2	62151	No terminal repeats	76	11	0.9895	NA	4	19.6772	MOBP1	NA
RunIV_barcode10	contig_4	189140	No terminal repeats	155	11	0.9943	NA	2	39.9997	NA	NF033105
RunIV_barcode10	contig_3	549562	No terminal repeats	532	11	0.9937	NA	2	75.9732	NA	NF033135;NF033145;NF000493;NF033135;NF000095;NF033105;NF012174;NF033145;NF000493;NF000025
RunIV_barcode12	contig_4	181974	No terminal repeats	148	11	0.9939	NA	2	35.9067	NA	NF033105
RunIV_barcode12	contig_2	585428	No terminal repeats	565	11	0.9938	NA	3	107.6465	NA	NF033135;NF000095;NF012174;NF033145;NF000493;NF000025;NF033135;NF000496;NF033145;NF033134
RunIV_barcode12	contig_3	121598	No terminal repeats	117	11	0.9937	NA	4	36.5010	F_traW;F_traU	NF033156
RunIV_barcode14	contig_5	76386	No terminal repeats	85	11	0.9943	NA	22	57.4258	F_traL;F_traE;F_traK;F_traB;F_traV;virb4;F_traW;F_traU;F_traN;F_traF;F_traH;F_traG;MOBF	NA
RunIV_barcode14	contig_6	154272	No terminal repeats	141	11	0.9939	NA	2	37.4346	NA	NF033105
RunIV_barcode14	contig_7	534844	No terminal repeats	521	11	0.9934	NA	2	97.2270	NA	NF000272;NF033145;NF033135;NF000496;NF033156;NF000025;NF000493;NF012178;NF033145;NF012174;NF000095;NF012178;NF033135
RunIV_barcode14	contig_4	5294	No terminal repeats	5	11	0.9827	NA	0	1.5171	NA	NA
RunIV_barcode15	contig_2	182299	No terminal repeats	148	11	0.9941	NA	2	34.8425	NA	NF033105
RunIV_barcode15	contig_3	538213	No terminal repeats	516	11	0.9939	NA	2	94.5246	NA	NF033145;NF012174;NF000095;NF033135;NF000272;NF033135;NF033145;NF033135;NF000025;NF000493
RunIV_barcode17	contig_3	177272	No terminal repeats	153	11	0.9941	NA	2	39.0534	NA	NF033105
RunIV_barcode17	contig_4	564464	No terminal repeats	549	11	0.9937	NA	2	92.2966	NA	NF000493;NF000025;NF012212;NF033135;NF000496;NF033145;NF000493;NF033135;NF000095;NF012174;NF033145
RunIV_barcode17	contig_1	182909	No terminal repeats	166	11	0.9928	NA	6	39.7106	F_traL	NA
RunIV_barcode17	contig_5	52360	No terminal repeats	59	11	0.9912	NA	3	22.4479	virb4;G_tfc17;G_tfc24;G_tfc23;G_tfc22;G_tfc18;G_tfc19	NA
RunIV_barcode18	contig_1	189140	No terminal repeats	155	11	0.9939	NA	2	40.7898	NA	NF033105
RunIV_barcode18	contig_2	549561	No terminal repeats	532	11	0.9937	NA	2	75.9732	NA	NF000493;NF033145;NF033135;NF000025;NF000493;NF033145;NF012174;NF033105;NF000095;NF033135
RunIV_barcode21	contig_3	182891	No terminal repeats	148	11	0.9938	NA	2	34.7190	NA	NF033105
RunIV_barcode21	contig_2	551242	No terminal repeats	537	11	0.9938	NA	2	96.8129	NA	NF012174;NF000095;NF033135;NF033145;NF000496;NF033135;NF000493;NF033145
RunIV_barcode24	contig_2	189140	No terminal repeats	154	11	0.9940	NA	2	39.0879	NA	NF033105
RunIV_barcode24	contig_3	549562	No terminal repeats	533	11	0.9938	NA	2	75.9732	NA	NF000493;NF000025;NF033135;NF033145;NF000493;NF033135;NF000095;NF033105;NF012174;NF033145
RunIV_barcode25	contig_1	181755	No terminal repeats	147	11	0.9939	NA	2	30.4191	NA	NF033105
RunIV_barcode25	contig_3	527118	No terminal repeats	509	11	0.9936	NA	2	91.8805	NA	NF000025;NF033145;NF033135;NF000095;NF033135;NF033145;NF033135
RunIV_barcode26	contig_5	183647	No terminal repeats	152	11	0.9941	NA	2	39.0069	NA	NF033105
RunIV_barcode26	contig_6	556716	No terminal repeats	536	11	0.9938	NA	2	94.1513	NA	NF033145;NF000493;NF000025;NF033135;NF033145;NF033135;NF033135;NF000095;NF012174
RunIV_barcode26	contig_4	11425	No terminal repeats	14	11	0.9923	NA	0	4.1746	NA	NA
RunIV_barcode26	contig_1	18971	No terminal repeats	23	11	0.9911	NA	0	5.0439	NA	NA
RunIV_barcode27	contig_2	182356	No terminal repeats	150	11	0.9938	NA	2	37.0484	NA	NF033105
RunIV_barcode27	contig_3	546627	No terminal repeats	530	11	0.9938	NA	2	89.1281	NA	NF000025;NF000493;NF033145;NF012174;NF000095;NF033135;NF033145;NF033135;NF000496
RunIV_barcode27	contig_4	93322	No terminal repeats	109	11	0.9932	NA	20	51.6033	MOBH;MOBH;G_tfc2;G_tfc3;T_virB1;G_tfc5;t4cp1;t4cp1;G_tfc7;G_tfc8;G_tfc9;G_tfc10;G_tfc11;G_tfc12;G_tfc13;G_tfc14;G_tfc15;virb4;G_tfc17;G_tfc24;G_tfc23;G_tfc22;G_tfc18;G_tfc19	NF012174
