folder_name	seq_name	length	topology	coordinates	n_genes	genetic_code	virus_score	fdr	n_hallmarks	marker_enrichment	taxonomy
280791	contig_21	2425	No terminal repeats	NA	3	11	0.9789	NA	2	4.7360	Viruses;Duplodnaviria;Heunggongvirae;Uroviricota;Caudoviricetes;;
280791	contig_20	2458	No terminal repeats	NA	3	11	0.9785	NA	2	4.7360	Viruses;Duplodnaviria;Heunggongvirae;Uroviricota;Caudoviricetes;;
280791	contig_8|provirus_1_13040	13040	Provirus	1-13040	18	11	0.9737	NA	5	17.2965	Viruses;Duplodnaviria;Heunggongvirae;Uroviricota;Caudoviricetes;;
280791	contig_17	4708	No terminal repeats	NA	5	11	0.9733	NA	4	5.4114	Viruses;Duplodnaviria;Heunggongvirae;Uroviricota;Caudoviricetes;;
280791	contig_1|provirus_1288614_1330661	42048	Provirus	1288614-1330661	56	11	0.9707	NA	13	56.2879	Viruses;Duplodnaviria;Heunggongvirae;Uroviricota;Caudoviricetes;;
280791	contig_3|provirus_1_10569	10569	Provirus	1-10569	15	11	0.9695	NA	6	16.0677	Viruses;Duplodnaviria;Heunggongvirae;Uroviricota;Caudoviricetes;;
280791	contig_1|provirus_957685_992637	34953	Provirus	957685-992637	45	11	0.9692	NA	18	44.3271	Viruses;Duplodnaviria;Heunggongvirae;Uroviricota;Caudoviricetes;;
280791	contig_1|provirus_1480410_1496174	15765	Provirus	1480410-1496174	17	11	0.9668	NA	10	17.9322	Viruses;Duplodnaviria;Heunggongvirae;Uroviricota;Caudoviricetes;;
280791	contig_25	1366	No terminal repeats	NA	3	11	0.9636	NA	2	3.9747	Viruses;Duplodnaviria;Heunggongvirae;Uroviricota;Caudoviricetes;;
280791	contig_28	835	No terminal repeats	NA	3	11	0.9609	NA	2	4.4752	Viruses;Duplodnaviria;Heunggongvirae;Uroviricota;Caudoviricetes;;
280791	contig_29	835	No terminal repeats	NA	3	11	0.9606	NA	2	4.4752	Viruses;Duplodnaviria;Heunggongvirae;Uroviricota;Caudoviricetes;;
280791	contig_18	4113	No terminal repeats	NA	7	11	0.9582	NA	6	8.1706	Viruses;Duplodnaviria;Heunggongvirae;Uroviricota;Caudoviricetes;;
280791	contig_35	357	No terminal repeats	NA	1	11	0.7950	NA	1	1.3140	Viruses;Duplodnaviria;Heunggongvirae;Uroviricota;Caudoviricetes;;
280791	contig_34	357	No terminal repeats	NA	1	11	0.7782	NA	1	1.3140	Viruses;Duplodnaviria;Heunggongvirae;Uroviricota;Caudoviricetes;;
280791	contig_19	3883	No terminal repeats	NA	3	11	0.7004	NA	0	1.2265	Viruses;Duplodnaviria;Heunggongvirae;Uroviricota;Caudoviricetes;;
280792	contig_24	2425	No terminal repeats	NA	3	11	0.9783	NA	2	4.7360	Viruses;Duplodnaviria;Heunggongvirae;Uroviricota;Caudoviricetes;;
280792	contig_18	9892	No terminal repeats	NA	15	11	0.9771	NA	5	17.2116	Viruses;Duplodnaviria;Heunggongvirae;Uroviricota;Caudoviricetes;;
280792	contig_23	2458	No terminal repeats	NA	3	11	0.9756	NA	2	4.7360	Viruses;Duplodnaviria;Heunggongvirae;Uroviricota;Caudoviricetes;;
280792	contig_19	4708	No terminal repeats	NA	5	11	0.9733	NA	4	5.4114	Viruses;Duplodnaviria;Heunggongvirae;Uroviricota;Caudoviricetes;;
280792	contig_4|provirus_1_10569	10569	Provirus	1-10569	15	11	0.9695	NA	6	16.0677	Viruses;Duplodnaviria;Heunggongvirae;Uroviricota;Caudoviricetes;;
280792	contig_1|provirus_2_15766	15765	Provirus	2-15766	17	11	0.9680	NA	10	17.9322	Viruses;Duplodnaviria;Heunggongvirae;Uroviricota;Caudoviricetes;;
280792	contig_1|provirus_165515_207562	42048	Provirus	165515-207562	56	11	0.9674	NA	13	56.2879	Viruses;Duplodnaviria;Heunggongvirae;Uroviricota;Caudoviricetes;;
280792	contig_1|provirus_503539_538491	34953	Provirus	503539-538491	45	11	0.9666	NA	18	44.3271	Viruses;Duplodnaviria;Heunggongvirae;Uroviricota;Caudoviricetes;;
280792	contig_28	1366	No terminal repeats	NA	3	11	0.9636	NA	2	3.9747	Viruses;Duplodnaviria;Heunggongvirae;Uroviricota;Caudoviricetes;;
280792	contig_22	2638	No terminal repeats	NA	4	11	0.9634	NA	1	3.6772	Viruses;Duplodnaviria;Heunggongvirae;Uroviricota;Caudoviricetes;;
280792	contig_31	835	No terminal repeats	NA	3	11	0.9609	NA	2	4.4752	Viruses;Duplodnaviria;Heunggongvirae;Uroviricota;Caudoviricetes;;
280792	contig_32	835	No terminal repeats	NA	3	11	0.9606	NA	2	4.4752	Viruses;Duplodnaviria;Heunggongvirae;Uroviricota;Caudoviricetes;;
280792	contig_20	4113	No terminal repeats	NA	7	11	0.9582	NA	6	8.1706	Viruses;Duplodnaviria;Heunggongvirae;Uroviricota;Caudoviricetes;;
280792	contig_39	357	No terminal repeats	NA	1	11	0.7821	NA	1	1.3140	Viruses;Duplodnaviria;Heunggongvirae;Uroviricota;Caudoviricetes;;
280792	contig_38	357	No terminal repeats	NA	1	11	0.7782	NA	1	1.3140	Viruses;Duplodnaviria;Heunggongvirae;Uroviricota;Caudoviricetes;;
280792	contig_21	3883	No terminal repeats	NA	3	11	0.7004	NA	0	1.2265	Viruses;Duplodnaviria;Heunggongvirae;Uroviricota;Caudoviricetes;;
280793	contig_24	2458	No terminal repeats	NA	3	11	0.9785	NA	2	4.7360	Viruses;Duplodnaviria;Heunggongvirae;Uroviricota;Caudoviricetes;;
280793	contig_25	2425	No terminal repeats	NA	3	11	0.9783	NA	2	4.7360	Viruses;Duplodnaviria;Heunggongvirae;Uroviricota;Caudoviricetes;;
280793	contig_1|provirus_1248271_1258760	10490	Provirus	1248271-1258760	10	11	0.9739	NA	5	9.9164	Viruses;Duplodnaviria;Heunggongvirae;Uroviricota;Caudoviricetes;;
280793	contig_2|provirus_198_14571	14374	Provirus	198-14571	18	11	0.9719	NA	6	17.2942	Viruses;Duplodnaviria;Heunggongvirae;Uroviricota;Caudoviricetes;;
280793	contig_11|provirus_145380_160251	14872	Provirus	145380-160251	19	11	0.9710	NA	5	18.5230	Viruses;Duplodnaviria;Heunggongvirae;Uroviricota;Caudoviricetes;;
280793	contig_1|provirus_1056475_1098522	42048	Provirus	1056475-1098522	56	11	0.9707	NA	13	56.2879	Viruses;Duplodnaviria;Heunggongvirae;Uroviricota;Caudoviricetes;;
280793	contig_22	4708	No terminal repeats	NA	5	11	0.9702	NA	4	5.4114	Viruses;Duplodnaviria;Heunggongvirae;Uroviricota;Caudoviricetes;;
280793	contig_1|provirus_725318_760270	34953	Provirus	725318-760270	45	11	0.9692	NA	18	44.3271	Viruses;Duplodnaviria;Heunggongvirae;Uroviricota;Caudoviricetes;;
280793	contig_29	1366	No terminal repeats	NA	3	11	0.9636	NA	2	3.9747	Viruses;Duplodnaviria;Heunggongvirae;Uroviricota;Caudoviricetes;;
280793	contig_33	835	No terminal repeats	NA	3	11	0.9608	NA	2	4.4752	Viruses;Duplodnaviria;Heunggongvirae;Uroviricota;Caudoviricetes;;
280793	contig_32	835	No terminal repeats	NA	3	11	0.9602	NA	2	4.4752	Viruses;Duplodnaviria;Heunggongvirae;Uroviricota;Caudoviricetes;;
280793	contig_21	5109	No terminal repeats	NA	7	11	0.9576	NA	5	8.0158	Viruses;Duplodnaviria;Heunggongvirae;Uroviricota;Caudoviricetes;;
280793	contig_23	4113	No terminal repeats	NA	7	11	0.9539	NA	6	8.1706	Viruses;Duplodnaviria;Heunggongvirae;Uroviricota;Caudoviricetes;;
280793	contig_37	554	No terminal repeats	NA	2	11	0.8673	NA	1	1.6493	Viruses;Duplodnaviria;Heunggongvirae;Uroviricota;Caudoviricetes;;
280793	contig_38	554	No terminal repeats	NA	2	11	0.8570	NA	1	1.6493	Viruses;Duplodnaviria;Heunggongvirae;Uroviricota;Caudoviricetes;;
280793	contig_41	357	No terminal repeats	NA	1	11	0.7821	NA	1	1.3140	Viruses;Duplodnaviria;Heunggongvirae;Uroviricota;Caudoviricetes;;
280793	contig_42	357	No terminal repeats	NA	1	11	0.7782	NA	1	1.3140	Viruses;Duplodnaviria;Heunggongvirae;Uroviricota;Caudoviricetes;;
280794	contig_23	2425	No terminal repeats	NA	3	11	0.9783	NA	2	4.7360	Viruses;Duplodnaviria;Heunggongvirae;Uroviricota;Caudoviricetes;;
280794	contig_22	2458	No terminal repeats	NA	3	11	0.9756	NA	2	4.7360	Viruses;Duplodnaviria;Heunggongvirae;Uroviricota;Caudoviricetes;;
280794	contig_2|provirus_784794_826841	42048	Provirus	784794-826841	56	11	0.9707	NA	13	56.2879	Viruses;Duplodnaviria;Heunggongvirae;Uroviricota;Caudoviricetes;;
280794	contig_8|provirus_145386_158425	13040	Provirus	145386-158425	18	11	0.9707	NA	5	17.2965	Viruses;Duplodnaviria;Heunggongvirae;Uroviricota;Caudoviricetes;;
280794	contig_19	4708	No terminal repeats	NA	5	11	0.9702	NA	4	5.4114	Viruses;Duplodnaviria;Heunggongvirae;Uroviricota;Caudoviricetes;;
280794	contig_1|provirus_1_10569	10569	Provirus	1-10569	15	11	0.9695	NA	6	16.0677	Viruses;Duplodnaviria;Heunggongvirae;Uroviricota;Caudoviricetes;;
280794	contig_2|provirus_453865_488817	34953	Provirus	453865-488817	45	11	0.9692	NA	18	44.3271	Viruses;Duplodnaviria;Heunggongvirae;Uroviricota;Caudoviricetes;;
280794	contig_2|provirus_976590_992354	15765	Provirus	976590-992354	17	11	0.9668	NA	10	17.9322	Viruses;Duplodnaviria;Heunggongvirae;Uroviricota;Caudoviricetes;;
280794	contig_27	1366	No terminal repeats	NA	3	11	0.9636	NA	2	3.9747	Viruses;Duplodnaviria;Heunggongvirae;Uroviricota;Caudoviricetes;;
280794	contig_31	835	No terminal repeats	NA	3	11	0.9608	NA	2	4.4752	Viruses;Duplodnaviria;Heunggongvirae;Uroviricota;Caudoviricetes;;
280794	contig_30	835	No terminal repeats	NA	3	11	0.9602	NA	2	4.4752	Viruses;Duplodnaviria;Heunggongvirae;Uroviricota;Caudoviricetes;;
280794	contig_20	4113	No terminal repeats	NA	7	11	0.9539	NA	6	8.1706	Viruses;Duplodnaviria;Heunggongvirae;Uroviricota;Caudoviricetes;;
280794	contig_37	357	No terminal repeats	NA	1	11	0.7821	NA	1	1.3140	Viruses;Duplodnaviria;Heunggongvirae;Uroviricota;Caudoviricetes;;
280794	contig_38	357	No terminal repeats	NA	1	11	0.7782	NA	1	1.3140	Viruses;Duplodnaviria;Heunggongvirae;Uroviricota;Caudoviricetes;;
280795	contig_27	2425	No terminal repeats	NA	3	11	0.9783	NA	2	4.7360	Viruses;Duplodnaviria;Heunggongvirae;Uroviricota;Caudoviricetes;;
280795	contig_26	2458	No terminal repeats	NA	3	11	0.9756	NA	2	4.7360	Viruses;Duplodnaviria;Heunggongvirae;Uroviricota;Caudoviricetes;;
280795	contig_10|provirus_1_13040	13040	Provirus	1-13040	18	11	0.9737	NA	5	17.2965	Viruses;Duplodnaviria;Heunggongvirae;Uroviricota;Caudoviricetes;;
280795	contig_23	4708	No terminal repeats	NA	5	11	0.9702	NA	4	5.4114	Viruses;Duplodnaviria;Heunggongvirae;Uroviricota;Caudoviricetes;;
280795	contig_2|provirus_1_10569	10569	Provirus	1-10569	15	11	0.9695	NA	6	16.0677	Viruses;Duplodnaviria;Heunggongvirae;Uroviricota;Caudoviricetes;;
280795	contig_1|provirus_2_15766	15765	Provirus	2-15766	17	11	0.9680	NA	10	17.9322	Viruses;Duplodnaviria;Heunggongvirae;Uroviricota;Caudoviricetes;;
280795	contig_1|provirus_165515_207562	42048	Provirus	165515-207562	56	11	0.9674	NA	13	56.2879	Viruses;Duplodnaviria;Heunggongvirae;Uroviricota;Caudoviricetes;;
280795	contig_1|provirus_503539_538491	34953	Provirus	503539-538491	45	11	0.9666	NA	18	44.3271	Viruses;Duplodnaviria;Heunggongvirae;Uroviricota;Caudoviricetes;;
280795	contig_31	1366	No terminal repeats	NA	3	11	0.9636	NA	2	3.9747	Viruses;Duplodnaviria;Heunggongvirae;Uroviricota;Caudoviricetes;;
280795	contig_35	835	No terminal repeats	NA	3	11	0.9609	NA	2	4.4752	Viruses;Duplodnaviria;Heunggongvirae;Uroviricota;Caudoviricetes;;
280795	contig_34	835	No terminal repeats	NA	3	11	0.9606	NA	2	4.4752	Viruses;Duplodnaviria;Heunggongvirae;Uroviricota;Caudoviricetes;;
280795	contig_24	4113	No terminal repeats	NA	7	11	0.9539	NA	6	8.1706	Viruses;Duplodnaviria;Heunggongvirae;Uroviricota;Caudoviricetes;;
280795	contig_41	357	No terminal repeats	NA	1	11	0.7950	NA	1	1.3140	Viruses;Duplodnaviria;Heunggongvirae;Uroviricota;Caudoviricetes;;
280795	contig_40	357	No terminal repeats	NA	1	11	0.7885	NA	1	1.3140	Viruses;Duplodnaviria;Heunggongvirae;Uroviricota;Caudoviricetes;;
280795	contig_25	3883	No terminal repeats	NA	3	11	0.7004	NA	0	1.2265	Viruses;Duplodnaviria;Heunggongvirae;Uroviricota;Caudoviricetes;;
280796	contig_32	2425	No terminal repeats	NA	3	11	0.9789	NA	2	4.7360	Viruses;Duplodnaviria;Heunggongvirae;Uroviricota;Caudoviricetes;;
280796	contig_31	2458	No terminal repeats	NA	3	11	0.9785	NA	2	4.7360	Viruses;Duplodnaviria;Heunggongvirae;Uroviricota;Caudoviricetes;;
280796	contig_24	11725	No terminal repeats	NA	16	11	0.9762	NA	5	18.4381	Viruses;Duplodnaviria;Heunggongvirae;Uroviricota;Caudoviricetes;;
280796	contig_25	5524	No terminal repeats	NA	6	11	0.9735	NA	4	6.5688	Viruses;Duplodnaviria;Heunggongvirae;Uroviricota;Caudoviricetes;;
280796	contig_8|provirus_198_14571	14374	Provirus	198-14571	18	11	0.9719	NA	6	17.2942	Viruses;Duplodnaviria;Heunggongvirae;Uroviricota;Caudoviricetes;;
280796	contig_1|provirus_541193_583240	42048	Provirus	541193-583240	56	11	0.9707	NA	13	56.2879	Viruses;Duplodnaviria;Heunggongvirae;Uroviricota;Caudoviricetes;;
280796	contig_28	4708	No terminal repeats	NA	5	11	0.9702	NA	4	5.4114	Viruses;Duplodnaviria;Heunggongvirae;Uroviricota;Caudoviricetes;;
280796	contig_1|provirus_210036_244988	34953	Provirus	210036-244988	45	11	0.9692	NA	18	44.3271	Viruses;Duplodnaviria;Heunggongvirae;Uroviricota;Caudoviricetes;;
280796	contig_30	2638	No terminal repeats	NA	4	11	0.9653	NA	1	3.6772	Viruses;Duplodnaviria;Heunggongvirae;Uroviricota;Caudoviricetes;;
280796	contig_35	1366	No terminal repeats	NA	3	11	0.9611	NA	2	3.9747	Viruses;Duplodnaviria;Heunggongvirae;Uroviricota;Caudoviricetes;;
280796	contig_39	835	No terminal repeats	NA	3	11	0.9608	NA	2	4.4752	Viruses;Duplodnaviria;Heunggongvirae;Uroviricota;Caudoviricetes;;
280796	contig_38	835	No terminal repeats	NA	3	11	0.9602	NA	2	4.4752	Viruses;Duplodnaviria;Heunggongvirae;Uroviricota;Caudoviricetes;;
280796	contig_27	5109	No terminal repeats	NA	7	11	0.9576	NA	5	8.0158	Viruses;Duplodnaviria;Heunggongvirae;Uroviricota;Caudoviricetes;;
280796	contig_29	4113	No terminal repeats	NA	7	11	0.9539	NA	6	8.1706	Viruses;Duplodnaviria;Heunggongvirae;Uroviricota;Caudoviricetes;;
280796	contig_43	554	No terminal repeats	NA	2	11	0.8717	NA	1	1.6493	Viruses;Duplodnaviria;Heunggongvirae;Uroviricota;Caudoviricetes;;
280796	contig_44	554	No terminal repeats	NA	2	11	0.8570	NA	1	1.6493	Viruses;Duplodnaviria;Heunggongvirae;Uroviricota;Caudoviricetes;;
280796	contig_49	357	No terminal repeats	NA	1	11	0.7950	NA	1	1.3140	Viruses;Duplodnaviria;Heunggongvirae;Uroviricota;Caudoviricetes;;
280796	contig_48	357	No terminal repeats	NA	1	11	0.7885	NA	1	1.3140	Viruses;Duplodnaviria;Heunggongvirae;Uroviricota;Caudoviricetes;;
280797	contig_23	2425	No terminal repeats	NA	3	11	0.9783	NA	2	4.7360	Viruses;Duplodnaviria;Heunggongvirae;Uroviricota;Caudoviricetes;;
280797	contig_22	2458	No terminal repeats	NA	3	11	0.9756	NA	2	4.7360	Viruses;Duplodnaviria;Heunggongvirae;Uroviricota;Caudoviricetes;;
280797	contig_20	4708	No terminal repeats	NA	5	11	0.9733	NA	4	5.4114	Viruses;Duplodnaviria;Heunggongvirae;Uroviricota;Caudoviricetes;;
280797	contig_1|provirus_2_10491	10490	Provirus	2-10491	10	11	0.9732	NA	5	9.9164	Viruses;Duplodnaviria;Heunggongvirae;Uroviricota;Caudoviricetes;;
280797	contig_2|provirus_198_14571	14374	Provirus	198-14571	18	11	0.9719	NA	6	17.2942	Viruses;Duplodnaviria;Heunggongvirae;Uroviricota;Caudoviricetes;;
280797	contig_10|provirus_145380_160251	14872	Provirus	145380-160251	19	11	0.9710	NA	5	18.5230	Viruses;Duplodnaviria;Heunggongvirae;Uroviricota;Caudoviricetes;;
280797	contig_1|provirus_160240_202287	42048	Provirus	160240-202287	56	11	0.9674	NA	13	56.2879	Viruses;Duplodnaviria;Heunggongvirae;Uroviricota;Caudoviricetes;;
280797	contig_1|provirus_498492_533444	34953	Provirus	498492-533444	45	11	0.9666	NA	18	44.3271	Viruses;Duplodnaviria;Heunggongvirae;Uroviricota;Caudoviricetes;;
280797	contig_26	1366	No terminal repeats	NA	3	11	0.9636	NA	2	3.9747	Viruses;Duplodnaviria;Heunggongvirae;Uroviricota;Caudoviricetes;;
280797	contig_29	835	No terminal repeats	NA	3	11	0.9609	NA	2	4.4752	Viruses;Duplodnaviria;Heunggongvirae;Uroviricota;Caudoviricetes;;
280797	contig_30	835	No terminal repeats	NA	3	11	0.9606	NA	2	4.4752	Viruses;Duplodnaviria;Heunggongvirae;Uroviricota;Caudoviricetes;;
280797	contig_21	4113	No terminal repeats	NA	7	11	0.9582	NA	6	8.1706	Viruses;Duplodnaviria;Heunggongvirae;Uroviricota;Caudoviricetes;;
280797	contig_19	5109	No terminal repeats	NA	7	11	0.9576	NA	5	8.0158	Viruses;Duplodnaviria;Heunggongvirae;Uroviricota;Caudoviricetes;;
280797	contig_34	554	No terminal repeats	NA	2	11	0.8717	NA	1	1.6493	Viruses;Duplodnaviria;Heunggongvirae;Uroviricota;Caudoviricetes;;
280797	contig_35	554	No terminal repeats	NA	2	11	0.8570	NA	1	1.6493	Viruses;Duplodnaviria;Heunggongvirae;Uroviricota;Caudoviricetes;;
280797	contig_38	357	No terminal repeats	NA	1	11	0.7950	NA	1	1.3140	Viruses;Duplodnaviria;Heunggongvirae;Uroviricota;Caudoviricetes;;
280797	contig_39	357	No terminal repeats	NA	1	11	0.7885	NA	1	1.3140	Viruses;Duplodnaviria;Heunggongvirae;Uroviricota;Caudoviricetes;;
280798	contig_19	2568	No terminal repeats	NA	3	11	0.9783	NA	2	4.7360	Viruses;Duplodnaviria;Heunggongvirae;Uroviricota;Caudoviricetes;;
280798	contig_14	11862	No terminal repeats	NA	16	11	0.9771	NA	5	18.4381	Viruses;Duplodnaviria;Heunggongvirae;Uroviricota;Caudoviricetes;;
280798	contig_1|provirus_572080_607798	35719	Provirus	572080-607798	44	11	0.9739	NA	22	48.7959	Viruses;Duplodnaviria;Heunggongvirae;Uroviricota;Caudoviricetes;;
280798	contig_16	4708	No terminal repeats	NA	5	11	0.9733	NA	4	5.4114	Viruses;Duplodnaviria;Heunggongvirae;Uroviricota;Caudoviricetes;;
280798	contig_1|provirus_757547_799594	42048	Provirus	757547-799594	56	11	0.9674	NA	13	56.2879	Viruses;Duplodnaviria;Heunggongvirae;Uroviricota;Caudoviricetes;;
280798	contig_1|provirus_1095799_1130751	34953	Provirus	1095799-1130751	45	11	0.9666	NA	18	44.3271	Viruses;Duplodnaviria;Heunggongvirae;Uroviricota;Caudoviricetes;;
280798	contig_18	2638	No terminal repeats	NA	4	11	0.9653	NA	1	3.6772	Viruses;Duplodnaviria;Heunggongvirae;Uroviricota;Caudoviricetes;;
280798	contig_23	1070	No terminal repeats	NA	3	11	0.9640	NA	2	4.4752	Viruses;Duplodnaviria;Heunggongvirae;Uroviricota;Caudoviricetes;;
280798	contig_22	1366	No terminal repeats	NA	3	11	0.9636	NA	2	3.9747	Viruses;Duplodnaviria;Heunggongvirae;Uroviricota;Caudoviricetes;;
280798	contig_17	4113	No terminal repeats	NA	7	11	0.9582	NA	6	8.1706	Viruses;Duplodnaviria;Heunggongvirae;Uroviricota;Caudoviricetes;;
280798	contig_26	739	No terminal repeats	NA	2	11	0.8619	NA	1	1.6493	Viruses;Duplodnaviria;Heunggongvirae;Uroviricota;Caudoviricetes;;
AATRIGO01005HV	contig_1|provirus_728455_770200	41746	Provirus	728455-770200	63	11	0.9755	NA	18	64.7910	Viruses;Duplodnaviria;Heunggongvirae;Uroviricota;Caudoviricetes;;
AATRIGO01005HV	contig_6|provirus_149075_181884	32810	Provirus	149075-181884	43	11	0.9715	NA	15	49.3766	Viruses;Duplodnaviria;Heunggongvirae;Uroviricota;Caudoviricetes;;
AATRIGO01005HV	contig_3|provirus_61420_79237	17818	Provirus	61420-79237	26	11	0.9556	NA	5	20.4764	Viruses;Duplodnaviria;Heunggongvirae;Uroviricota;Caudoviricetes;;
AATRIGO01005HV	contig_14	6401	No terminal repeats	NA	11	11	0.7861	NA	0	1.7183	Viruses;Duplodnaviria;Heunggongvirae;Uroviricota;Caudoviricetes;;
AATRIGO04055	contig_3|provirus_171778_231199	59422	Provirus	171778-231199	81	11	0.9655	NA	16	78.9609	Viruses;Duplodnaviria;Heunggongvirae;Uroviricota;Caudoviricetes;;
AATRIGO04055	contig_18|provirus_95300_111306	16007	Provirus	95300-111306	21	11	0.9297	NA	13	31.7582	Viruses;Duplodnaviria;Heunggongvirae;Uroviricota;Caudoviricetes;;
AATRIGO06054	contig_95	10592	No terminal repeats	NA	13	11	0.9818	NA	9	18.3204	Viruses;Duplodnaviria;Heunggongvirae;Uroviricota;Caudoviricetes;;
AATRIGO06054	contig_26|provirus_1_21317	21317	Provirus	1-21317	36	11	0.9794	NA	7	43.6316	Viruses;Duplodnaviria;Heunggongvirae;Uroviricota;Caudoviricetes;;
AATRIGO06054	contig_111	6064	No terminal repeats	NA	7	11	0.9788	NA	4	7.9227	Viruses;Duplodnaviria;Heunggongvirae;Uroviricota;Caudoviricetes;;
AATRIGO06054	contig_38|provirus_1_15784	15784	Provirus	1-15784	32	11	0.9730	NA	3	32.8722	Viruses;Duplodnaviria;Heunggongvirae;Uroviricota;Caudoviricetes;;
AATRIGO06054	contig_112	6061	No terminal repeats	NA	7	11	0.9698	NA	4	7.9227	Viruses;Duplodnaviria;Heunggongvirae;Uroviricota;Caudoviricetes;;
AATRIGO06054	contig_20|provirus_84556_123145	38590	Provirus	84556-123145	50	11	0.9513	NA	12	52.2735	Viruses;Duplodnaviria;Heunggongvirae;Uroviricota;Caudoviricetes;;
AATRIGO06054	contig_145	326	No terminal repeats	NA	2	11	0.9505	NA	1	3.2724	Viruses;Duplodnaviria;Heunggongvirae;Uroviricota;Caudoviricetes;;
AATRIGO06054	contig_70|provirus_2_12297	12296	Provirus	2-12297	20	11	0.9463	NA	2	13.3845	Viruses;Duplodnaviria;Heunggongvirae;Uroviricota;Caudoviricetes;;
AATRIGO06054	contig_141	360	No terminal repeats	NA	1	11	0.9295	NA	1	1.2106	Viruses;Duplodnaviria;Heunggongvirae;Uroviricota;Caudoviricetes;;
AATRIGO06054	contig_140	360	No terminal repeats	NA	1	11	0.9280	NA	1	1.2106	Viruses;Duplodnaviria;Heunggongvirae;Uroviricota;Caudoviricetes;;
AATRIGO06054	contig_123	965	No terminal repeats	NA	2	11	0.8866	NA	2	2.8276	Viruses;Duplodnaviria;Heunggongvirae;Uroviricota;Caudoviricetes;;
AATRIGO06054	contig_39|provirus_6746_29335	22590	Provirus	6746-29335	28	11	0.8852	NA	8	21.7766	Viruses;Duplodnaviria;Heunggongvirae;Uroviricota;Caudoviricetes;;
AATRIGO09025	contig_5|provirus_33206_86784	53579	Provirus	33206-86784	84	11	0.9738	NA	19	82.2924	Viruses;Duplodnaviria;Heunggongvirae;Uroviricota;Caudoviricetes;;
AATRIGO09025	contig_2|provirus_322087_360276	38190	Provirus	322087-360276	57	11	0.9691	NA	20	61.3980	Viruses;Duplodnaviria;Heunggongvirae;Uroviricota;Caudoviricetes;;
AATRIGO09025	contig_1|provirus_466273_508149	41877	Provirus	466273-508149	51	11	0.9632	NA	22	58.4625	Viruses;Duplodnaviria;Heunggongvirae;Uroviricota;Caudoviricetes;;
AATRIGO09025	contig_3|provirus_46915_63355	16441	Provirus	46915-63355	21	11	0.9031	NA	14	31.6643	Viruses;Duplodnaviria;Heunggongvirae;Uroviricota;Caudoviricetes;;
AATRIGO09029	contig_6|provirus_153005_169294	16290	Provirus	153005-169294	26	11	0.9558	NA	1	21.5605	Viruses;Duplodnaviria;Heunggongvirae;Uroviricota;Caudoviricetes;;
AATRIGO09029	contig_2|provirus_437122_452972	15851	Provirus	437122-452972	22	11	0.9189	NA	13	33.0266	Viruses;Duplodnaviria;Heunggongvirae;Uroviricota;Caudoviricetes;;
GCF_000220605.1	contig_34|provirus_136581_167814	31234	Provirus	136581-167814	43	11	0.9769	NA	22	49.6011	Viruses;Duplodnaviria;Heunggongvirae;Uroviricota;Caudoviricetes;;
GCF_000220605.1	contig_34|provirus_336779_344581	7803	Provirus	336779-344581	9	11	0.9764	NA	5	9.0886	Viruses;Duplodnaviria;Heunggongvirae;Uroviricota;Caudoviricetes;;
GCF_000220605.1	contig_37|provirus_856172_865844	9673	Provirus	856172-865844	9	11	0.9740	NA	5	8.7590	Viruses;Duplodnaviria;Heunggongvirae;Uroviricota;Caudoviricetes;;
GCF_000220605.1	contig_37|provirus_785788_831798	46011	Provirus	785788-831798	69	11	0.9725	NA	21	74.3622	Viruses;Duplodnaviria;Heunggongvirae;Uroviricota;Caudoviricetes;;
GCF_000220605.1	contig_37|provirus_278173_318814	40642	Provirus	278173-318814	62	11	0.9715	NA	17	63.3709	Viruses;Duplodnaviria;Heunggongvirae;Uroviricota;Caudoviricetes;;
GCF_000220605.1	contig_3	1286	No terminal repeats	NA	3	11	0.9706	NA	2	4.4814	Viruses;Duplodnaviria;Heunggongvirae;Uroviricota;Caudoviricetes;;
GCF_000220605.1	contig_30|provirus_176332_197127	20796	Provirus	176332-197127	32	11	0.9678	NA	16	35.9121	Viruses;Duplodnaviria;Heunggongvirae;Uroviricota;Caudoviricetes;;
GCF_000220605.1	contig_4	1293	No terminal repeats	NA	3	11	0.9652	NA	2	4.4814	Viruses;Duplodnaviria;Heunggongvirae;Uroviricota;Caudoviricetes;;
GCF_000220605.1	contig_8	1776	No terminal repeats	NA	4	11	0.9629	NA	3	5.3131	Viruses;Duplodnaviria;Heunggongvirae;Uroviricota;Caudoviricetes;;
GCF_000220605.1	contig_28|provirus_146389_173346	26958	Provirus	146389-173346	41	11	0.9486	NA	15	37.5030	Viruses;Duplodnaviria;Heunggongvirae;Uroviricota;Caudoviricetes;;
GCF_000241285.1	contig_17|provirus_249620_282596	32977	Provirus	249620-282596	42	11	0.9288	NA	14	31.6159	Viruses;Duplodnaviria;Heunggongvirae;Uroviricota;Caudoviricetes;;
GCF_000241285.1	contig_15|provirus_211482_222280	10799	Provirus	211482-222280	16	11	0.9013	NA	2	9.0733	Viruses;Duplodnaviria;Heunggongvirae;Uroviricota;Caudoviricetes;;
GCF_000241285.1	contig_16|provirus_167436_182375	14940	Provirus	167436-182375	23	11	0.8994	NA	2	8.1619	Viruses;Duplodnaviria;Heunggongvirae;Uroviricota;Caudoviricetes;;
GCF_000241285.1	contig_16|provirus_56701_70284	13584	Provirus	56701-70284	19	11	0.8977	NA	2	10.3413	Viruses;Duplodnaviria;Heunggongvirae;Uroviricota;Caudoviricetes;;
GCF_000241285.1	contig_17|provirus_297610_321664	24055	Provirus	297610-321664	27	11	0.8692	NA	1	10.1439	Viruses;Duplodnaviria;Heunggongvirae;Uroviricota;Caudoviricetes;;
GCF_000241285.1	contig_10|provirus_99246_123599	24354	Provirus	99246-123599	16	11	0.8646	NA	1	7.2054	Viruses;Duplodnaviria;Heunggongvirae;Uroviricota;Caudoviricetes;;
GCF_000475055.1	contig_8|provirus_184204_214745	30542	Provirus	184204-214745	40	11	0.9418	NA	15	33.4320	Viruses;Duplodnaviria;Heunggongvirae;Uroviricota;Caudoviricetes;;
GCF_000475055.1	contig_8|provirus_250892_269757	18866	Provirus	250892-269757	26	11	0.8670	NA	3	10.3132	Viruses;Duplodnaviria;Heunggongvirae;Uroviricota;Caudoviricetes;;
GCF_000627115.1	contig_9|provirus_10983_44890	33908	Provirus	10983-44890	45	11	0.9737	NA	22	52.1477	Viruses;Duplodnaviria;Heunggongvirae;Uroviricota;Caudoviricetes;;
GCF_000627115.1	contig_4|provirus_27186_72715	45530	Provirus	27186-72715	58	11	0.9649	NA	13	51.9015	Viruses;Duplodnaviria;Heunggongvirae;Uroviricota;Caudoviricetes;;
GCF_000627115.1	contig_21|provirus_788_12506	11719	Provirus	788-12506	20	11	0.8731	NA	1	9.0679	Viruses;Duplodnaviria;Heunggongvirae;Uroviricota;Caudoviricetes;;
GCF_000687245.1	contig_30|provirus_219857_240053	20197	Provirus	219857-240053	26	11	0.9778	NA	6	35.7987	Viruses;Duplodnaviria;Heunggongvirae;Uroviricota;Caudoviricetes;;
GCF_000710215.1	contig_129|provirus_6805_16474	9670	Provirus	6805-16474	9	11	0.9715	NA	5	8.7590	Viruses;Duplodnaviria;Heunggongvirae;Uroviricota;Caudoviricetes;;
GCF_000710215.1	contig_38|provirus_2_23661	23660	Provirus	2-23661	35	11	0.9709	NA	18	39.5127	Viruses;Duplodnaviria;Heunggongvirae;Uroviricota;Caudoviricetes;;
GCF_000710215.1	contig_156	2503	No terminal repeats	NA	5	11	0.9060	NA	2	4.7664	Viruses;Duplodnaviria;Heunggongvirae;Uroviricota;Caudoviricetes;;
GCF_000710215.1	contig_52|provirus_544_7548	7005	Provirus	544-7548	13	11	0.9032	NA	0	8.0684	Viruses;Duplodnaviria;Heunggongvirae;Uroviricota;Caudoviricetes;;
GCF_000731125.1	contig_4|provirus_1194442_1240695	46254	Provirus	1194442-1240695	62	11	0.9651	NA	19	63.6757	Viruses;Duplodnaviria;Heunggongvirae;Uroviricota;Caudoviricetes;;
GCF_000731125.1	contig_4|provirus_1894704_1916032	21329	Provirus	1894704-1916032	32	11	0.9533	NA	6	27.4236	Viruses;Duplodnaviria;Heunggongvirae;Uroviricota;Caudoviricetes;;
GCF_000731125.1	contig_4|provirus_3208816_3226712	17897	Provirus	3208816-3226712	21	11	0.9384	NA	4	13.5363	Viruses;Duplodnaviria;Heunggongvirae;Uroviricota;Caudoviricetes;;
GCF_000731125.1	contig_4|provirus_2177784_2192729	14946	Provirus	2177784-2192729	23	11	0.9089	NA	2	12.6746	Viruses;Duplodnaviria;Heunggongvirae;Uroviricota;Caudoviricetes;;
GCF_000743785.2	contig_2|provirus_114968_145614	30647	Provirus	114968-145614	39	11	0.9196	NA	14	29.2853	Viruses;Duplodnaviria;Heunggongvirae;Uroviricota;Caudoviricetes;;
GCF_000743785.2	contig_2|provirus_70252_94075	23824	Provirus	70252-94075	31	11	0.7961	NA	3	8.4009	Viruses;Duplodnaviria;Heunggongvirae;Uroviricota;Caudoviricetes;;
GCF_000757415.2	contig_7|provirus_14768_65611	50844	Provirus	14768-65611	89	11	0.9751	NA	15	97.3258	Viruses;Duplodnaviria;Heunggongvirae;Uroviricota;Caudoviricetes;;
GCF_000814075.1	contig_90|provirus_406188_427443	21256	Provirus	406188-427443	31	11	0.9357	NA	16	27.2447	Viruses;Duplodnaviria;Heunggongvirae;Uroviricota;Caudoviricetes;;
GCF_000952095.1	contig_29|provirus_84619_118397	33779	Provirus	84619-118397	46	11	0.9744	NA	22	51.6871	Viruses;Duplodnaviria;Heunggongvirae;Uroviricota;Caudoviricetes;;
GCF_000952095.1	contig_8|provirus_41518_75991	34474	Provirus	41518-75991	49	11	0.9510	NA	11	39.1458	Viruses;Duplodnaviria;Heunggongvirae;Uroviricota;Caudoviricetes;;
GCF_000952095.1	contig_5|provirus_262641_295509	32869	Provirus	262641-295509	43	11	0.9190	NA	15	35.0368	Viruses;Duplodnaviria;Heunggongvirae;Uroviricota;Caudoviricetes;;
GCF_000952095.1	contig_5|provirus_197183_219341	22159	Provirus	197183-219341	28	11	0.8135	NA	3	6.9865	Viruses;Duplodnaviria;Heunggongvirae;Uroviricota;Caudoviricetes;;
GCF_000952095.1	contig_18	4031	No terminal repeats	NA	5	11	0.7632	NA	1	3.3356	Viruses;Duplodnaviria;Heunggongvirae;Uroviricota;Caudoviricetes;;
GCF_001264395.1	contig_1|provirus_82868_123461	40594	Provirus	82868-123461	52	11	0.9618	NA	24	54.8646	Viruses;Duplodnaviria;Heunggongvirae;Uroviricota;Caudoviricetes;;
GCF_001264395.1	contig_47|provirus_96782_147179	50398	Provirus	96782-147179	66	11	0.9573	NA	11	56.0327	Viruses;Duplodnaviria;Heunggongvirae;Uroviricota;Caudoviricetes;;
GCF_001288285.1	contig_18|provirus_112187_144328	32142	Provirus	112187-144328	46	11	0.9753	NA	21	51.2684	Viruses;Duplodnaviria;Heunggongvirae;Uroviricota;Caudoviricetes;;
GCF_001288285.1	contig_12|provirus_365910_394998	29089	Provirus	365910-394998	33	11	0.9591	NA	8	27.2694	Viruses;Duplodnaviria;Heunggongvirae;Uroviricota;Caudoviricetes;;
GCF_001288285.1	contig_6|provirus_78279_89543	11265	Provirus	78279-89543	13	11	0.8966	NA	0	7.6293	Viruses;Duplodnaviria;Heunggongvirae;Uroviricota;Caudoviricetes;;
GCF_001597625.1	contig_1|provirus_3992657_4016071	23415	Provirus	3992657-4016071	33	11	0.9727	NA	18	39.8130	Viruses;Duplodnaviria;Heunggongvirae;Uroviricota;Caudoviricetes;;
GCF_001597625.1	contig_1|provirus_3_8666	8664	Provirus	3-8666	8	11	0.9631	NA	4	7.7490	Viruses;Duplodnaviria;Heunggongvirae;Uroviricota;Caudoviricetes;;
GCF_001597625.1	contig_2|provirus_574447_606445	31999	Provirus	574447-606445	38	11	0.9320	NA	15	26.4819	Viruses;Duplodnaviria;Heunggongvirae;Uroviricota;Caudoviricetes;;
GCF_001597625.1	contig_4	3367	No terminal repeats	NA	5	11	0.8709	NA	2	4.7664	Viruses;Duplodnaviria;Heunggongvirae;Uroviricota;Caudoviricetes;;
GCF_001597625.1	contig_2|provirus_518873_537689	18817	Provirus	518873-537689	25	11	0.8558	NA	3	9.8690	Viruses;Duplodnaviria;Heunggongvirae;Uroviricota;Caudoviricetes;;
GCF_001598475.1	contig_4|provirus_301391_315992	14602	Provirus	301391-315992	23	11	0.9428	NA	7	19.0812	Viruses;Duplodnaviria;Heunggongvirae;Uroviricota;Caudoviricetes;;
GCF_001598475.1	contig_1|provirus_137258_147295	10038	Provirus	137258-147295	12	11	0.8578	NA	4	7.9086	Viruses;Duplodnaviria;Heunggongvirae;Uroviricota;Caudoviricetes;;
GCF_001661985.2	contig_1|provirus_72890_105871	32982	Provirus	72890-105871	44	11	0.9757	NA	21	49.8753	Viruses;Duplodnaviria;Heunggongvirae;Uroviricota;Caudoviricetes;;
GCF_001661985.2	contig_1|provirus_2615092_2641792	26701	Provirus	2615092-2641792	33	11	0.9656	NA	8	30.0104	Viruses;Duplodnaviria;Heunggongvirae;Uroviricota;Caudoviricetes;;
GCF_001661985.2	contig_1|provirus_2554329_2566563	12235	Provirus	2554329-2566563	14	11	0.9582	NA	2	13.2587	Viruses;Duplodnaviria;Heunggongvirae;Uroviricota;Caudoviricetes;;
GCF_001662025.2	contig_1|provirus_629614_666478	36865	Provirus	629614-666478	54	11	0.9684	NA	22	51.1703	Viruses;Duplodnaviria;Heunggongvirae;Uroviricota;Caudoviricetes;;
GCF_001662025.2	contig_1|provirus_2694554_2741224	46671	Provirus	2694554-2741224	67	11	0.9606	NA	20	68.8848	Viruses;Duplodnaviria;Heunggongvirae;Uroviricota;Caudoviricetes;;
GCF_001662025.2	contig_1|provirus_1810185_1849864	39680	Provirus	1810185-1849864	56	11	0.9477	NA	24	52.9939	Viruses;Duplodnaviria;Heunggongvirae;Uroviricota;Caudoviricetes;;
GCF_001709315.1	contig_1|provirus_3497699_3533020	35322	Provirus	3497699-3533020	46	11	0.9744	NA	8	41.3013	Viruses;Duplodnaviria;Heunggongvirae;Uroviricota;Caudoviricetes;;
GCF_001709315.1	contig_1|provirus_3933150_3969089	35940	Provirus	3933150-3969089	49	11	0.9624	NA	23	51.4060	Viruses;Duplodnaviria;Heunggongvirae;Uroviricota;Caudoviricetes;;
GCF_001709315.1	contig_1|provirus_2637041_2646324	9284	Provirus	2637041-2646324	16	11	0.9541	NA	1	9.7877	Viruses;Duplodnaviria;Heunggongvirae;Uroviricota;Caudoviricetes;;
GCF_001709315.1	contig_1|provirus_908889_919068	10180	Provirus	908889-919068	12	11	0.9109	NA	2	8.5854	Viruses;Duplodnaviria;Heunggongvirae;Uroviricota;Caudoviricetes;;
GCF_002157425.2	contig_34|provirus_75239_112383	37145	Provirus	75239-112383	46	11	0.9681	NA	24	46.6945	Viruses;Duplodnaviria;Heunggongvirae;Uroviricota;Caudoviricetes;;
GCF_002157425.2	contig_112	3945	No terminal repeats	NA	8	11	0.8691	NA	1	5.3626	Viruses;Duplodnaviria;Heunggongvirae;Uroviricota;Caudoviricetes;;
GCF_002157425.2	contig_75|provirus_15589_29995	14407	Provirus	15589-29995	23	11	0.8120	NA	0	6.6259	Viruses;Duplodnaviria;Heunggongvirae;Uroviricota;Caudoviricetes;;
GCF_002157425.2	contig_102	5760	No terminal repeats	NA	8	11	0.7010	NA	1	3.4392	Viruses;Duplodnaviria;Heunggongvirae;Uroviricota;Caudoviricetes;;
GCF_002222515.1	contig_2|provirus_199027_245372	46346	Provirus	199027-245372	63	11	0.9666	NA	20	67.0880	Viruses;Duplodnaviria;Heunggongvirae;Uroviricota;Caudoviricetes;;
GCF_002222515.1	contig_1|provirus_536812_574101	37290	Provirus	536812-574101	48	11	0.9651	NA	25	50.5974	Viruses;Duplodnaviria;Heunggongvirae;Uroviricota;Caudoviricetes;;
GCF_002222515.1	contig_20	3843	No terminal repeats	NA	5	11	0.7778	NA	1	3.3356	Viruses;Duplodnaviria;Heunggongvirae;Uroviricota;Caudoviricetes;;
GCF_003258435.1	contig_12|provirus_600738_644538	43801	Provirus	600738-644538	63	11	0.9737	NA	21	69.2540	Viruses;Duplodnaviria;Heunggongvirae;Uroviricota;Caudoviricetes;;
GCF_003258435.1	contig_20|provirus_1_23465	23465	Provirus	1-23465	38	11	0.9699	NA	17	41.8665	Viruses;Duplodnaviria;Heunggongvirae;Uroviricota;Caudoviricetes;;
GCF_003258435.1	contig_2|provirus_199_8791	8593	Provirus	199-8791	8	11	0.9632	NA	4	7.7490	Viruses;Duplodnaviria;Heunggongvirae;Uroviricota;Caudoviricetes;;
GCF_003258435.1	contig_12|provirus_1458136_1487129	28994	Provirus	1458136-1487129	47	11	0.9610	NA	7	44.1342	Viruses;Duplodnaviria;Heunggongvirae;Uroviricota;Caudoviricetes;;
GCF_003258435.1	contig_13	2222	No terminal repeats	NA	4	11	0.9580	NA	1	4.8049	Viruses;Duplodnaviria;Heunggongvirae;Uroviricota;Caudoviricetes;;
GCF_003258435.1	contig_12|provirus_1583581_1611895	28315	Provirus	1583581-1611895	43	11	0.9551	NA	5	23.5886	Viruses;Duplodnaviria;Heunggongvirae;Uroviricota;Caudoviricetes;;
GCF_003369485.1	contig_24|provirus_67821_77847	10027	Provirus	67821-77847	18	11	0.9742	NA	5	18.0355	Viruses;Duplodnaviria;Heunggongvirae;Uroviricota;Caudoviricetes;;
GCF_003369485.1	contig_65|provirus_7008_16611	9604	Provirus	7008-16611	9	11	0.9734	NA	5	8.7590	Viruses;Duplodnaviria;Heunggongvirae;Uroviricota;Caudoviricetes;;
GCF_003369485.1	contig_69	13716	No terminal repeats	NA	19	11	0.9700	NA	13	24.7193	Viruses;Duplodnaviria;Heunggongvirae;Uroviricota;Caudoviricetes;;
GCF_003369485.1	contig_93	3438	No terminal repeats	NA	8	11	0.9106	NA	0	3.0263	Unclassified
GCF_003369485.1	contig_2|provirus_1_12206	12206	Provirus	1-12206	14	11	0.8251	NA	2	7.4964	Viruses;Duplodnaviria;Heunggongvirae;Uroviricota;Caudoviricetes;;
GCF_003369505.1	contig_44	11483	No terminal repeats	NA	14	11	0.9783	NA	3	16.5457	Viruses;Duplodnaviria;Heunggongvirae;Uroviricota;Caudoviricetes;;
GCF_003369505.1	contig_64	9684	No terminal repeats	NA	8	11	0.9640	NA	5	9.6672	Viruses;Duplodnaviria;Heunggongvirae;Uroviricota;Caudoviricetes;;
GCF_003369505.1	contig_134	3780	No terminal repeats	NA	3	11	0.9492	NA	0	2.5603	Viruses;Duplodnaviria;Heunggongvirae;Uroviricota;Caudoviricetes;;
GCF_003369505.1	contig_215|provirus_18723_26075	7353	Provirus	18723-26075	8	11	0.9437	NA	1	9.1675	Viruses;Duplodnaviria;Heunggongvirae;Uroviricota;Caudoviricetes;;
GCF_003369505.1	contig_45	11373	No terminal repeats	NA	19	11	0.8969	NA	1	10.7749	Viruses;Duplodnaviria;Heunggongvirae;Uroviricota;Caudoviricetes;;
GCF_003369505.1	contig_245	17686	DTR	NA	16	11	0.8467	NA	0	4.8144	Viruses;Duplodnaviria;Heunggongvirae;Uroviricota;Caudoviricetes;;Zobellviridae
GCF_003704305.1	contig_1|provirus_1694038_1709814	15777	Provirus	1694038-1709814	25	11	0.9091	NA	2	11.6466	Viruses;Duplodnaviria;Heunggongvirae;Uroviricota;Caudoviricetes;;
GCF_003710245.1	contig_5|provirus_144621_168216	23596	Provirus	144621-168216	34	11	0.9633	NA	11	32.4857	Viruses;Duplodnaviria;Heunggongvirae;Uroviricota;Caudoviricetes;;
GCF_003710245.1	contig_11	89395	DTR	NA	100	11	0.9613	NA	3	52.1065	Viruses;Duplodnaviria;Heunggongvirae;Uroviricota;Caudoviricetes;;
GCF_003710245.1	contig_1|provirus_352439_377938	25500	Provirus	352439-377938	35	11	0.9587	NA	15	33.4548	Viruses;Duplodnaviria;Heunggongvirae;Uroviricota;Caudoviricetes;;
GCF_003710245.1	contig_4|provirus_330013_340789	10777	Provirus	330013-340789	18	11	0.9352	NA	8	19.3335	Viruses;Duplodnaviria;Heunggongvirae;Uroviricota;Caudoviricetes;;
GCF_003710245.1	contig_6|provirus_302335_314909	12575	Provirus	302335-314909	15	11	0.8824	NA	1	8.3373	Viruses;Duplodnaviria;Heunggongvirae;Uroviricota;Caudoviricetes;;
GCF_003710245.1	contig_4|provirus_364485_375050	10566	Provirus	364485-375050	20	11	0.8561	NA	2	12.9179	Viruses;Duplodnaviria;Heunggongvirae;Uroviricota;Caudoviricetes;;
GCF_003860325.1	contig_1|provirus_3042493_3084097	41605	Provirus	3042493-3084097	61	11	0.9744	NA	12	70.5503	Viruses;Duplodnaviria;Heunggongvirae;Uroviricota;Caudoviricetes;;
GCF_003860325.1	contig_2|provirus_460220_497574	37355	Provirus	460220-497574	51	11	0.9179	NA	7	25.5476	Viruses;Duplodnaviria;Heunggongvirae;Uroviricota;Caudoviricetes;;
GCF_003860325.1	contig_1|provirus_2276533_2289368	12836	Provirus	2276533-2289368	17	11	0.9032	NA	2	10.3413	Viruses;Duplodnaviria;Heunggongvirae;Uroviricota;Caudoviricetes;;
GCF_004117135.1	contig_1|provirus_2643163_2683273	40111	Provirus	2643163-2683273	59	11	0.9760	NA	19	63.1450	Viruses;Duplodnaviria;Heunggongvirae;Uroviricota;Caudoviricetes;;
GCF_004117135.1	contig_1|provirus_1895837_1917165	21329	Provirus	1895837-1917165	32	11	0.9532	NA	6	27.4236	Viruses;Duplodnaviria;Heunggongvirae;Uroviricota;Caudoviricetes;;
GCF_004117135.1	contig_2|provirus_151885_184669	32785	Provirus	151885-184669	41	11	0.9227	NA	14	30.5100	Viruses;Duplodnaviria;Heunggongvirae;Uroviricota;Caudoviricetes;;
GCF_004117135.1	contig_1|provirus_2178919_2193864	14946	Provirus	2178919-2193864	23	11	0.9089	NA	2	12.6746	Viruses;Duplodnaviria;Heunggongvirae;Uroviricota;Caudoviricetes;;
GCF_004117135.1	contig_2|provirus_99612_118323	18712	Provirus	99612-118323	26	11	0.8628	NA	2	10.1439	Viruses;Duplodnaviria;Heunggongvirae;Uroviricota;Caudoviricetes;;
GCF_004136415.1	contig_1|provirus_2870371_2910481	40111	Provirus	2870371-2910481	59	11	0.9760	NA	19	63.1450	Viruses;Duplodnaviria;Heunggongvirae;Uroviricota;Caudoviricetes;;
GCF_004136415.1	contig_1|provirus_2123045_2144373	21329	Provirus	2123045-2144373	32	11	0.9532	NA	6	27.4236	Viruses;Duplodnaviria;Heunggongvirae;Uroviricota;Caudoviricetes;;
GCF_004136415.1	contig_2|provirus_9095_41879	32785	Provirus	9095-41879	41	11	0.9234	NA	14	30.5100	Viruses;Duplodnaviria;Heunggongvirae;Uroviricota;Caudoviricetes;;
GCF_004136415.1	contig_1|provirus_2406127_2421072	14946	Provirus	2406127-2421072	23	11	0.9089	NA	2	12.6746	Viruses;Duplodnaviria;Heunggongvirae;Uroviricota;Caudoviricetes;;
GCF_004136415.1	contig_2|provirus_75441_94152	18712	Provirus	75441-94152	26	11	0.8621	NA	2	10.1439	Viruses;Duplodnaviria;Heunggongvirae;Uroviricota;Caudoviricetes;;
GCF_004344785.1	contig_4|provirus_76575_102808	26234	Provirus	76575-102808	34	11	0.9610	NA	16	32.5189	Viruses;Duplodnaviria;Heunggongvirae;Uroviricota;Caudoviricetes;;
GCF_004344785.1	contig_31	4323	No terminal repeats	NA	1	11	0.9223	NA	0	1.7183	Unclassified
GCF_004792415.1	contig_1|provirus_1723636_1742716	19081	Provirus	1723636-1742716	23	11	0.9716	NA	5	30.6259	Viruses;Duplodnaviria;Heunggongvirae;Uroviricota;Caudoviricetes;;
GCF_004792415.1	contig_1|provirus_2575818_2617278	41461	Provirus	2575818-2617278	58	11	0.9690	NA	18	59.5308	Viruses;Duplodnaviria;Heunggongvirae;Uroviricota;Caudoviricetes;;
GCF_004792415.1	contig_1|provirus_3480417_3524550	44134	Provirus	3480417-3524550	39	11	0.7812	NA	1	8.1562	Viruses;Duplodnaviria;Heunggongvirae;Uroviricota;Caudoviricetes;;
GCF_004793995.1	contig_9|provirus_600738_644538	43801	Provirus	600738-644538	63	11	0.9737	NA	21	69.2540	Viruses;Duplodnaviria;Heunggongvirae;Uroviricota;Caudoviricetes;;
GCF_004793995.1	contig_17|provirus_317310_342868	25559	Provirus	317310-342868	41	11	0.9733	NA	18	45.8854	Viruses;Duplodnaviria;Heunggongvirae;Uroviricota;Caudoviricetes;;
GCF_004793995.1	contig_2|provirus_199_8791	8593	Provirus	199-8791	8	11	0.9632	NA	4	7.7490	Viruses;Duplodnaviria;Heunggongvirae;Uroviricota;Caudoviricetes;;
GCF_004793995.1	contig_9|provirus_1458136_1487129	28994	Provirus	1458136-1487129	47	11	0.9610	NA	7	44.1342	Viruses;Duplodnaviria;Heunggongvirae;Uroviricota;Caudoviricetes;;
GCF_004793995.1	contig_9|provirus_1583581_1611895	28315	Provirus	1583581-1611895	43	11	0.9551	NA	5	23.5886	Viruses;Duplodnaviria;Heunggongvirae;Uroviricota;Caudoviricetes;;
GCF_005233495.2	contig_1|provirus_637760_669471	31712	Provirus	637760-669471	40	11	0.9775	NA	16	52.1292	Viruses;Duplodnaviria;Heunggongvirae;Uroviricota;Caudoviricetes;;
GCF_005233795.1	contig_30|provirus_14160_36494	22335	Provirus	14160-36494	28	11	0.9783	NA	17	35.0961	Viruses;Duplodnaviria;Heunggongvirae;Uroviricota;Caudoviricetes;;
GCF_005233795.1	contig_37	7875	No terminal repeats	NA	11	11	0.9773	NA	4	14.3483	Viruses;Duplodnaviria;Heunggongvirae;Uroviricota;Caudoviricetes;;
GCF_005233795.1	contig_25|provirus_424_10947	10524	Provirus	424-10947	14	11	0.9657	NA	1	14.1191	Viruses;Duplodnaviria;Heunggongvirae;Uroviricota;Caudoviricetes;;
GCF_005233795.1	contig_14|provirus_120542_133081	12540	Provirus	120542-133081	18	11	0.9525	NA	3	17.5973	Viruses;Duplodnaviria;Heunggongvirae;Uroviricota;Caudoviricetes;;
GCF_005233805.1	contig_12|provirus_73436_121328	47893	Provirus	73436-121328	79	11	0.9784	NA	12	84.6635	Viruses;Duplodnaviria;Heunggongvirae;Uroviricota;Caudoviricetes;;
GCF_005233805.1	contig_45	7860	No terminal repeats	NA	11	11	0.9775	NA	4	14.3483	Viruses;Duplodnaviria;Heunggongvirae;Uroviricota;Caudoviricetes;;
GCF_005233805.1	contig_6|provirus_36412_72921	36510	Provirus	36412-72921	50	11	0.9746	NA	22	49.0381	Viruses;Duplodnaviria;Heunggongvirae;Uroviricota;Caudoviricetes;;
GCF_005233805.1	contig_26|provirus_65_12604	12540	Provirus	65-12604	18	11	0.9521	NA	3	17.5973	Viruses;Duplodnaviria;Heunggongvirae;Uroviricota;Caudoviricetes;;
GCF_007050955.1	contig_11|provirus_245134_291768	46635	Provirus	245134-291768	75	11	0.9764	NA	14	75.0787	Viruses;Duplodnaviria;Heunggongvirae;Uroviricota;Caudoviricetes;;
GCF_007050955.1	contig_11|provirus_543483_552739	9257	Provirus	543483-552739	15	11	0.8647	NA	0	8.8740	Viruses;Duplodnaviria;Heunggongvirae;Uroviricota;Caudoviricetes;;
GCF_007558755.1	contig_4|provirus_10770_24773	14004	Provirus	10770-24773	19	11	0.9753	NA	6	23.4023	Viruses;Duplodnaviria;Heunggongvirae;Uroviricota;Caudoviricetes;;
GCF_007558755.1	contig_1|provirus_719287_742825	23539	Provirus	719287-742825	27	11	0.9690	NA	4	24.5888	Viruses;Duplodnaviria;Heunggongvirae;Uroviricota;Caudoviricetes;;
GCF_007558755.1	contig_52|provirus_187811_196585	8775	Provirus	187811-196585	12	11	0.9593	NA	5	12.1616	Viruses;Duplodnaviria;Heunggongvirae;Uroviricota;Caudoviricetes;;
GCF_009668105.1	contig_31|provirus_299829_333840	34012	Provirus	299829-333840	44	11	0.9755	NA	22	47.9705	Viruses;Duplodnaviria;Heunggongvirae;Uroviricota;Caudoviricetes;;
GCF_009668105.1	contig_1|provirus_600922_647621	46700	Provirus	600922-647621	64	11	0.9691	NA	22	65.4200	Viruses;Duplodnaviria;Heunggongvirae;Uroviricota;Caudoviricetes;;
GCF_009668105.1	contig_23|provirus_502325_516908	14584	Provirus	502325-516908	23	11	0.8993	NA	2	14.6121	Viruses;Duplodnaviria;Heunggongvirae;Uroviricota;Caudoviricetes;;
GCF_009759885.1	contig_16|provirus_13_7713	7701	Provirus	13-7713	8	11	0.9788	NA	5	9.4531	Viruses;Duplodnaviria;Heunggongvirae;Uroviricota;Caudoviricetes;;
GCF_009759885.1	contig_21|provirus_2_28095	28094	Provirus	2-28095	39	11	0.9732	NA	16	37.3416	Viruses;Duplodnaviria;Heunggongvirae;Uroviricota;Caudoviricetes;;
GCF_009759885.1	contig_16|provirus_297393_332134	34742	Provirus	297393-332134	48	11	0.9721	NA	22	54.8531	Viruses;Duplodnaviria;Heunggongvirae;Uroviricota;Caudoviricetes;;
GCF_009759885.1	contig_11|provirus_307519_347898	40380	Provirus	307519-347898	48	11	0.8839	NA	14	27.9845	Viruses;Duplodnaviria;Heunggongvirae;Uroviricota;Caudoviricetes;;
GCF_009759885.1	contig_11|provirus_395462_413633	18172	Provirus	395462-413633	25	11	0.8511	NA	3	8.7048	Viruses;Duplodnaviria;Heunggongvirae;Uroviricota;Caudoviricetes;;
GCF_009762725.1	contig_1|provirus_1211120_1242863	31744	Provirus	1211120-1242863	46	11	0.9752	NA	16	48.9125	Viruses;Duplodnaviria;Heunggongvirae;Uroviricota;Caudoviricetes;;
GCF_009762725.1	contig_1|provirus_2467350_2500876	33527	Provirus	2467350-2500876	41	11	0.9626	NA	6	32.8177	Viruses;Duplodnaviria;Heunggongvirae;Uroviricota;Caudoviricetes;;
GCF_009765475.1	contig_1|provirus_951785_979673	27889	Provirus	951785-979673	37	11	0.9753	NA	21	42.4804	Viruses;Duplodnaviria;Heunggongvirae;Uroviricota;Caudoviricetes;;
GCF_010523255.1	contig_1|provirus_268080_314192	46113	Provirus	268080-314192	57	11	0.9604	NA	17	51.9920	Viruses;Duplodnaviria;Heunggongvirae;Uroviricota;Caudoviricetes;;
GCF_010667775.1	contig_15|provirus_149228_185099	35872	Provirus	149228-185099	55	11	0.9659	NA	24	53.2585	Viruses;Duplodnaviria;Heunggongvirae;Uroviricota;Caudoviricetes;;
GCF_010667775.1	contig_16|provirus_181881_199697	17817	Provirus	181881-199697	27	11	0.9539	NA	5	20.4764	Viruses;Duplodnaviria;Heunggongvirae;Uroviricota;Caudoviricetes;;
GCF_010667775.1	contig_14|provirus_539874_549628	9755	Provirus	539874-549628	15	11	0.8716	NA	2	7.5394	Viruses;Duplodnaviria;Heunggongvirae;Uroviricota;Caudoviricetes;;
GCF_010667845.1	contig_27|provirus_277098_324224	47127	Provirus	277098-324224	85	11	0.9754	NA	14	91.8205	Viruses;Duplodnaviria;Heunggongvirae;Uroviricota;Caudoviricetes;;
GCF_010667845.1	contig_27|provirus_70696_116370	45675	Provirus	70696-116370	71	11	0.9571	NA	19	63.6441	Viruses;Duplodnaviria;Heunggongvirae;Uroviricota;Caudoviricetes;;
GCF_010667855.1	contig_13|provirus_338861_385987	47127	Provirus	338861-385987	85	11	0.9754	NA	14	91.8205	Viruses;Duplodnaviria;Heunggongvirae;Uroviricota;Caudoviricetes;;
GCF_010667855.1	contig_13|provirus_546715_592389	45675	Provirus	546715-592389	71	11	0.9564	NA	19	63.6441	Viruses;Duplodnaviria;Heunggongvirae;Uroviricota;Caudoviricetes;;
GCF_010667865.1	contig_19|provirus_99055_145542	46488	Provirus	99055-145542	84	11	0.9746	NA	13	86.9975	Viruses;Duplodnaviria;Heunggongvirae;Uroviricota;Caudoviricetes;;
GCF_010667865.1	contig_19|provirus_306270_351944	45675	Provirus	306270-351944	71	11	0.9564	NA	19	63.6441	Viruses;Duplodnaviria;Heunggongvirae;Uroviricota;Caudoviricetes;;
GCF_010667865.1	contig_3|provirus_1_7339	7339	Provirus	1-7339	8	11	0.9463	NA	1	9.1675	Viruses;Duplodnaviria;Heunggongvirae;Uroviricota;Caudoviricetes;;
GCF_010667895.1	contig_3|provirus_1868220_1915346	47127	Provirus	1868220-1915346	85	11	0.9754	NA	14	91.8205	Viruses;Duplodnaviria;Heunggongvirae;Uroviricota;Caudoviricetes;;
GCF_010667895.1	contig_3|provirus_2076074_2121748	45675	Provirus	2076074-2121748	71	11	0.9564	NA	19	63.6441	Viruses;Duplodnaviria;Heunggongvirae;Uroviricota;Caudoviricetes;;
GCF_010667945.1	contig_5|provirus_558183_601073	42891	Provirus	558183-601073	71	11	0.9773	NA	13	82.5337	Viruses;Duplodnaviria;Heunggongvirae;Uroviricota;Caudoviricetes;;
GCF_010667945.1	contig_6|provirus_135919_146821	10903	Provirus	135919-146821	12	11	0.9739	NA	5	12.9253	Viruses;Duplodnaviria;Heunggongvirae;Uroviricota;Caudoviricetes;;
GCF_010667945.1	contig_9|provirus_99076_112171	13096	Provirus	99076-112171	19	11	0.9730	NA	14	24.4204	Viruses;Duplodnaviria;Heunggongvirae;Uroviricota;Caudoviricetes;;
GCF_010667945.1	contig_5|provirus_758905_795063	36159	Provirus	758905-795063	45	11	0.9661	NA	24	44.8487	Viruses;Duplodnaviria;Heunggongvirae;Uroviricota;Caudoviricetes;;
GCF_010667945.1	contig_9|provirus_86411_93981	7571	Provirus	86411-93981	12	11	0.9618	NA	4	13.8065	Viruses;Duplodnaviria;Heunggongvirae;Uroviricota;Caudoviricetes;;
GCF_010667965.1	contig_15|provirus_472920_506851	33932	Provirus	472920-506851	41	11	0.9762	NA	23	51.6739	Viruses;Duplodnaviria;Heunggongvirae;Uroviricota;Caudoviricetes;;
GCF_010667965.1	contig_1|provirus_154718_187944	33227	Provirus	154718-187944	43	11	0.9263	NA	15	30.7055	Viruses;Duplodnaviria;Heunggongvirae;Uroviricota;Caudoviricetes;;
GCF_010667965.1	contig_1|provirus_108471_127287	18817	Provirus	108471-127287	26	11	0.8631	NA	3	10.3132	Viruses;Duplodnaviria;Heunggongvirae;Uroviricota;Caudoviricetes;;
GCF_010667975.1	contig_6|provirus_77714_132306	54593	Provirus	77714-132306	89	11	0.9763	NA	14	88.4949	Viruses;Duplodnaviria;Heunggongvirae;Uroviricota;Caudoviricetes;;
GCF_010667975.1	contig_6|provirus_487528_525223	37696	Provirus	487528-525223	45	11	0.9748	NA	21	51.0137	Viruses;Duplodnaviria;Heunggongvirae;Uroviricota;Caudoviricetes;;
GCF_010667975.1	contig_26	1564	No terminal repeats	NA	1	11	0.8388	NA	1	0.9776	Viruses;Duplodnaviria;Heunggongvirae;Uroviricota;Caudoviricetes;;
GCF_010667985.1	contig_5|provirus_77723_132315	54593	Provirus	77723-132315	89	11	0.9763	NA	14	88.4949	Viruses;Duplodnaviria;Heunggongvirae;Uroviricota;Caudoviricetes;;
GCF_010667985.1	contig_5|provirus_487537_525232	37696	Provirus	487537-525232	45	11	0.9748	NA	21	51.0137	Viruses;Duplodnaviria;Heunggongvirae;Uroviricota;Caudoviricetes;;
GCF_010667985.1	contig_20	1564	No terminal repeats	NA	1	11	0.8388	NA	1	0.9776	Viruses;Duplodnaviria;Heunggongvirae;Uroviricota;Caudoviricetes;;
GCF_011800405.1	contig_31|provirus_226378_280835	54458	Provirus	226378-280835	82	11	0.9678	NA	13	74.0003	Viruses;Duplodnaviria;Heunggongvirae;Uroviricota;Caudoviricetes;;
GCF_011800475.1	contig_1|provirus_733826_788283	54458	Provirus	733826-788283	82	11	0.9678	NA	13	74.0003	Viruses;Duplodnaviria;Heunggongvirae;Uroviricota;Caudoviricetes;;
GCF_011800485.1	contig_12|provirus_308931_356830	47900	Provirus	308931-356830	68	11	0.9757	NA	17	71.2062	Viruses;Duplodnaviria;Heunggongvirae;Uroviricota;Caudoviricetes;;
GCF_011800485.1	contig_12|provirus_547683_564741	17059	Provirus	547683-564741	29	11	0.9526	NA	6	16.6578	Viruses;Duplodnaviria;Heunggongvirae;Uroviricota;Caudoviricetes;;
GCF_011800485.1	contig_23|provirus_479845_492672	12828	Provirus	479845-492672	15	11	0.9471	NA	4	13.6551	Viruses;Duplodnaviria;Heunggongvirae;Uroviricota;Caudoviricetes;;
GCF_011800685.1	contig_46|provirus_205855_217512	11658	Provirus	205855-217512	14	11	0.9518	NA	4	12.1671	Viruses;Duplodnaviria;Heunggongvirae;Uroviricota;Caudoviricetes;;
GCF_012241415.1	contig_34|provirus_255405_302039	46635	Provirus	255405-302039	75	11	0.9764	NA	14	75.0787	Viruses;Duplodnaviria;Heunggongvirae;Uroviricota;Caudoviricetes;;
GCF_012241415.1	contig_34|provirus_553754_563010	9257	Provirus	553754-563010	15	11	0.8647	NA	0	8.8740	Viruses;Duplodnaviria;Heunggongvirae;Uroviricota;Caudoviricetes;;
GCF_013201565.1	contig_17|provirus_15200_73710	58511	Provirus	15200-73710	93	11	0.9726	NA	18	89.7024	Viruses;Duplodnaviria;Heunggongvirae;Uroviricota;Caudoviricetes;;
GCF_013201565.1	contig_28|provirus_22941_57935	34995	Provirus	22941-57935	46	11	0.9718	NA	16	47.6434	Viruses;Duplodnaviria;Heunggongvirae;Uroviricota;Caudoviricetes;;
GCF_013403235.1	contig_21|provirus_5266_41490	36225	Provirus	5266-41490	47	11	0.9691	NA	23	51.8110	Viruses;Duplodnaviria;Heunggongvirae;Uroviricota;Caudoviricetes;;
GCF_014138175.1	contig_1|provirus_1416564_1448675	32112	Provirus	1416564-1448675	40	11	0.9769	NA	23	48.6886	Viruses;Duplodnaviria;Heunggongvirae;Uroviricota;Caudoviricetes;;
GCF_014138175.1	contig_2|provirus_469565_501977	32413	Provirus	469565-501977	41	11	0.9008	NA	14	28.7918	Viruses;Duplodnaviria;Heunggongvirae;Uroviricota;Caudoviricetes;;
GCF_014138175.1	contig_2|provirus_425686_447664	21979	Provirus	425686-447664	27	11	0.8583	NA	2	10.1439	Viruses;Duplodnaviria;Heunggongvirae;Uroviricota;Caudoviricetes;;
GCF_014138195.1	contig_1|provirus_769975_802086	32112	Provirus	769975-802086	40	11	0.9769	NA	23	48.6886	Viruses;Duplodnaviria;Heunggongvirae;Uroviricota;Caudoviricetes;;
GCF_014138195.1	contig_3|provirus_469565_501977	32413	Provirus	469565-501977	41	11	0.9008	NA	14	28.7918	Viruses;Duplodnaviria;Heunggongvirae;Uroviricota;Caudoviricetes;;
GCF_014138195.1	contig_3|provirus_425686_447664	21979	Provirus	425686-447664	27	11	0.8583	NA	2	10.1439	Viruses;Duplodnaviria;Heunggongvirae;Uroviricota;Caudoviricetes;;
GCF_014156615.1	contig_34|provirus_149641_182105	32465	Provirus	149641-182105	43	11	0.9738	NA	15	52.0996	Viruses;Duplodnaviria;Heunggongvirae;Uroviricota;Caudoviricetes;;
GCF_014156615.1	contig_1|provirus_127563_164699	37137	Provirus	127563-164699	47	11	0.9695	NA	22	50.3965	Viruses;Duplodnaviria;Heunggongvirae;Uroviricota;Caudoviricetes;;
GCF_014156615.1	contig_31|provirus_274832_307497	32666	Provirus	274832-307497	43	11	0.9225	NA	15	33.9555	Viruses;Duplodnaviria;Heunggongvirae;Uroviricota;Caudoviricetes;;
GCF_014156615.1	contig_31|provirus_321890_345033	23144	Provirus	321890-345033	28	11	0.8543	NA	2	10.1439	Viruses;Duplodnaviria;Heunggongvirae;Uroviricota;Caudoviricetes;;
GCF_014353705.1	contig_1|provirus_201828_229749	27922	Provirus	201828-229749	37	11	0.9802	NA	16	54.5206	Viruses;Duplodnaviria;Heunggongvirae;Uroviricota;Caudoviricetes;;
GCF_014353705.1	contig_51|provirus_245476_265705	20230	Provirus	245476-265705	26	11	0.9777	NA	6	35.7808	Viruses;Duplodnaviria;Heunggongvirae;Uroviricota;Caudoviricetes;;
GCF_014353705.1	contig_11|provirus_100377_124013	23637	Provirus	100377-124013	35	11	0.9711	NA	4	37.6750	Viruses;Duplodnaviria;Heunggongvirae;Uroviricota;Caudoviricetes;;
GCF_014353705.1	contig_51|provirus_333511_357202	23692	Provirus	333511-357202	37	11	0.9623	NA	14	33.4565	Viruses;Duplodnaviria;Heunggongvirae;Uroviricota;Caudoviricetes;;
GCF_014353705.1	contig_51|provirus_193797_215478	21682	Provirus	193797-215478	32	11	0.9503	NA	11	27.2781	Viruses;Duplodnaviria;Heunggongvirae;Uroviricota;Caudoviricetes;;
GCF_014353755.1	contig_1|provirus_736349_791089	54741	Provirus	736349-791089	75	11	0.9723	NA	15	73.6067	Viruses;Duplodnaviria;Heunggongvirae;Uroviricota;Caudoviricetes;;
GCF_014353755.1	contig_43|provirus_347766_393161	45396	Provirus	347766-393161	54	11	0.9716	NA	8	56.1238	Viruses;Duplodnaviria;Heunggongvirae;Uroviricota;Caudoviricetes;;
GCF_014353795.1	contig_62|provirus_146483_160530	14048	Provirus	146483-160530	21	11	0.9359	NA	8	16.6445	Viruses;Duplodnaviria;Heunggongvirae;Uroviricota;Caudoviricetes;;
GCF_014353815.1	contig_22|provirus_53377_85206	31830	Provirus	53377-85206	45	11	0.9739	NA	23	50.9494	Viruses;Duplodnaviria;Heunggongvirae;Uroviricota;Caudoviricetes;;
GCF_014353815.1	contig_21|provirus_84327_119730	35404	Provirus	84327-119730	44	11	0.9726	NA	23	51.4722	Viruses;Duplodnaviria;Heunggongvirae;Uroviricota;Caudoviricetes;;
GCF_014353835.1	contig_1|provirus_736873_748461	11589	Provirus	736873-748461	12	11	0.9698	NA	7	12.3680	Viruses;Duplodnaviria;Heunggongvirae;Uroviricota;Caudoviricetes;;
GCF_014353835.1	contig_28|provirus_3_25900	25898	Provirus	3-25900	37	11	0.9664	NA	19	42.5194	Viruses;Duplodnaviria;Heunggongvirae;Uroviricota;Caudoviricetes;;
GCF_014353845.1	contig_1|provirus_764881_802244	37364	Provirus	764881-802244	48	11	0.9687	NA	25	53.5752	Viruses;Duplodnaviria;Heunggongvirae;Uroviricota;Caudoviricetes;;
GCF_014353865.1	contig_1|provirus_482813_520176	37364	Provirus	482813-520176	48	11	0.9717	NA	25	53.5752	Viruses;Duplodnaviria;Heunggongvirae;Uroviricota;Caudoviricetes;;
GCF_014353865.1	contig_30	403	No terminal repeats	NA	1	11	0.9311	NA	1	1.4764	Viruses;Duplodnaviria;Heunggongvirae;Uroviricota;Caudoviricetes;;
GCF_014353865.1	contig_104	5014	No terminal repeats	NA	1	11	0.9104	NA	0	1.7183	Viruses;Duplodnaviria;Heunggongvirae;Uroviricota;Caudoviricetes;;
GCF_014353895.1	contig_92|provirus_113827_160296	46470	Provirus	113827-160296	66	11	0.9689	NA	20	69.8718	Viruses;Duplodnaviria;Heunggongvirae;Uroviricota;Caudoviricetes;;
GCF_014353895.1	contig_50|provirus_20586_71246	50661	Provirus	20586-71246	75	11	0.9663	NA	13	62.3188	Viruses;Duplodnaviria;Heunggongvirae;Uroviricota;Caudoviricetes;;
GCF_014353895.1	contig_65	8236	No terminal repeats	NA	11	11	0.9263	NA	1	5.4633	Viruses;Monodnaviria;Loebvirae;Hofneiviricota;Faserviricetes;Tubulavirales;Inoviridae
GCF_014353895.1	contig_14|provirus_1_32960	32960	Provirus	1-32960	42	11	0.9118	NA	14	29.9793	Viruses;Duplodnaviria;Heunggongvirae;Uroviricota;Caudoviricetes;;
GCF_014353895.1	contig_60|provirus_6104_28965	22862	Provirus	6104-28965	30	11	0.8375	NA	3	8.1995	Viruses;Duplodnaviria;Heunggongvirae;Uroviricota;Caudoviricetes;;
GCF_014353935.1	contig_160|provirus_385662_395265	9604	Provirus	385662-395265	9	11	0.9738	NA	5	8.7590	Viruses;Duplodnaviria;Heunggongvirae;Uroviricota;Caudoviricetes;;
GCF_014353935.1	contig_112|provirus_482924_510719	27796	Provirus	482924-510719	40	11	0.9721	NA	20	45.6022	Viruses;Duplodnaviria;Heunggongvirae;Uroviricota;Caudoviricetes;;
GCF_014353945.1	contig_35|provirus_89521_126986	37466	Provirus	89521-126986	59	11	0.9774	NA	18	65.2121	Viruses;Duplodnaviria;Heunggongvirae;Uroviricota;Caudoviricetes;;
GCF_014353945.1	contig_15|provirus_474707_496035	21329	Provirus	474707-496035	32	11	0.9532	NA	6	27.4236	Viruses;Duplodnaviria;Heunggongvirae;Uroviricota;Caudoviricetes;;
GCF_014353945.1	contig_19	11314	DTR	NA	20	11	0.9516	NA	1	4.1369	Viruses;Duplodnaviria;Heunggongvirae;Uroviricota;Caudoviricetes;;
GCF_014353945.1	contig_57|provirus_14806_29751	14946	Provirus	14806-29751	23	11	0.9090	NA	2	12.6746	Viruses;Duplodnaviria;Heunggongvirae;Uroviricota;Caudoviricetes;;
GCF_014353955.1	contig_1|provirus_426497_463860	37364	Provirus	426497-463860	48	11	0.9681	NA	25	53.5752	Viruses;Duplodnaviria;Heunggongvirae;Uroviricota;Caudoviricetes;;
GCF_014353995.1	contig_1|provirus_482924_520287	37364	Provirus	482924-520287	48	11	0.9716	NA	25	53.5752	Viruses;Duplodnaviria;Heunggongvirae;Uroviricota;Caudoviricetes;;
GCF_014353995.1	contig_85	395	No terminal repeats	NA	1	11	0.9581	NA	1	1.7183	Viruses;Duplodnaviria;Heunggongvirae;Uroviricota;Caudoviricetes;;
GCF_014354005.1	contig_46|provirus_482924_510719	27796	Provirus	482924-510719	40	11	0.9722	NA	21	46.1284	Viruses;Duplodnaviria;Heunggongvirae;Uroviricota;Caudoviricetes;;
GCF_014354005.1	contig_31|provirus_199_9802	9604	Provirus	199-9802	9	11	0.9718	NA	5	8.7590	Viruses;Duplodnaviria;Heunggongvirae;Uroviricota;Caudoviricetes;;
GCF_014354035.1	contig_47|provirus_56348_102812	46465	Provirus	56348-102812	67	11	0.9712	NA	20	68.1536	Viruses;Duplodnaviria;Heunggongvirae;Uroviricota;Caudoviricetes;;
GCF_014354035.1	contig_124|provirus_102642_123970	21329	Provirus	102642-123970	31	11	0.9604	NA	6	27.4236	Viruses;Duplodnaviria;Heunggongvirae;Uroviricota;Caudoviricetes;;
GCF_014354035.1	contig_125	3485	No terminal repeats	NA	1	11	0.9025	NA	0	1.4368	Viruses;Duplodnaviria;Heunggongvirae;Uroviricota;Caudoviricetes;;
GCF_014354045.1	contig_27|provirus_135766_147547	11782	Provirus	135766-147547	13	11	0.9738	NA	6	9.9970	Viruses;Duplodnaviria;Heunggongvirae;Uroviricota;Caudoviricetes;;
GCF_014354045.1	contig_32|provirus_1_22606	22606	Provirus	1-22606	34	11	0.9714	NA	17	39.8268	Viruses;Duplodnaviria;Heunggongvirae;Uroviricota;Caudoviricetes;;
GCF_014354045.1	contig_1|provirus_717144_740777	23634	Provirus	717144-740777	35	11	0.9711	NA	4	37.6750	Viruses;Duplodnaviria;Heunggongvirae;Uroviricota;Caudoviricetes;;
GCF_014354045.1	contig_35|provirus_21272_44832	23561	Provirus	21272-44832	36	11	0.9641	NA	14	33.4565	Viruses;Duplodnaviria;Heunggongvirae;Uroviricota;Caudoviricetes;;
GCF_014354055.1	contig_44|provirus_18_5863	5846	Provirus	18-5863	7	11	0.9784	NA	4	8.1334	Viruses;Duplodnaviria;Heunggongvirae;Uroviricota;Caudoviricetes;;
GCF_014354055.1	contig_41|provirus_117099_125545	8447	Provirus	117099-125545	10	11	0.9768	NA	6	11.0646	Viruses;Duplodnaviria;Heunggongvirae;Uroviricota;Caudoviricetes;;
GCF_014354055.1	contig_1	43491	No terminal repeats	NA	56	11	0.9739	NA	19	55.5927	Viruses;Duplodnaviria;Heunggongvirae;Uroviricota;Caudoviricetes;;
GCF_014354055.1	contig_60	12538	No terminal repeats	NA	20	11	0.9727	NA	13	25.5452	Viruses;Duplodnaviria;Heunggongvirae;Uroviricota;Caudoviricetes;;
GCF_014354055.1	contig_62	11034	No terminal repeats	NA	19	11	0.9694	NA	13	22.6487	Viruses;Duplodnaviria;Heunggongvirae;Uroviricota;Caudoviricetes;;
GCF_014354055.1	contig_14|provirus_146690_161965	15276	Provirus	146690-161965	25	11	0.9472	NA	5	17.6893	Viruses;Duplodnaviria;Heunggongvirae;Uroviricota;Caudoviricetes;;
GCF_014354055.1	contig_41|provirus_2_19938	19937	Provirus	2-19938	27	11	0.9423	NA	2	18.8549	Viruses;Duplodnaviria;Heunggongvirae;Uroviricota;Caudoviricetes;;
GCF_014354055.1	contig_46|provirus_55120_69287	14168	Provirus	55120-69287	18	11	0.9372	NA	5	14.0443	Viruses;Duplodnaviria;Heunggongvirae;Uroviricota;Caudoviricetes;;
GCF_014354055.1	contig_79	1036	No terminal repeats	NA	1	11	0.8364	NA	1	1.4469	Viruses;Duplodnaviria;Heunggongvirae;Uroviricota;Caudoviricetes;;
GCF_014354065.1	contig_2|provirus_23569_66229	42661	Provirus	23569-66229	56	11	0.9640	NA	15	54.9093	Viruses;Duplodnaviria;Heunggongvirae;Uroviricota;Caudoviricetes;;
GCF_014354135.1	contig_1|provirus_25080_71428	46349	Provirus	25080-71428	60	11	0.9684	NA	13	57.4524	Viruses;Duplodnaviria;Heunggongvirae;Uroviricota;Caudoviricetes;;
GCF_014354145.1	contig_48|provirus_600411_643071	42661	Provirus	600411-643071	56	11	0.9639	NA	15	54.9093	Viruses;Duplodnaviria;Heunggongvirae;Uroviricota;Caudoviricetes;;
GCF_014354155.1	contig_11|provirus_460445_481957	21513	Provirus	460445-481957	37	11	0.9583	NA	3	28.7535	Viruses;Duplodnaviria;Heunggongvirae;Uroviricota;Caudoviricetes;;
GCF_014354155.1	contig_22|provirus_119652_128441	8790	Provirus	119652-128441	16	11	0.9193	NA	4	13.4423	Viruses;Duplodnaviria;Heunggongvirae;Uroviricota;Caudoviricetes;;
GCF_014354155.1	contig_22|provirus_184079_202200	18122	Provirus	184079-202200	25	11	0.8529	NA	3	8.7048	Viruses;Duplodnaviria;Heunggongvirae;Uroviricota;Caudoviricetes;;
GCF_014354165.1	contig_1|provirus_268131_308004	39874	Provirus	268131-308004	58	11	0.9724	NA	19	67.6534	Viruses;Duplodnaviria;Heunggongvirae;Uroviricota;Caudoviricetes;;
GCF_014354165.1	contig_1|provirus_859465_898473	39009	Provirus	859465-898473	51	11	0.9637	NA	24	53.2899	Viruses;Duplodnaviria;Heunggongvirae;Uroviricota;Caudoviricetes;;
GCF_014354165.1	contig_1|provirus_751755_767535	15781	Provirus	751755-767535	25	11	0.9191	NA	1	13.5084	Viruses;Duplodnaviria;Heunggongvirae;Uroviricota;Caudoviricetes;;
GCF_014354165.1	contig_51|provirus_18678_60071	41394	Provirus	18678-60071	50	11	0.9060	NA	15	35.5053	Viruses;Duplodnaviria;Heunggongvirae;Uroviricota;Caudoviricetes;;
GCF_014354165.1	contig_51|provirus_586932_605592	18661	Provirus	586932-605592	30	11	0.8421	NA	2	9.4813	Viruses;Duplodnaviria;Heunggongvirae;Uroviricota;Caudoviricetes;;
GCF_014354235.1	contig_78|provirus_138082_159614	21533	Provirus	138082-159614	31	11	0.9627	NA	12	34.1636	Viruses;Duplodnaviria;Heunggongvirae;Uroviricota;Caudoviricetes;;
GCF_014838815.1	contig_13|provirus_6948_48728	41781	Provirus	6948-48728	56	11	0.9791	NA	15	64.4465	Viruses;Duplodnaviria;Heunggongvirae;Uroviricota;Caudoviricetes;;
GCF_014838815.1	contig_2|provirus_67851_113704	45854	Provirus	67851-113704	64	11	0.9700	NA	8	70.3195	Viruses;Duplodnaviria;Heunggongvirae;Uroviricota;Caudoviricetes;;
GCF_014838815.1	contig_2|provirus_181423_230129	48707	Provirus	181423-230129	73	11	0.9662	NA	14	70.9265	Viruses;Duplodnaviria;Heunggongvirae;Uroviricota;Caudoviricetes;;
GCF_014838815.1	contig_4|provirus_329034_373859	44826	Provirus	329034-373859	69	11	0.9652	NA	15	68.6341	Viruses;Duplodnaviria;Heunggongvirae;Uroviricota;Caudoviricetes;;
GCF_014838815.1	contig_1|provirus_758151_779655	21505	Provirus	758151-779655	38	11	0.9589	NA	4	28.2553	Viruses;Duplodnaviria;Heunggongvirae;Uroviricota;Caudoviricetes;;
GCF_014838815.1	contig_1|provirus_642724_659113	16390	Provirus	642724-659113	27	11	0.9347	NA	12	26.0137	Viruses;Duplodnaviria;Heunggongvirae;Uroviricota;Caudoviricetes;;
GCF_014838905.1	contig_16|provirus_58_12597	12540	Provirus	58-12597	18	11	0.9521	NA	3	17.5973	Viruses;Duplodnaviria;Heunggongvirae;Uroviricota;Caudoviricetes;;
GCF_014838905.1	contig_13|provirus_60_80755	80696	Provirus	60-80755	112	11	0.9096	NA	17	45.6024	Viruses;Duplodnaviria;Heunggongvirae;Uroviricota;Caudoviricetes;;
GCF_014838905.1	contig_35	10049	No terminal repeats	NA	10	11	0.7943	NA	1	2.3388	Viruses;Duplodnaviria;Heunggongvirae;Uroviricota;Caudoviricetes;;
GCF_014838975.1	contig_8|provirus_113567_155762	42196	Provirus	113567-155762	73	11	0.9789	NA	13	84.4291	Viruses;Duplodnaviria;Heunggongvirae;Uroviricota;Caudoviricetes;;
GCF_014838975.1	contig_29	7166	No terminal repeats	NA	9	11	0.9766	NA	4	10.0698	Viruses;Duplodnaviria;Heunggongvirae;Uroviricota;Caudoviricetes;;
GCF_014838975.1	contig_22	18748	No terminal repeats	NA	25	11	0.9760	NA	9	31.4812	Viruses;Duplodnaviria;Heunggongvirae;Uroviricota;Caudoviricetes;;
GCF_014838975.1	contig_3|provirus_136837_171836	35000	Provirus	136837-171836	46	11	0.9744	NA	20	51.7841	Viruses;Duplodnaviria;Heunggongvirae;Uroviricota;Caudoviricetes;;
GCF_014838975.1	contig_27	8763	No terminal repeats	NA	11	11	0.9706	NA	4	6.3285	Viruses;Duplodnaviria;Heunggongvirae;Uroviricota;Caudoviricetes;;
GCF_014838975.1	contig_4|provirus_454109_494393	40285	Provirus	454109-494393	62	11	0.9666	NA	10	57.0578	Viruses;Duplodnaviria;Heunggongvirae;Uroviricota;Caudoviricetes;;
GCF_014838975.1	contig_8|provirus_48_13765	13718	Provirus	48-13765	20	11	0.9658	NA	2	13.2831	Viruses;Duplodnaviria;Heunggongvirae;Uroviricota;Caudoviricetes;;
GCF_014838975.1	contig_1|provirus_651412_709849	58438	Provirus	651412-709849	84	11	0.9645	NA	10	84.3546	Viruses;Duplodnaviria;Heunggongvirae;Uroviricota;Caudoviricetes;;
GCF_014838975.1	contig_3|provirus_482744_504242	21499	Provirus	482744-504242	29	11	0.9627	NA	9	23.4813	Viruses;Duplodnaviria;Heunggongvirae;Uroviricota;Caudoviricetes;;
GCF_014838975.1	contig_14|provirus_742_91810	91069	Provirus	742-91810	97	11	0.9601	NA	3	48.4736	Viruses;Duplodnaviria;Heunggongvirae;Uroviricota;Caudoviricetes;;
GCF_014838975.1	contig_33	3271	No terminal repeats	NA	6	11	0.9369	NA	1	6.6613	Viruses;Duplodnaviria;Heunggongvirae;Uroviricota;Caudoviricetes;;
GCF_014839015.1	contig_26	7850	ITR	NA	11	11	0.9787	NA	4	14.3483	Viruses;Duplodnaviria;Heunggongvirae;Uroviricota;Caudoviricetes;;
GCF_014839015.1	contig_3|provirus_124759_166947	42189	Provirus	124759-166947	79	11	0.9781	NA	14	94.0280	Viruses;Duplodnaviria;Heunggongvirae;Uroviricota;Caudoviricetes;;
GCF_014839015.1	contig_1|provirus_73839_113606	39768	Provirus	73839-113606	58	11	0.9715	NA	19	63.2620	Viruses;Duplodnaviria;Heunggongvirae;Uroviricota;Caudoviricetes;;
GCF_014839015.1	contig_14|provirus_62_12600	12539	Provirus	62-12600	17	11	0.9516	NA	3	17.5973	Viruses;Duplodnaviria;Heunggongvirae;Uroviricota;Caudoviricetes;;
GCF_014839085.2	contig_1|provirus_3294340_3341919	47580	Provirus	3294340-3341919	86	11	0.9763	NA	15	82.2443	Viruses;Duplodnaviria;Heunggongvirae;Uroviricota;Caudoviricetes;;
GCF_014839085.2	contig_1|provirus_680099_716711	36613	Provirus	680099-716711	51	11	0.9693	NA	21	52.0805	Viruses;Duplodnaviria;Heunggongvirae;Uroviricota;Caudoviricetes;;
GCF_014839085.2	contig_1|provirus_2574367_2595625	21259	Provirus	2574367-2595625	37	11	0.9616	NA	10	27.0975	Viruses;Duplodnaviria;Heunggongvirae;Uroviricota;Caudoviricetes;;
GCF_014839085.2	contig_1|provirus_2722093_2771050	48958	Provirus	2722093-2771050	63	11	0.9604	NA	17	54.2715	Viruses;Duplodnaviria;Heunggongvirae;Uroviricota;Caudoviricetes;;
GCF_014839115.1	contig_1|provirus_1273981_1320248	46268	Provirus	1273981-1320248	81	11	0.9762	NA	12	83.7898	Viruses;Duplodnaviria;Heunggongvirae;Uroviricota;Caudoviricetes;;
GCF_014839115.1	contig_1|provirus_1575785_1590720	14936	Provirus	1575785-1590720	23	11	0.9399	NA	2	15.6316	Viruses;Duplodnaviria;Heunggongvirae;Uroviricota;Caudoviricetes;;
GCF_014839115.1	contig_5|provirus_255068_288099	33032	Provirus	255068-288099	42	11	0.8920	NA	14	24.7550	Viruses;Duplodnaviria;Heunggongvirae;Uroviricota;Caudoviricetes;;
GCF_014839115.1	contig_5|provirus_213893_232710	18818	Provirus	213893-232710	26	11	0.8634	NA	3	10.3132	Viruses;Duplodnaviria;Heunggongvirae;Uroviricota;Caudoviricetes;;
GCF_014839125.1	contig_1|provirus_507398_541356	33959	Provirus	507398-541356	44	11	0.9716	NA	23	50.5627	Viruses;Duplodnaviria;Heunggongvirae;Uroviricota;Caudoviricetes;;
GCF_014839125.1	contig_1|provirus_1505761_1523081	17321	Provirus	1505761-1523081	28	11	0.9054	NA	2	14.4963	Viruses;Duplodnaviria;Heunggongvirae;Uroviricota;Caudoviricetes;;
GCF_014839175.1	contig_3|provirus_390542_439247	48706	Provirus	390542-439247	73	11	0.9659	NA	14	70.9265	Viruses;Duplodnaviria;Heunggongvirae;Uroviricota;Caudoviricetes;;
GCF_014839175.1	contig_3|provirus_264327_322823	58497	Provirus	264327-322823	85	11	0.9643	NA	11	85.2730	Viruses;Duplodnaviria;Heunggongvirae;Uroviricota;Caudoviricetes;;
GCF_014839175.1	contig_1|provirus_126605_171371	44767	Provirus	126605-171371	69	11	0.9634	NA	15	66.9158	Viruses;Duplodnaviria;Heunggongvirae;Uroviricota;Caudoviricetes;;
GCF_014839175.1	contig_17|provirus_99_17940	17842	Provirus	99-17940	31	11	0.9563	NA	3	26.0016	Viruses;Duplodnaviria;Heunggongvirae;Uroviricota;Caudoviricetes;;
GCF_014839175.1	contig_12|provirus_55105_71494	16390	Provirus	55105-71494	27	11	0.9347	NA	12	26.0137	Viruses;Duplodnaviria;Heunggongvirae;Uroviricota;Caudoviricetes;;
GCF_014839205.2	contig_1|provirus_3977190_4014518	37329	Provirus	3977190-4014518	52	11	0.9725	NA	17	66.8567	Viruses;Duplodnaviria;Heunggongvirae;Uroviricota;Caudoviricetes;;
GCF_014839205.2	contig_1|provirus_616967_642863	25897	Provirus	616967-642863	35	11	0.9584	NA	7	25.8554	Viruses;Duplodnaviria;Heunggongvirae;Uroviricota;Caudoviricetes;;
GCF_014839265.1	contig_3|provirus_125_23036	22912	Provirus	125-23036	41	11	0.9750	NA	6	46.5231	Viruses;Duplodnaviria;Heunggongvirae;Uroviricota;Caudoviricetes;;
GCF_014839265.1	contig_4|provirus_162895_209067	46173	Provirus	162895-209067	65	11	0.9724	NA	8	70.3195	Viruses;Duplodnaviria;Heunggongvirae;Uroviricota;Caudoviricetes;;
GCF_014839265.1	contig_4|provirus_45678_93848	48171	Provirus	45678-93848	72	11	0.9700	NA	14	69.2082	Viruses;Duplodnaviria;Heunggongvirae;Uroviricota;Caudoviricetes;;
GCF_014839265.1	contig_7|provirus_124_43270	43147	Provirus	124-43270	61	11	0.9669	NA	14	58.0306	Viruses;Duplodnaviria;Heunggongvirae;Uroviricota;Caudoviricetes;;
GCF_014839265.1	contig_18|provirus_173_5768	5596	Provirus	173-5768	12	11	0.9549	NA	0	8.6253	Viruses;Duplodnaviria;Heunggongvirae;Uroviricota;Caudoviricetes;;
GCF_014839315.1	contig_32	7837	No terminal repeats	NA	11	11	0.9781	NA	4	14.3483	Viruses;Duplodnaviria;Heunggongvirae;Uroviricota;Caudoviricetes;;
GCF_014839315.1	contig_8|provirus_108696_146024	37329	Provirus	108696-146024	52	11	0.9731	NA	18	67.7465	Viruses;Duplodnaviria;Heunggongvirae;Uroviricota;Caudoviricetes;;
GCF_014839315.1	contig_12|provirus_54_12593	12540	Provirus	54-12593	18	11	0.9521	NA	3	17.5973	Viruses;Duplodnaviria;Heunggongvirae;Uroviricota;Caudoviricetes;;
GCF_014839325.1	contig_30	15176	No terminal repeats	NA	24	11	0.9825	NA	8	32.5431	Viruses;Duplodnaviria;Heunggongvirae;Uroviricota;Caudoviricetes;;
GCF_014839325.1	contig_49	5172	No terminal repeats	NA	7	11	0.9804	NA	3	9.4584	Viruses;Duplodnaviria;Heunggongvirae;Uroviricota;Caudoviricetes;;
GCF_014839325.1	contig_59	3380	No terminal repeats	NA	6	11	0.9801	NA	1	9.7068	Viruses;Duplodnaviria;Heunggongvirae;Uroviricota;Caudoviricetes;;
GCF_014839325.1	contig_56	3680	No terminal repeats	NA	6	11	0.9801	NA	2	8.1325	Viruses;Duplodnaviria;Heunggongvirae;Uroviricota;Caudoviricetes;;
GCF_014839325.1	contig_34	11726	No terminal repeats	NA	16	11	0.9799	NA	6	20.7378	Viruses;Duplodnaviria;Heunggongvirae;Uroviricota;Caudoviricetes;;
GCF_014839325.1	contig_27	18664	No terminal repeats	NA	25	11	0.9779	NA	9	31.4812	Viruses;Duplodnaviria;Heunggongvirae;Uroviricota;Caudoviricetes;;
GCF_014839325.1	contig_5|provirus_332668_355298	22631	Provirus	332668-355298	30	11	0.9778	NA	17	38.1652	Viruses;Duplodnaviria;Heunggongvirae;Uroviricota;Caudoviricetes;;
GCF_014839325.1	contig_52	4709	No terminal repeats	NA	12	11	0.9762	NA	0	10.7350	Viruses;Duplodnaviria;Heunggongvirae;Uroviricota;Caudoviricetes;;
GCF_014839325.1	contig_3|provirus_443269_477518	34250	Provirus	443269-477518	46	11	0.9740	NA	21	53.4056	Viruses;Duplodnaviria;Heunggongvirae;Uroviricota;Caudoviricetes;;
GCF_014839325.1	contig_26	27257	No terminal repeats	NA	34	11	0.9730	NA	5	38.4637	Viruses;Duplodnaviria;Heunggongvirae;Uroviricota;Caudoviricetes;;
GCF_014839325.1	contig_68	3029	No terminal repeats	NA	4	11	0.9686	NA	1	5.3611	Viruses;Duplodnaviria;Heunggongvirae;Uroviricota;Caudoviricetes;;
GCF_014839325.1	contig_61	3305	No terminal repeats	NA	7	11	0.9680	NA	0	4.9232	Viruses;Duplodnaviria;Heunggongvirae;Uroviricota;Caudoviricetes;;
GCF_014839325.1	contig_29	16315	No terminal repeats	NA	27	11	0.9656	NA	3	25.3582	Viruses;Duplodnaviria;Heunggongvirae;Uroviricota;Caudoviricetes;;
GCF_014839325.1	contig_43	6794	No terminal repeats	NA	9	11	0.9600	NA	3	8.5848	Viruses;Duplodnaviria;Heunggongvirae;Uroviricota;Caudoviricetes;;
GCF_014839325.1	contig_42	6815	No terminal repeats	NA	8	11	0.9588	NA	2	5.7628	Viruses;Duplodnaviria;Heunggongvirae;Uroviricota;Caudoviricetes;;
GCF_014839325.1	contig_21|provirus_35412_53407	17996	Provirus	35412-53407	29	11	0.9577	NA	2	26.0479	Viruses;Duplodnaviria;Heunggongvirae;Uroviricota;Caudoviricetes;;
GCF_014839325.1	contig_57	3453	No terminal repeats	NA	6	11	0.9564	NA	1	6.6613	Viruses;Duplodnaviria;Heunggongvirae;Uroviricota;Caudoviricetes;;
GCF_014839325.1	contig_31	14811	No terminal repeats	NA	22	11	0.9555	NA	2	16.9229	Viruses;Duplodnaviria;Heunggongvirae;Uroviricota;Caudoviricetes;;
GCF_014839325.1	contig_50	5069	No terminal repeats	NA	7	11	0.9542	NA	1	8.9099	Viruses;Duplodnaviria;Heunggongvirae;Uroviricota;Caudoviricetes;;
GCF_014839325.1	contig_15|provirus_100516_110958	10443	Provirus	100516-110958	18	11	0.9405	NA	1	12.5874	Viruses;Duplodnaviria;Heunggongvirae;Uroviricota;Caudoviricetes;;
GCF_014839325.1	contig_112	599	No terminal repeats	NA	3	11	0.9316	NA	1	2.7394	Viruses;Duplodnaviria;Heunggongvirae;Uroviricota;Caudoviricetes;;
GCF_014839325.1	contig_45	5713	No terminal repeats	NA	8	11	0.9255	NA	1	6.8923	Viruses;Duplodnaviria;Heunggongvirae;Uroviricota;Caudoviricetes;;
GCF_014839325.1	contig_60	3318	No terminal repeats	NA	8	11	0.8861	NA	1	4.6878	Viruses;Duplodnaviria;Heunggongvirae;Uroviricota;Caudoviricetes;;
GCF_014839325.1	contig_41	6902	No terminal repeats	NA	14	11	0.8830	NA	0	2.8450	Viruses;Duplodnaviria;Heunggongvirae;Uroviricota;Caudoviricetes;;
GCF_014839325.1	contig_94	921	No terminal repeats	NA	2	11	0.8755	NA	1	1.7183	Viruses;Duplodnaviria;Heunggongvirae;Uroviricota;Caudoviricetes;;
GCF_014839325.1	contig_38	8969	No terminal repeats	NA	14	11	0.8684	NA	0	8.4034	Viruses;Duplodnaviria;Heunggongvirae;Uroviricota;Caudoviricetes;;
GCF_014839325.1	contig_67	3051	No terminal repeats	NA	7	11	0.7439	NA	0	3.4366	Viruses;Duplodnaviria;Heunggongvirae;Uroviricota;Caudoviricetes;;
GCF_014839425.1	contig_5|provirus_148944_192929	43986	Provirus	148944-192929	57	11	0.9564	NA	23	51.9970	Viruses;Duplodnaviria;Heunggongvirae;Uroviricota;Caudoviricetes;;
GCF_014839525.2	contig_1|provirus_3094857_3143477	48621	Provirus	3094857-3143477	68	11	0.9649	NA	9	62.9872	Viruses;Duplodnaviria;Heunggongvirae;Uroviricota;Caudoviricetes;;
GCF_014839525.2	contig_1|provirus_1761357_1777930	16574	Provirus	1761357-1777930	27	11	0.9512	NA	2	19.5981	Viruses;Duplodnaviria;Heunggongvirae;Uroviricota;Caudoviricetes;;
GCF_014839525.2	contig_1|provirus_1873184_1889011	15828	Provirus	1873184-1889011	24	11	0.9408	NA	1	16.9167	Viruses;Duplodnaviria;Heunggongvirae;Uroviricota;Caudoviricetes;;
GCF_014839545.1	contig_1|provirus_1701669_1738669	37001	Provirus	1701669-1738669	49	11	0.9699	NA	24	52.0264	Viruses;Duplodnaviria;Heunggongvirae;Uroviricota;Caudoviricetes;;
GCF_014841465.2	contig_1|provirus_3363878_3406134	42257	Provirus	3363878-3406134	73	11	0.9783	NA	12	88.3676	Viruses;Duplodnaviria;Heunggongvirae;Uroviricota;Caudoviricetes;;
GCF_014841465.2	contig_1|provirus_717374_748663	31290	Provirus	717374-748663	44	11	0.9766	NA	22	55.4634	Viruses;Duplodnaviria;Heunggongvirae;Uroviricota;Caudoviricetes;;
GCF_014841465.2	contig_1|provirus_2784493_2820458	35966	Provirus	2784493-2820458	45	11	0.9747	NA	21	49.3800	Viruses;Duplodnaviria;Heunggongvirae;Uroviricota;Caudoviricetes;;
GCF_014841465.2	contig_1|provirus_3186729_3227241	40513	Provirus	3186729-3227241	56	11	0.9713	NA	15	60.8839	Viruses;Duplodnaviria;Heunggongvirae;Uroviricota;Caudoviricetes;;
GCF_014841465.2	contig_1|provirus_2520557_2566410	45854	Provirus	2520557-2566410	64	11	0.9700	NA	8	70.3195	Viruses;Duplodnaviria;Heunggongvirae;Uroviricota;Caudoviricetes;;
GCF_014841465.2	contig_1|provirus_2661210_2709932	48723	Provirus	2661210-2709932	73	11	0.9661	NA	14	70.9265	Viruses;Duplodnaviria;Heunggongvirae;Uroviricota;Caudoviricetes;;
GCF_014841465.2	contig_1|provirus_3242604_3280595	37992	Provirus	3242604-3280595	50	11	0.9620	NA	19	41.7750	Viruses;Duplodnaviria;Heunggongvirae;Uroviricota;Caudoviricetes;;
GCF_014842695.2	contig_1|provirus_1651060_1702440	51381	Provirus	1651060-1702440	93	11	0.9731	NA	14	97.6002	Viruses;Duplodnaviria;Heunggongvirae;Uroviricota;Caudoviricetes;;
GCF_014842695.2	contig_1|provirus_2643656_2680968	37313	Provirus	2643656-2680968	45	11	0.9721	NA	23	53.1051	Viruses;Duplodnaviria;Heunggongvirae;Uroviricota;Caudoviricetes;;
GCF_015025115.1	contig_102	6443	No terminal repeats	NA	10	11	0.9824	NA	3	14.9853	Viruses;Duplodnaviria;Heunggongvirae;Uroviricota;Caudoviricetes;;
GCF_015025115.1	contig_144	4587	No terminal repeats	NA	12	11	0.9742	NA	0	10.0349	Viruses;Duplodnaviria;Heunggongvirae;Uroviricota;Caudoviricetes;;
GCF_015025115.1	contig_131	5201	No terminal repeats	NA	6	11	0.9730	NA	2	5.6954	Viruses;Duplodnaviria;Heunggongvirae;Uroviricota;Caudoviricetes;;
GCF_015025115.1	contig_174	3199	No terminal repeats	NA	1	11	0.9634	NA	0	1.7183	Viruses;Duplodnaviria;Heunggongvirae;Uroviricota;Caudoviricetes;;
GCF_015025115.1	contig_104	6382	No terminal repeats	NA	8	11	0.9571	NA	0	6.6669	Viruses;Duplodnaviria;Heunggongvirae;Uroviricota;Caudoviricetes;;
GCF_015025115.1	contig_152	4229	No terminal repeats	NA	6	11	0.9523	NA	1	7.4926	Viruses;Duplodnaviria;Heunggongvirae;Uroviricota;Caudoviricetes;;
GCF_015025115.1	contig_221	1510	No terminal repeats	NA	3	11	0.9496	NA	2	3.3977	Viruses;Duplodnaviria;Heunggongvirae;Uroviricota;Caudoviricetes;;
GCF_015025115.1	contig_209	1799	No terminal repeats	NA	4	11	0.9467	NA	2	4.2285	Viruses;Duplodnaviria;Heunggongvirae;Uroviricota;Caudoviricetes;;
GCF_015025115.1	contig_63|provirus_4003_9475	5473	Provirus	4003-9475	11	11	0.9146	NA	0	6.3501	Viruses;Duplodnaviria;Heunggongvirae;Uroviricota;Caudoviricetes;;
GCF_015025115.1	contig_185	2769	No terminal repeats	NA	5	11	0.8233	NA	0	3.0308	Viruses;Duplodnaviria;Heunggongvirae;Uroviricota;Caudoviricetes;;Chaseviridae
GCF_015711555.1	contig_4|provirus_113_17283	17171	Provirus	113-17283	27	11	0.9559	NA	16	27.2447	Viruses;Duplodnaviria;Heunggongvirae;Uroviricota;Caudoviricetes;;
GCF_016925765.1	contig_1|provirus_935970_982575	46606	Provirus	935970-982575	77	11	0.9776	NA	13	91.8896	Viruses;Duplodnaviria;Heunggongvirae;Uroviricota;Caudoviricetes;;
GCF_016925765.1	contig_1|provirus_1853638_1899090	45453	Provirus	1853638-1899090	72	11	0.9763	NA	22	79.9064	Viruses;Duplodnaviria;Heunggongvirae;Uroviricota;Caudoviricetes;;
GCF_016925765.1	contig_1|provirus_759170_766564	7395	Provirus	759170-766564	11	11	0.9522	NA	2	11.5053	Viruses;Duplodnaviria;Heunggongvirae;Uroviricota;Caudoviricetes;;
GCF_016925765.1	contig_1|provirus_3044939_3058505	13567	Provirus	3044939-3058505	14	11	0.8937	NA	1	8.3373	Viruses;Duplodnaviria;Heunggongvirae;Uroviricota;Caudoviricetes;;
GCF_016925765.1	contig_1|provirus_2363774_2380024	16251	Provirus	2363774-2380024	29	11	0.8717	NA	2	16.9024	Viruses;Duplodnaviria;Heunggongvirae;Uroviricota;Caudoviricetes;;
GCF_017348995.1	contig_52|provirus_223_8098	7876	Provirus	223-8098	14	11	0.9649	NA	5	9.4593	Viruses;Duplodnaviria;Heunggongvirae;Uroviricota;Caudoviricetes;;
GCF_017348995.1	contig_22|provirus_277808_308822	31015	Provirus	277808-308822	40	11	0.9315	NA	15	34.3649	Viruses;Duplodnaviria;Heunggongvirae;Uroviricota;Caudoviricetes;;
GCF_017348995.1	contig_22|provirus_213246_237300	24055	Provirus	213246-237300	27	11	0.8662	NA	1	10.1439	Viruses;Duplodnaviria;Heunggongvirae;Uroviricota;Caudoviricetes;;
GCF_017474165.1	contig_1|provirus_633413_663131	29719	Provirus	633413-663131	37	11	0.9788	NA	16	50.9191	Viruses;Duplodnaviria;Heunggongvirae;Uroviricota;Caudoviricetes;;
GCF_019048385.1	contig_1|provirus_1180192_1194793	14602	Provirus	1180192-1194793	23	11	0.9346	NA	7	19.0812	Viruses;Duplodnaviria;Heunggongvirae;Uroviricota;Caudoviricetes;;
GCF_019048385.1	contig_1|provirus_3118317_3128354	10038	Provirus	3118317-3128354	12	11	0.8444	NA	4	7.9086	Viruses;Duplodnaviria;Heunggongvirae;Uroviricota;Caudoviricetes;;
GCF_019880205.1	contig_8	2709	No terminal repeats	NA	6	11	0.9760	NA	3	8.3730	Viruses;Duplodnaviria;Heunggongvirae;Uroviricota;Caudoviricetes;;
GCF_019880205.1	contig_1|provirus_2575348_2611467	36120	Provirus	2575348-2611467	44	11	0.9756	NA	23	50.2571	Viruses;Duplodnaviria;Heunggongvirae;Uroviricota;Caudoviricetes;;
GCF_019880205.1	contig_1|provirus_927366_960696	33331	Provirus	927366-960696	43	11	0.9733	NA	22	51.3979	Viruses;Duplodnaviria;Heunggongvirae;Uroviricota;Caudoviricetes;;
GCF_019880205.1	contig_1|provirus_1648742_1666001	17260	Provirus	1648742-1666001	29	11	0.9312	NA	0	19.0637	Viruses;Duplodnaviria;Heunggongvirae;Uroviricota;Caudoviricetes;;
GCF_019969965.1	contig_11|provirus_723904_773423	49520	Provirus	723904-773423	88	11	0.9701	NA	19	89.5095	Viruses;Duplodnaviria;Heunggongvirae;Uroviricota;Caudoviricetes;;
GCF_019969965.1	contig_11|provirus_594940_632455	37516	Provirus	594940-632455	48	11	0.9647	NA	23	51.1244	Viruses;Duplodnaviria;Heunggongvirae;Uroviricota;Caudoviricetes;;
GCF_019969975.1	contig_11|provirus_766908_811492	44585	Provirus	766908-811492	60	11	0.9731	NA	16	54.8293	Viruses;Duplodnaviria;Heunggongvirae;Uroviricota;Caudoviricetes;;
GCF_019969975.1	contig_34|provirus_307952_318946	10995	Provirus	307952-318946	15	11	0.8907	NA	4	10.3280	Viruses;Duplodnaviria;Heunggongvirae;Uroviricota;Caudoviricetes;;
GCF_020783495.1	contig_1|provirus_626697_682109	55413	Provirus	626697-682109	67	11	0.9439	NA	23	52.5470	Viruses;Duplodnaviria;Heunggongvirae;Uroviricota;Caudoviricetes;;
GCF_020783495.1	contig_1|provirus_1737313_1752272	14960	Provirus	1737313-1752272	23	11	0.9092	NA	2	12.6746	Viruses;Duplodnaviria;Heunggongvirae;Uroviricota;Caudoviricetes;;
GCF_021559955.1	contig_1|provirus_2881799_2920611	38813	Provirus	2881799-2920611	60	11	0.9755	NA	19	64.0487	Viruses;Duplodnaviria;Heunggongvirae;Uroviricota;Caudoviricetes;;
GCF_021559955.1	contig_1|provirus_3474846_3507909	33064	Provirus	3474846-3507909	46	11	0.9701	NA	22	48.1101	Viruses;Duplodnaviria;Heunggongvirae;Uroviricota;Caudoviricetes;;
GCF_021559955.1	contig_1|provirus_1422308_1469278	46971	Provirus	1422308-1469278	63	11	0.9625	NA	18	56.8837	Viruses;Duplodnaviria;Heunggongvirae;Uroviricota;Caudoviricetes;;
GCF_021609925.1	contig_1|provirus_2252894_2267833	14940	Provirus	2252894-2267833	23	11	0.9262	NA	2	15.6316	Viruses;Duplodnaviria;Heunggongvirae;Uroviricota;Caudoviricetes;;
GCF_021609925.1	contig_2|provirus_147347_166289	18943	Provirus	147347-166289	27	11	0.8118	NA	2	11.4478	Viruses;Duplodnaviria;Heunggongvirae;Uroviricota;Caudoviricetes;;
GCF_022585235.1	contig_1|provirus_593530_622973	29444	Provirus	593530-622973	37	11	0.9665	NA	9	30.2332	Viruses;Duplodnaviria;Heunggongvirae;Uroviricota;Caudoviricetes;;
GCF_022585235.1	contig_4|provirus_256016_270584	14569	Provirus	256016-270584	23	11	0.9386	NA	1	15.1103	Viruses;Duplodnaviria;Heunggongvirae;Uroviricota;Caudoviricetes;;
GCF_022966105.1	contig_1|provirus_20817_55414	34598	Provirus	20817-55414	45	11	0.9766	NA	21	52.9132	Viruses;Duplodnaviria;Heunggongvirae;Uroviricota;Caudoviricetes;;
GCF_022966105.1	contig_1|provirus_195883_236744	40862	Provirus	195883-236744	54	11	0.9735	NA	7	54.4803	Viruses;Duplodnaviria;Heunggongvirae;Uroviricota;Caudoviricetes;;
GCF_023508185.1	contig_103|provirus_595791_614525	18735	Provirus	595791-614525	23	11	0.9474	NA	2	13.5129	Viruses;Duplodnaviria;Heunggongvirae;Uroviricota;Caudoviricetes;;
GCF_023508185.1	contig_103|provirus_631371_657009	25639	Provirus	631371-657009	39	11	0.9286	NA	6	25.9891	Viruses;Duplodnaviria;Heunggongvirae;Uroviricota;Caudoviricetes;;
GCF_023614195.1	contig_1|provirus_1531420_1553410	21991	Provirus	1531420-1553410	37	11	0.9576	NA	4	34.5321	Viruses;Duplodnaviria;Heunggongvirae;Uroviricota;Caudoviricetes;;
GCF_023614195.1	contig_2|provirus_154472_178720	24249	Provirus	154472-178720	31	11	0.8702	NA	9	14.6352	Viruses;Duplodnaviria;Heunggongvirae;Uroviricota;Caudoviricetes;;
GCF_023614195.1	contig_2|provirus_118536_133043	14508	Provirus	118536-133043	22	11	0.7882	NA	1	7.9425	Viruses;Duplodnaviria;Heunggongvirae;Uroviricota;Caudoviricetes;;
GCF_024520845.1	contig_85|provirus_434587_486266	51680	Provirus	434587-486266	63	11	0.9692	NA	14	55.0213	Viruses;Duplodnaviria;Heunggongvirae;Uroviricota;Caudoviricetes;;
GCF_024520845.1	contig_71	88855	DTR	NA	97	11	0.9649	NA	3	52.5698	Viruses;Duplodnaviria;Heunggongvirae;Uroviricota;Caudoviricetes;;
GCF_024520845.1	contig_115|provirus_15712_31497	15786	Provirus	15712-31497	24	11	0.9115	NA	1	13.4034	Viruses;Duplodnaviria;Heunggongvirae;Uroviricota;Caudoviricetes;;
GCF_024520875.1	contig_22|provirus_434815_486808	51994	Provirus	434815-486808	64	11	0.9691	NA	14	55.0213	Viruses;Duplodnaviria;Heunggongvirae;Uroviricota;Caudoviricetes;;
GCF_024520875.1	contig_31|provirus_125684_141469	15786	Provirus	125684-141469	24	11	0.9115	NA	1	13.4034	Viruses;Duplodnaviria;Heunggongvirae;Uroviricota;Caudoviricetes;;
GCF_024520895.1	contig_71|provirus_57719_98506	40788	Provirus	57719-98506	59	11	0.9726	NA	21	52.8745	Viruses;Duplodnaviria;Heunggongvirae;Uroviricota;Caudoviricetes;;
GCF_024520895.1	contig_22|provirus_485885_518442	32558	Provirus	485885-518442	41	11	0.9726	NA	24	49.8135	Viruses;Duplodnaviria;Heunggongvirae;Uroviricota;Caudoviricetes;;
GCF_024520895.1	contig_19	3710	No terminal repeats	NA	1	11	0.8509	NA	0	1.4368	Viruses;Duplodnaviria;Heunggongvirae;Uroviricota;Caudoviricetes;;
GCF_024799805.1	contig_1|provirus_1748656_1800524	51869	Provirus	1748656-1800524	75	11	0.9681	NA	13	75.5002	Viruses;Duplodnaviria;Heunggongvirae;Uroviricota;Caudoviricetes;;
GCF_025642855.1	contig_26|provirus_1_22832	22832	Provirus	1-22832	32	11	0.9773	NA	17	39.6328	Viruses;Duplodnaviria;Heunggongvirae;Uroviricota;Caudoviricetes;;
GCF_025642855.1	contig_1|provirus_1164624_1174348	9725	Provirus	1164624-1174348	9	11	0.9744	NA	4	8.6341	Viruses;Duplodnaviria;Heunggongvirae;Uroviricota;Caudoviricetes;;
GCF_025642855.1	contig_15	3805	No terminal repeats	NA	5	11	0.9064	NA	2	4.7664	Viruses;Duplodnaviria;Heunggongvirae;Uroviricota;Caudoviricetes;;
GCF_025642955.1	contig_42|provirus_98381_137541	39161	Provirus	98381-137541	60	11	0.9757	NA	18	65.2085	Viruses;Duplodnaviria;Heunggongvirae;Uroviricota;Caudoviricetes;;
GCF_025642955.1	contig_1|provirus_193281_213508	20228	Provirus	193281-213508	25	11	0.9722	NA	6	35.6673	Viruses;Duplodnaviria;Heunggongvirae;Uroviricota;Caudoviricetes;;
GCF_025642955.1	contig_12|provirus_416356_461422	45067	Provirus	416356-461422	56	11	0.9650	NA	12	52.8849	Viruses;Duplodnaviria;Heunggongvirae;Uroviricota;Caudoviricetes;;
GCF_025642955.1	contig_1|provirus_117338_132282	14945	Provirus	117338-132282	23	11	0.9067	NA	2	12.6746	Viruses;Duplodnaviria;Heunggongvirae;Uroviricota;Caudoviricetes;;
GCF_025910055.1	contig_34|provirus_353560_398090	44531	Provirus	353560-398090	62	11	0.9732	NA	17	66.9150	Viruses;Duplodnaviria;Heunggongvirae;Uroviricota;Caudoviricetes;;
GCF_025910055.1	contig_34|provirus_133827_182201	48375	Provirus	133827-182201	71	11	0.9626	NA	17	56.7404	Viruses;Duplodnaviria;Heunggongvirae;Uroviricota;Caudoviricetes;;
GCF_025910055.1	contig_12|provirus_551781_567569	15789	Provirus	551781-567569	24	11	0.9204	NA	1	13.4034	Viruses;Duplodnaviria;Heunggongvirae;Uroviricota;Caudoviricetes;;
GCF_025910075.1	contig_12|provirus_668410_707001	38592	Provirus	668410-707001	47	11	0.9618	NA	24	46.4818	Viruses;Duplodnaviria;Heunggongvirae;Uroviricota;Caudoviricetes;;
GCF_026241965.1	contig_28	240362	No terminal repeats	NA	262	11	0.9813	NA	8	359.4667	Viruses;Duplodnaviria;Heunggongvirae;Uroviricota;Caudoviricetes;;
GCF_026241965.1	contig_12|provirus_122123_155596	33474	Provirus	122123-155596	45	11	0.8953	NA	15	31.5894	Viruses;Duplodnaviria;Heunggongvirae;Uroviricota;Caudoviricetes;;
GCF_026241965.1	contig_12|provirus_78826_97603	18778	Provirus	78826-97603	26	11	0.8005	NA	2	12.9179	Viruses;Duplodnaviria;Heunggongvirae;Uroviricota;Caudoviricetes;;
GCF_026625085.1	contig_1|provirus_2736919_2754239	17321	Provirus	2736919-2754239	28	11	0.8936	NA	2	14.4963	Viruses;Duplodnaviria;Heunggongvirae;Uroviricota;Caudoviricetes;;
GCF_026625085.1	contig_1|provirus_1436041_1450303	14263	Provirus	1436041-1450303	16	11	0.8538	NA	4	6.3021	Viruses;Duplodnaviria;Heunggongvirae;Uroviricota;Caudoviricetes;;
GCF_029016125.1	contig_1|provirus_1219696_1261598	41903	Provirus	1219696-1261598	64	11	0.9754	NA	20	71.2567	Viruses;Duplodnaviria;Heunggongvirae;Uroviricota;Caudoviricetes;;
GCF_029016125.1	contig_1|provirus_814468_845136	30669	Provirus	814468-845136	43	11	0.9733	NA	21	50.1083	Viruses;Duplodnaviria;Heunggongvirae;Uroviricota;Caudoviricetes;;
GCF_029016125.1	contig_1|provirus_2540942_2585573	44632	Provirus	2540942-2585573	54	11	0.9640	NA	11	53.7982	Viruses;Duplodnaviria;Heunggongvirae;Uroviricota;Caudoviricetes;;
GCF_029623495.1	contig_36	2850	No terminal repeats	NA	3	11	0.9779	NA	1	5.0012	Viruses;Duplodnaviria;Heunggongvirae;Uroviricota;Caudoviricetes;;
GCF_029623495.1	contig_12|provirus_146919_181842	34924	Provirus	146919-181842	45	11	0.9717	NA	22	48.5788	Viruses;Duplodnaviria;Heunggongvirae;Uroviricota;Caudoviricetes;;
GCF_029623495.1	contig_1|provirus_562789_619377	56589	Provirus	562789-619377	82	11	0.9681	NA	17	89.2340	Viruses;Duplodnaviria;Heunggongvirae;Uroviricota;Caudoviricetes;;
GCF_029623495.1	contig_25	10760	No terminal repeats	NA	14	11	0.9670	NA	6	17.4049	Viruses;Duplodnaviria;Heunggongvirae;Uroviricota;Caudoviricetes;;
GCF_029623495.1	contig_45|provirus_142352_179918	37567	Provirus	142352-179918	52	11	0.9650	NA	18	45.0127	Viruses;Duplodnaviria;Heunggongvirae;Uroviricota;Caudoviricetes;;
GCF_029623495.1	contig_27	8020	No terminal repeats	NA	17	11	0.9642	NA	3	15.5319	Viruses;Duplodnaviria;Heunggongvirae;Uroviricota;Caudoviricetes;;
GCF_029623495.1	contig_45|provirus_113042_125704	12663	Provirus	113042-125704	24	11	0.9603	NA	1	13.4923	Viruses;Duplodnaviria;Heunggongvirae;Uroviricota;Caudoviricetes;;
GCF_029623495.1	contig_10|provirus_489_20955	20467	Provirus	489-20955	36	11	0.9545	NA	1	28.5081	Viruses;Duplodnaviria;Heunggongvirae;Uroviricota;Caudoviricetes;;
GCF_029623495.1	contig_39	1822	No terminal repeats	NA	4	11	0.9532	NA	2	4.9416	Viruses;Duplodnaviria;Heunggongvirae;Uroviricota;Caudoviricetes;;
GCF_029623495.1	contig_14|provirus_38805_53666	14862	Provirus	38805-53666	32	11	0.9522	NA	3	22.2788	Viruses;Duplodnaviria;Heunggongvirae;Uroviricota;Caudoviricetes;;
GCF_029623495.1	contig_17|provirus_22972_45394	22423	Provirus	22972-45394	35	11	0.9506	NA	2	25.7405	Viruses;Duplodnaviria;Heunggongvirae;Uroviricota;Caudoviricetes;;
GCF_029623495.1	contig_35	3075	No terminal repeats	NA	4	11	0.9382	NA	1	5.0012	Viruses;Duplodnaviria;Heunggongvirae;Uroviricota;Caudoviricetes;;
GCF_029623495.1	contig_38	1825	No terminal repeats	NA	4	11	0.9364	NA	2	4.9416	Viruses;Duplodnaviria;Heunggongvirae;Uroviricota;Caudoviricetes;;
GCF_029838845.1	contig_3|provirus_106952_160013	53062	Provirus	106952-160013	90	11	0.9747	NA	8	95.5531	Viruses;Duplodnaviria;Heunggongvirae;Uroviricota;Caudoviricetes;;
GCF_029838845.1	contig_12|provirus_75113_113163	38051	Provirus	75113-113163	45	11	0.9650	NA	22	48.2524	Viruses;Duplodnaviria;Heunggongvirae;Uroviricota;Caudoviricetes;;
GCF_030177195.1	contig_5|provirus_1216465_1256105	39641	Provirus	1216465-1256105	60	11	0.9727	NA	19	59.9589	Viruses;Duplodnaviria;Heunggongvirae;Uroviricota;Caudoviricetes;;
GCF_030177195.1	contig_5|provirus_1746176_1766372	20197	Provirus	1746176-1766372	25	11	0.9716	NA	6	35.7808	Viruses;Duplodnaviria;Heunggongvirae;Uroviricota;Caudoviricetes;;
GCF_030177195.1	contig_5|provirus_1796403_1834504	38102	Provirus	1796403-1834504	42	11	0.9544	NA	19	32.0528	Viruses;Duplodnaviria;Heunggongvirae;Uroviricota;Caudoviricetes;;
GCF_030433795.1	contig_22|provirus_183347_199129	15783	Provirus	183347-199129	25	11	0.8767	NA	2	12.9052	Viruses;Duplodnaviria;Heunggongvirae;Uroviricota;Caudoviricetes;;
GCF_030710645.1	contig_1|provirus_2549748_2596042	46295	Provirus	2549748-2596042	60	11	0.9606	NA	18	56.1746	Viruses;Duplodnaviria;Heunggongvirae;Uroviricota;Caudoviricetes;;
GCF_030812275.1	contig_1|provirus_1176018_1222425	46408	Provirus	1176018-1222425	85	11	0.9768	NA	9	85.6915	Viruses;Duplodnaviria;Heunggongvirae;Uroviricota;Caudoviricetes;;
GCF_030812275.1	contig_1|provirus_1474221_1489998	15778	Provirus	1474221-1489998	24	11	0.9049	NA	1	13.4034	Viruses;Duplodnaviria;Heunggongvirae;Uroviricota;Caudoviricetes;;
GCF_030814785.1	contig_2|provirus_2447422_2483612	36191	Provirus	2447422-2483612	42	11	0.9756	NA	22	50.2426	Viruses;Duplodnaviria;Heunggongvirae;Uroviricota;Caudoviricetes;;
GCF_030814785.1	contig_2|provirus_1566306_1592540	26235	Provirus	1566306-1592540	35	11	0.9605	NA	17	33.9125	Viruses;Duplodnaviria;Heunggongvirae;Uroviricota;Caudoviricetes;;
GCF_030814785.1	contig_5	11009	No terminal repeats	NA	21	11	0.9600	NA	1	4.1369	Viruses;Duplodnaviria;Heunggongvirae;Uroviricota;Caudoviricetes;;
GCF_030814785.1	contig_2|provirus_1450432_1468717	18286	Provirus	1450432-1468717	23	11	0.9115	NA	1	14.0761	Viruses;Duplodnaviria;Heunggongvirae;Uroviricota;Caudoviricetes;;
GCF_030815435.1	contig_1|provirus_511676_563166	51491	Provirus	511676-563166	82	11	0.9633	NA	11	61.7337	Viruses;Duplodnaviria;Heunggongvirae;Uroviricota;Caudoviricetes;;
GCF_030815435.1	contig_7|provirus_12451_46876	34426	Provirus	12451-46876	45	11	0.9251	NA	15	33.0587	Viruses;Duplodnaviria;Heunggongvirae;Uroviricota;Caudoviricetes;;
GCF_030815435.1	contig_7|provirus_62828_81536	18709	Provirus	62828-81536	26	11	0.8405	NA	2	8.5354	Viruses;Duplodnaviria;Heunggongvirae;Uroviricota;Caudoviricetes;;
GCF_030815835.1	contig_3|provirus_330149_371553	41405	Provirus	330149-371553	55	11	0.9757	NA	9	59.5172	Viruses;Duplodnaviria;Heunggongvirae;Uroviricota;Caudoviricetes;;
GCF_030815835.1	contig_3|provirus_1729426_1758160	28735	Provirus	1729426-1758160	34	11	0.9619	NA	8	26.2699	Viruses;Duplodnaviria;Heunggongvirae;Uroviricota;Caudoviricetes;;
GCF_031887785.1	contig_1|provirus_2508275_2536430	28156	Provirus	2508275-2536430	33	11	0.9559	NA	8	27.9312	Viruses;Duplodnaviria;Heunggongvirae;Uroviricota;Caudoviricetes;;
GCF_031887785.1	contig_1|provirus_1748476_1763044	14569	Provirus	1748476-1763044	23	11	0.9388	NA	1	15.1103	Viruses;Duplodnaviria;Heunggongvirae;Uroviricota;Caudoviricetes;;
GCF_031888365.1	contig_1|provirus_1818410_1859107	40698	Provirus	1818410-1859107	58	11	0.9755	NA	15	67.8494	Viruses;Duplodnaviria;Heunggongvirae;Uroviricota;Caudoviricetes;;
GCF_031889005.1	contig_1|provirus_3254067_3274245	20179	Provirus	3254067-3274245	25	11	0.9701	NA	6	35.9122	Viruses;Duplodnaviria;Heunggongvirae;Uroviricota;Caudoviricetes;;
GCF_031889005.1	contig_1|provirus_3304305_3344071	39767	Provirus	3304305-3344071	51	11	0.9642	NA	23	51.8045	Viruses;Duplodnaviria;Heunggongvirae;Uroviricota;Caudoviricetes;;
GCF_031889005.1	contig_1|provirus_3170989_3185920	14932	Provirus	3170989-3185920	23	11	0.9045	NA	2	12.6746	Viruses;Duplodnaviria;Heunggongvirae;Uroviricota;Caudoviricetes;;
GCF_031889605.1	contig_1|provirus_2410457_2449438	38982	Provirus	2410457-2449438	45	11	0.9661	NA	10	39.4371	Viruses;Duplodnaviria;Heunggongvirae;Uroviricota;Caudoviricetes;;
GCF_031889605.1	contig_4	91904	No terminal repeats	NA	98	11	0.9431	NA	3	45.7714	Viruses;Duplodnaviria;Heunggongvirae;Uroviricota;Caudoviricetes;;
GCF_031889605.1	contig_2|provirus_122445_138370	15926	Provirus	122445-138370	20	11	0.9075	NA	9	11.9450	Viruses;Duplodnaviria;Heunggongvirae;Uroviricota;Caudoviricetes;;
GCF_031889865.1	contig_1|provirus_1740926_1761153	20228	Provirus	1740926-1761153	25	11	0.9721	NA	6	35.6673	Viruses;Duplodnaviria;Heunggongvirae;Uroviricota;Caudoviricetes;;
GCF_031889865.1	contig_5	94249	No terminal repeats	NA	103	11	0.9606	NA	3	55.9735	Viruses;Duplodnaviria;Heunggongvirae;Uroviricota;Caudoviricetes;;
GCF_031889865.1	contig_1|provirus_1664883_1679827	14945	Provirus	1664883-1679827	23	11	0.9009	NA	2	11.2382	Viruses;Duplodnaviria;Heunggongvirae;Uroviricota;Caudoviricetes;;
GCF_031890185.1	contig_1|provirus_1780054_1840104	60051	Provirus	1780054-1840104	80	11	0.9687	NA	20	80.2480	Viruses;Duplodnaviria;Heunggongvirae;Uroviricota;Caudoviricetes;;
GCF_031890185.1	contig_1|provirus_2706690_2751647	44958	Provirus	2706690-2751647	58	11	0.9677	NA	18	60.5306	Viruses;Duplodnaviria;Heunggongvirae;Uroviricota;Caudoviricetes;;
GCF_031890185.1	contig_1|provirus_1670295_1688338	18044	Provirus	1670295-1688338	25	11	0.9104	NA	0	8.6874	Viruses;Duplodnaviria;Heunggongvirae;Uroviricota;Caudoviricetes;;
GCF_031890205.1	contig_1|provirus_2447986_2477514	29529	Provirus	2447986-2477514	37	11	0.9655	NA	8	28.3472	Viruses;Duplodnaviria;Heunggongvirae;Uroviricota;Caudoviricetes;;
GCF_031890205.1	contig_1|provirus_1741297_1767935	26639	Provirus	1741297-1767935	35	11	0.9512	NA	13	33.0989	Viruses;Duplodnaviria;Heunggongvirae;Uroviricota;Caudoviricetes;;
GCF_031890205.1	contig_1|provirus_1630223_1645158	14936	Provirus	1630223-1645158	23	11	0.9294	NA	2	15.6316	Viruses;Duplodnaviria;Heunggongvirae;Uroviricota;Caudoviricetes;;
GCF_031890205.1	contig_2|provirus_124381_134252	9872	Provirus	124381-134252	14	11	0.9136	NA	6	9.0246	Viruses;Duplodnaviria;Heunggongvirae;Uroviricota;Caudoviricetes;;
GCF_031890205.1	contig_2|provirus_83994_102704	18711	Provirus	83994-102704	26	11	0.8638	NA	2	10.1439	Viruses;Duplodnaviria;Heunggongvirae;Uroviricota;Caudoviricetes;;
GCF_031890505.1	contig_1|provirus_1739295_1753863	14569	Provirus	1739295-1753863	23	11	0.9386	NA	1	15.1103	Viruses;Duplodnaviria;Heunggongvirae;Uroviricota;Caudoviricetes;;
GCF_031890525.1	contig_1|provirus_720759_752133	31375	Provirus	720759-752133	46	11	0.9771	NA	22	50.9064	Viruses;Duplodnaviria;Heunggongvirae;Uroviricota;Caudoviricetes;;
GCF_031890525.1	contig_1|provirus_2649877_2685992	36116	Provirus	2649877-2685992	46	11	0.9712	NA	18	53.4856	Viruses;Duplodnaviria;Heunggongvirae;Uroviricota;Caudoviricetes;;
GCF_031890525.1	contig_1|provirus_1651869_1672846	20978	Provirus	1651869-1672846	32	11	0.9433	NA	4	24.9372	Viruses;Duplodnaviria;Heunggongvirae;Uroviricota;Caudoviricetes;;
GCF_031891025.1	contig_1|provirus_1777943_1792654	14712	Provirus	1777943-1792654	22	11	0.9734	NA	2	23.0709	Viruses;Duplodnaviria;Heunggongvirae;Uroviricota;Caudoviricetes;;
GCF_031891025.1	contig_1|provirus_1984000_2000450	16451	Provirus	1984000-2000450	24	11	0.9693	NA	4	30.8494	Viruses;Duplodnaviria;Heunggongvirae;Uroviricota;Caudoviricetes;;
GCF_031891025.1	contig_1|provirus_3126801_3137493	10693	Provirus	3126801-3137493	17	11	0.9534	NA	1	12.0393	Viruses;Duplodnaviria;Heunggongvirae;Uroviricota;Caudoviricetes;;
GCF_031891025.1	contig_1|provirus_1697854_1715895	18042	Provirus	1697854-1715895	25	11	0.9122	NA	0	8.6874	Viruses;Duplodnaviria;Heunggongvirae;Uroviricota;Caudoviricetes;;
GCF_031891025.1	contig_1|provirus_1019683_1033028	13346	Provirus	1019683-1033028	15	11	0.8049	NA	2	1.4688	Viruses;Duplodnaviria;Heunggongvirae;Uroviricota;Caudoviricetes;;
GCF_032200625.1	contig_1|provirus_929463_961861	32399	Provirus	929463-961861	43	11	0.9760	NA	22	51.4606	Viruses;Duplodnaviria;Heunggongvirae;Uroviricota;Caudoviricetes;;
GCF_032200625.1	contig_1|provirus_2199013_2234383	35371	Provirus	2199013-2234383	47	11	0.9731	NA	17	48.8185	Viruses;Duplodnaviria;Heunggongvirae;Uroviricota;Caudoviricetes;;
GCF_034044845.1	contig_22|provirus_144317_188682	44366	Provirus	144317-188682	57	11	0.9640	NA	23	54.3884	Viruses;Duplodnaviria;Heunggongvirae;Uroviricota;Caudoviricetes;;
GCF_034044845.1	contig_1|provirus_540366_557682	17317	Provirus	540366-557682	29	11	0.8997	NA	2	14.4963	Viruses;Duplodnaviria;Heunggongvirae;Uroviricota;Caudoviricetes;;
GCF_034044915.1	contig_23|provirus_270833_312435	41603	Provirus	270833-312435	57	11	0.9752	NA	16	59.8103	Viruses;Duplodnaviria;Heunggongvirae;Uroviricota;Caudoviricetes;;
GCF_034044915.1	contig_1|provirus_600378_613961	13584	Provirus	600378-613961	19	11	0.8974	NA	2	10.3413	Viruses;Duplodnaviria;Heunggongvirae;Uroviricota;Caudoviricetes;;
GCF_034044915.1	contig_1|provirus_704408_720191	15784	Provirus	704408-720191	25	11	0.8810	NA	2	13.0102	Viruses;Duplodnaviria;Heunggongvirae;Uroviricota;Caudoviricetes;;
GCF_034044955.1	contig_22|provirus_307871_327127	19257	Provirus	307871-327127	26	11	0.9652	NA	10	21.6405	Viruses;Duplodnaviria;Heunggongvirae;Uroviricota;Caudoviricetes;;
GCF_034808485.1	contig_1|provirus_308660_349791	41132	Provirus	308660-349791	57	11	0.9738	NA	13	57.1697	Viruses;Duplodnaviria;Heunggongvirae;Uroviricota;Caudoviricetes;;
GCF_034808485.1	contig_8|provirus_162398_177357	14960	Provirus	162398-177357	23	11	0.9247	NA	2	14.3815	Viruses;Duplodnaviria;Heunggongvirae;Uroviricota;Caudoviricetes;;
GCF_034808565.1	contig_3|provirus_52932_94063	41132	Provirus	52932-94063	57	11	0.9746	NA	13	57.1697	Viruses;Duplodnaviria;Heunggongvirae;Uroviricota;Caudoviricetes;;
GCF_034808565.1	contig_22|provirus_28578_43537	14960	Provirus	28578-43537	23	11	0.9221	NA	2	14.3815	Viruses;Duplodnaviria;Heunggongvirae;Uroviricota;Caudoviricetes;;
GCF_034808825.1	contig_32	43140	No terminal repeats	NA	56	11	0.9746	NA	19	56.3799	Viruses;Duplodnaviria;Heunggongvirae;Uroviricota;Caudoviricetes;;
GCF_034808825.1	contig_4|provirus_157333_197916	40584	Provirus	157333-197916	61	11	0.9729	NA	20	63.9323	Viruses;Duplodnaviria;Heunggongvirae;Uroviricota;Caudoviricetes;;
GCF_034808825.1	contig_15|provirus_9099_29327	20229	Provirus	9099-29327	25	11	0.9718	NA	6	35.7808	Viruses;Duplodnaviria;Heunggongvirae;Uroviricota;Caudoviricetes;;
GCF_034808825.1	contig_61	272	No terminal repeats	NA	1	11	0.9673	NA	1	1.7183	Viruses;Duplodnaviria;Heunggongvirae;Uroviricota;Caudoviricetes;;Straboviridae
GCF_034808825.1	contig_14|provirus_105198_122451	17254	Provirus	105198-122451	19	11	0.8615	NA	4	4.9594	Viruses;Duplodnaviria;Heunggongvirae;Uroviricota;Caudoviricetes;;
GCF_034808865.1	contig_25	26998	No terminal repeats	NA	35	11	0.9743	NA	16	38.4764	Viruses;Duplodnaviria;Heunggongvirae;Uroviricota;Caudoviricetes;;
GCF_034808865.1	contig_5|provirus_157295_197878	40584	Provirus	157295-197878	61	11	0.9729	NA	20	63.9323	Viruses;Duplodnaviria;Heunggongvirae;Uroviricota;Caudoviricetes;;
GCF_034808865.1	contig_1|provirus_888836_909064	20229	Provirus	888836-909064	25	11	0.9718	NA	6	35.7808	Viruses;Duplodnaviria;Heunggongvirae;Uroviricota;Caudoviricetes;;
GCF_034808865.1	contig_27	16236	No terminal repeats	NA	23	11	0.9599	NA	3	17.9036	Viruses;Duplodnaviria;Heunggongvirae;Uroviricota;Caudoviricetes;;
GCF_034808865.1	contig_13|provirus_105198_122702	17505	Provirus	105198-122702	20	11	0.8526	NA	4	4.9594	Viruses;Duplodnaviria;Heunggongvirae;Uroviricota;Caudoviricetes;;
GCF_034808865.1	contig_96	260	No terminal repeats	NA	2	11	0.7476	NA	1	1.3986	Viruses;Duplodnaviria;Heunggongvirae;Uroviricota;Caudoviricetes;;
GCF_035582725.1	contig_2	90198	No terminal repeats	NA	97	11	0.9592	NA	3	48.6854	Viruses;Duplodnaviria;Heunggongvirae;Uroviricota;Caudoviricetes;;
GCF_036549535.1	contig_1|provirus_3398630_3428202	29573	Provirus	3398630-3428202	37	11	0.9792	NA	16	50.9191	Viruses;Duplodnaviria;Heunggongvirae;Uroviricota;Caudoviricetes;;
GCF_036549535.1	contig_1|provirus_2080260_2097028	16769	Provirus	2080260-2097028	27	11	0.8784	NA	1	12.5624	Viruses;Duplodnaviria;Heunggongvirae;Uroviricota;Caudoviricetes;;
GCF_036961635.1	contig_1|provirus_338199_374712	36514	Provirus	338199-374712	47	11	0.9666	NA	23	50.8627	Viruses;Duplodnaviria;Heunggongvirae;Uroviricota;Caudoviricetes;;
GCF_036961635.1	contig_9|provirus_7257_40440	33184	Provirus	7257-40440	43	11	0.9134	NA	14	28.1916	Viruses;Duplodnaviria;Heunggongvirae;Uroviricota;Caudoviricetes;;
GCF_036961635.1	contig_3|provirus_20019_38726	18708	Provirus	20019-38726	26	11	0.8679	NA	2	10.1439	Viruses;Duplodnaviria;Heunggongvirae;Uroviricota;Caudoviricetes;;
GCF_037151835.1	contig_4|provirus_446083_480987	34905	Provirus	446083-480987	45	11	0.9714	NA	21	48.6167	Viruses;Duplodnaviria;Heunggongvirae;Uroviricota;Caudoviricetes;;
GCF_037151835.1	contig_1|provirus_932063_977555	45493	Provirus	932063-977555	65	11	0.9703	NA	22	63.1695	Viruses;Duplodnaviria;Heunggongvirae;Uroviricota;Caudoviricetes;;
GCF_037151955.1	contig_3|provirus_19317_63721	44405	Provirus	19317-63721	66	11	0.9734	NA	20	69.4813	Viruses;Duplodnaviria;Heunggongvirae;Uroviricota;Caudoviricetes;;
GCF_037151955.1	contig_6|provirus_252802_274130	21329	Provirus	252802-274130	32	11	0.9538	NA	7	27.2530	Viruses;Duplodnaviria;Heunggongvirae;Uroviricota;Caudoviricetes;;
GCF_037151955.1	contig_5|provirus_192186_210082	17897	Provirus	192186-210082	21	11	0.9256	NA	4	12.6973	Viruses;Duplodnaviria;Heunggongvirae;Uroviricota;Caudoviricetes;;
GCF_037151955.1	contig_2|provirus_187044_201989	14946	Provirus	187044-201989	23	11	0.9089	NA	2	12.6746	Viruses;Duplodnaviria;Heunggongvirae;Uroviricota;Caudoviricetes;;
GCF_037151955.1	contig_17	81008	DTR	NA	91	11	0.9066	NA	3	32.2643	Viruses;Duplodnaviria;Heunggongvirae;Uroviricota;Caudoviricetes;;
GCF_037152265.1	contig_1|provirus_635555_673347	37793	Provirus	635555-673347	46	11	0.9681	NA	22	49.5330	Viruses;Duplodnaviria;Heunggongvirae;Uroviricota;Caudoviricetes;;
GCF_037152265.1	contig_5|provirus_167304_212457	45154	Provirus	167304-212457	62	11	0.9666	NA	17	60.0650	Viruses;Duplodnaviria;Heunggongvirae;Uroviricota;Caudoviricetes;;
GCF_037152335.1	contig_1|provirus_888980_937195	48216	Provirus	888980-937195	75	11	0.9724	NA	13	69.9226	Viruses;Duplodnaviria;Heunggongvirae;Uroviricota;Caudoviricetes;;
GCF_037152335.1	contig_1|provirus_620718_636495	15778	Provirus	620718-636495	24	11	0.9337	NA	1	13.4034	Viruses;Duplodnaviria;Heunggongvirae;Uroviricota;Caudoviricetes;;
GCF_037152335.1	contig_2|provirus_139966_173509	33544	Provirus	139966-173509	44	11	0.9013	NA	15	33.3777	Viruses;Duplodnaviria;Heunggongvirae;Uroviricota;Caudoviricetes;;
GCF_037152335.1	contig_2|provirus_205335_221753	16419	Provirus	205335-221753	24	11	0.7796	NA	0	10.0459	Viruses;Duplodnaviria;Heunggongvirae;Uroviricota;Caudoviricetes;;
GCF_037152495.1	contig_3|provirus_307521_337358	29838	Provirus	307521-337358	38	11	0.9792	NA	16	50.9191	Viruses;Duplodnaviria;Heunggongvirae;Uroviricota;Caudoviricetes;;
GCF_037152495.1	contig_1|provirus_274957_323268	48312	Provirus	274957-323268	64	11	0.9754	NA	16	64.7527	Viruses;Duplodnaviria;Heunggongvirae;Uroviricota;Caudoviricetes;;
GCF_037152495.1	contig_5|provirus_158641_212854	54214	Provirus	158641-212854	76	11	0.9686	NA	16	71.4035	Viruses;Duplodnaviria;Heunggongvirae;Uroviricota;Caudoviricetes;;
GCF_037152495.1	contig_2|provirus_133356_163707	30352	Provirus	133356-163707	36	11	0.9325	NA	14	33.3294	Viruses;Duplodnaviria;Heunggongvirae;Uroviricota;Caudoviricetes;;
GCF_037152495.1	contig_2|provirus_184135_205805	21671	Provirus	184135-205805	31	11	0.7181	NA	0	5.5467	Viruses;Duplodnaviria;Heunggongvirae;Uroviricota;Caudoviricetes;;
GCF_037727885.1	contig_3|provirus_331623_360447	28825	Provirus	331623-360447	39	11	0.9230	NA	15	33.9769	Viruses;Duplodnaviria;Heunggongvirae;Uroviricota;Caudoviricetes;;
GCF_037727885.1	contig_3|provirus_396498_418456	21959	Provirus	396498-418456	27	11	0.8695	NA	2	10.1439	Viruses;Duplodnaviria;Heunggongvirae;Uroviricota;Caudoviricetes;;
GCF_037727885.1	contig_2|provirus_621601_643421	21821	Provirus	621601-643421	25	11	0.8178	NA	5	9.0434	Viruses;Duplodnaviria;Heunggongvirae;Uroviricota;Caudoviricetes;;
GCF_038116615.1	contig_2|provirus_719785_742933	23149	Provirus	719785-742933	35	11	0.9621	NA	4	25.1137	Viruses;Duplodnaviria;Heunggongvirae;Uroviricota;Caudoviricetes;;
GCF_038116615.1	contig_3|provirus_87808_119372	31565	Provirus	87808-119372	39	11	0.8997	NA	14	28.1569	Viruses;Duplodnaviria;Heunggongvirae;Uroviricota;Caudoviricetes;;
GCF_038116615.1	contig_3|provirus_152221_170395	18175	Provirus	152221-170395	25	11	0.8763	NA	3	10.3132	Viruses;Duplodnaviria;Heunggongvirae;Uroviricota;Caudoviricetes;;
GCF_038657925.1	contig_1|provirus_620088_681169	61082	Provirus	620088-681169	79	11	0.9757	NA	32	105.2778	Viruses;Duplodnaviria;Heunggongvirae;Uroviricota;Caudoviricetes;;
GCF_038657925.1	contig_1|provirus_1770477_1800291	29815	Provirus	1770477-1800291	51	11	0.9579	NA	9	40.5583	Viruses;Duplodnaviria;Heunggongvirae;Uroviricota;Caudoviricetes;;
GCF_039671245.1	contig_4	3580	No terminal repeats	NA	7	11	0.9810	NA	6	11.1307	Viruses;Duplodnaviria;Heunggongvirae;Uroviricota;Caudoviricetes;;
GCF_039671245.1	contig_3	3580	No terminal repeats	NA	7	11	0.9806	NA	6	11.1307	Viruses;Duplodnaviria;Heunggongvirae;Uroviricota;Caudoviricetes;;
GCF_039671245.1	contig_27	4326	No terminal repeats	NA	6	11	0.9806	NA	5	9.3620	Viruses;Duplodnaviria;Heunggongvirae;Uroviricota;Caudoviricetes;;
GCF_039671245.1	contig_2	3731	No terminal repeats	NA	4	11	0.9748	NA	0	5.6145	Viruses;Duplodnaviria;Heunggongvirae;Uroviricota;Caudoviricetes;;
GCF_039671245.1	contig_29	3737	No terminal repeats	NA	4	11	0.9728	NA	0	5.6145	Viruses;Duplodnaviria;Heunggongvirae;Uroviricota;Caudoviricetes;;
GCF_039671245.1	contig_6	1585	No terminal repeats	NA	3	11	0.9727	NA	3	4.0562	Viruses;Duplodnaviria;Heunggongvirae;Uroviricota;Caudoviricetes;;
GCF_039671245.1	contig_7	1585	No terminal repeats	NA	3	11	0.9709	NA	3	4.0562	Viruses;Duplodnaviria;Heunggongvirae;Uroviricota;Caudoviricetes;;
GCF_039671245.1	contig_28	3967	No terminal repeats	NA	7	11	0.9506	NA	1	7.9128	Viruses;Duplodnaviria;Heunggongvirae;Uroviricota;Caudoviricetes;;
GCF_039671245.1	contig_9	1120	No terminal repeats	NA	1	11	0.9504	NA	1	1.7183	Viruses;Duplodnaviria;Heunggongvirae;Uroviricota;Caudoviricetes;;
GCF_039671245.1	contig_10	1120	No terminal repeats	NA	1	11	0.9487	NA	1	1.7183	Viruses;Duplodnaviria;Heunggongvirae;Uroviricota;Caudoviricetes;;
GCF_039671245.1	contig_25	12245	No terminal repeats	NA	17	11	0.9419	NA	2	10.3031	Viruses;Duplodnaviria;Heunggongvirae;Uroviricota;Caudoviricetes;;
GCF_039671245.1	contig_26	9349	No terminal repeats	NA	18	11	0.9367	NA	2	14.9464	Viruses;Duplodnaviria;Heunggongvirae;Uroviricota;Caudoviricetes;;
GCF_039671245.1	contig_1|provirus_2199553_2215651	16099	Provirus	2199553-2215651	26	11	0.9311	NA	2	17.2983	Viruses;Duplodnaviria;Heunggongvirae;Uroviricota;Caudoviricetes;;
GCF_039671245.1	contig_1|provirus_3120460_3140980	20521	Provirus	3120460-3140980	28	11	0.9133	NA	4	17.1760	Viruses;Duplodnaviria;Heunggongvirae;Uroviricota;Caudoviricetes;;
GCF_039671245.1	contig_20	402	No terminal repeats	NA	2	11	0.8682	NA	1	1.0941	Viruses;Duplodnaviria;Heunggongvirae;Uroviricota;Caudoviricetes;;
GCF_039671245.1	contig_19	430	No terminal repeats	NA	1	11	0.8626	NA	1	1.4242	Viruses;Duplodnaviria;Heunggongvirae;Uroviricota;Caudoviricetes;;
GCF_039671245.1	contig_13	984	No terminal repeats	NA	1	11	0.8455	NA	1	1.1229	Viruses;Duplodnaviria;Heunggongvirae;Uroviricota;Caudoviricetes;;
GCF_039671245.1	contig_14	984	No terminal repeats	NA	1	11	0.8062	NA	1	1.1229	Viruses;Duplodnaviria;Heunggongvirae;Uroviricota;Caudoviricetes;;
GCF_039671255.1	contig_3	12999	No terminal repeats	NA	20	11	0.9720	NA	13	25.5789	Viruses;Duplodnaviria;Heunggongvirae;Uroviricota;Caudoviricetes;;
GCF_039671255.1	contig_26	43625	No terminal repeats	NA	56	11	0.9692	NA	19	55.5927	Viruses;Duplodnaviria;Heunggongvirae;Uroviricota;Caudoviricetes;;
GCF_039671255.1	contig_4	12891	No terminal repeats	NA	21	11	0.9686	NA	13	25.5789	Viruses;Duplodnaviria;Heunggongvirae;Uroviricota;Caudoviricetes;;
GCF_039671255.1	contig_1|provirus_1402118_1423355	21238	Provirus	1402118-1423355	31	11	0.9605	NA	9	24.5323	Viruses;Duplodnaviria;Heunggongvirae;Uroviricota;Caudoviricetes;;
GCF_039671255.1	contig_1|provirus_2287305_2309301	21997	Provirus	2287305-2309301	26	11	0.9535	NA	10	22.3766	Viruses;Duplodnaviria;Heunggongvirae;Uroviricota;Caudoviricetes;;
GCF_039671255.1	contig_9	1253	No terminal repeats	NA	2	11	0.9526	NA	2	2.7182	Viruses;Duplodnaviria;Heunggongvirae;Uroviricota;Caudoviricetes;;
GCF_039671255.1	contig_1|provirus_2170323_2190144	19822	Provirus	2170323-2190144	26	11	0.9458	NA	2	18.8549	Viruses;Duplodnaviria;Heunggongvirae;Uroviricota;Caudoviricetes;;
GCF_039671255.1	contig_14	1036	No terminal repeats	NA	1	11	0.8531	NA	1	1.4469	Viruses;Duplodnaviria;Heunggongvirae;Uroviricota;Caudoviricetes;;
GCF_039671265.1	contig_1|provirus_1745486_1786652	41167	Provirus	1745486-1786652	56	11	0.9722	NA	16	61.9690	Viruses;Duplodnaviria;Heunggongvirae;Uroviricota;Caudoviricetes;;
GCF_039671265.1	contig_1|provirus_2318306_2363771	45466	Provirus	2318306-2363771	66	11	0.9704	NA	19	66.8191	Viruses;Duplodnaviria;Heunggongvirae;Uroviricota;Caudoviricetes;;
GCF_039671265.1	contig_1|provirus_2461210_2499132	37923	Provirus	2461210-2499132	49	11	0.9621	NA	23	51.0029	Viruses;Duplodnaviria;Heunggongvirae;Uroviricota;Caudoviricetes;;
GCF_039671265.1	contig_7	1376	No terminal repeats	NA	2	11	0.9475	NA	2	2.7073	Viruses;Duplodnaviria;Heunggongvirae;Uroviricota;Caudoviricetes;;
GCF_039671275.1	contig_1|provirus_1605274_1650669	45396	Provirus	1605274-1650669	54	11	0.9724	NA	8	56.1238	Viruses;Duplodnaviria;Heunggongvirae;Uroviricota;Caudoviricetes;;
GCF_039671275.1	contig_1|provirus_2215690_2273955	58266	Provirus	2215690-2273955	79	11	0.9724	NA	15	73.7765	Viruses;Duplodnaviria;Heunggongvirae;Uroviricota;Caudoviricetes;;
GCF_039671325.1	contig_1|provirus_3380334_3415427	35094	Provirus	3380334-3415427	41	11	0.9758	NA	22	45.0615	Viruses;Duplodnaviria;Heunggongvirae;Uroviricota;Caudoviricetes;;
GCF_039671325.1	contig_1|provirus_3196258_3243147	46890	Provirus	3196258-3243147	59	11	0.9661	NA	13	56.4659	Viruses;Duplodnaviria;Heunggongvirae;Uroviricota;Caudoviricetes;;
GCF_039671325.1	contig_9	89395	DTR	NA	96	11	0.9651	NA	3	52.2779	Viruses;Duplodnaviria;Heunggongvirae;Uroviricota;Caudoviricetes;;
GCF_039671325.1	contig_12	1810	No terminal repeats	NA	4	11	0.9213	NA	2	4.7664	Viruses;Duplodnaviria;Heunggongvirae;Uroviricota;Caudoviricetes;;
GCF_039671345.1	contig_1|provirus_3199403_3230391	30989	Provirus	3199403-3230391	39	11	0.9683	NA	18	41.8298	Viruses;Duplodnaviria;Heunggongvirae;Uroviricota;Caudoviricetes;;
GCF_039671345.1	contig_1|provirus_2214976_2243648	28673	Provirus	2214976-2243648	38	11	0.9493	NA	1	22.9634	Viruses;Duplodnaviria;Heunggongvirae;Uroviricota;Caudoviricetes;;
GCF_039671355.1	contig_1|provirus_1452970_1483678	30709	Provirus	1452970-1483678	38	11	0.9765	NA	21	47.5863	Viruses;Duplodnaviria;Heunggongvirae;Uroviricota;Caudoviricetes;;
GCF_039671355.1	contig_4	2108	No terminal repeats	NA	4	11	0.9639	NA	1	4.9130	Viruses;Duplodnaviria;Heunggongvirae;Uroviricota;Caudoviricetes;;
GCF_039671365.1	contig_1|provirus_2733140_2767199	34060	Provirus	2733140-2767199	43	11	0.9737	NA	16	44.9194	Viruses;Duplodnaviria;Heunggongvirae;Uroviricota;Caudoviricetes;;
GCF_039671365.1	contig_23	43591	DTR	NA	56	11	0.9707	NA	19	55.5927	Viruses;Duplodnaviria;Heunggongvirae;Uroviricota;Caudoviricetes;;
GCF_039671365.1	contig_1|provirus_2178486_2225439	46954	Provirus	2178486-2225439	72	11	0.9683	NA	21	73.7996	Viruses;Duplodnaviria;Heunggongvirae;Uroviricota;Caudoviricetes;;
GCF_039671365.1	contig_1|provirus_2322883_2361021	38139	Provirus	2322883-2361021	46	11	0.9662	NA	24	47.4009	Viruses;Duplodnaviria;Heunggongvirae;Uroviricota;Caudoviricetes;;
GCF_039671375.1	contig_26	43604	No terminal repeats	NA	56	11	0.9741	NA	19	55.5927	Viruses;Duplodnaviria;Heunggongvirae;Uroviricota;Caudoviricetes;;
GCF_039671375.1	contig_29	12999	No terminal repeats	NA	20	11	0.9720	NA	13	25.5789	Viruses;Duplodnaviria;Heunggongvirae;Uroviricota;Caudoviricetes;;
GCF_039671375.1	contig_2	12891	No terminal repeats	NA	21	11	0.9686	NA	13	25.5789	Viruses;Duplodnaviria;Heunggongvirae;Uroviricota;Caudoviricetes;;
GCF_039671375.1	contig_1|provirus_817350_838588	21239	Provirus	817350-838588	31	11	0.9610	NA	9	24.5323	Viruses;Duplodnaviria;Heunggongvirae;Uroviricota;Caudoviricetes;;
GCF_039671375.1	contig_1|provirus_1997769_2019765	21997	Provirus	1997769-2019765	26	11	0.9536	NA	10	22.3766	Viruses;Duplodnaviria;Heunggongvirae;Uroviricota;Caudoviricetes;;
GCF_039671375.1	contig_8	1253	No terminal repeats	NA	2	11	0.9526	NA	2	2.7182	Viruses;Duplodnaviria;Heunggongvirae;Uroviricota;Caudoviricetes;;
GCF_039671375.1	contig_1|provirus_1876448_1900608	24161	Provirus	1876448-1900608	32	11	0.9394	NA	3	21.8807	Viruses;Duplodnaviria;Heunggongvirae;Uroviricota;Caudoviricetes;;
GCF_039671375.1	contig_11	1036	No terminal repeats	NA	1	11	0.8531	NA	1	1.4469	Viruses;Duplodnaviria;Heunggongvirae;Uroviricota;Caudoviricetes;;
GCF_039671395.1	contig_1|provirus_1622883_1712589	89707	Provirus	1622883-1712589	135	11	0.9759	NA	35	138.7776	Viruses;Duplodnaviria;Heunggongvirae;Uroviricota;Caudoviricetes;;
GCF_039671445.1	contig_1|provirus_2761603_2807312	45710	Provirus	2761603-2807312	82	11	0.9754	NA	12	93.8119	Viruses;Duplodnaviria;Heunggongvirae;Uroviricota;Caudoviricetes;;
GCF_039671445.1	contig_1|provirus_2567411_2604398	36988	Provirus	2567411-2604398	48	11	0.9629	NA	23	50.0883	Viruses;Duplodnaviria;Heunggongvirae;Uroviricota;Caudoviricetes;;
GCF_039671455.1	contig_1|provirus_2702000_2736059	34060	Provirus	2702000-2736059	43	11	0.9736	NA	16	44.9194	Viruses;Duplodnaviria;Heunggongvirae;Uroviricota;Caudoviricetes;;
GCF_039671455.1	contig_1|provirus_2180052_2227139	47088	Provirus	2180052-2227139	69	11	0.9667	NA	19	68.9976	Viruses;Duplodnaviria;Heunggongvirae;Uroviricota;Caudoviricetes;;
GCF_039671475.1	contig_1|provirus_3781593_3827467	45875	Provirus	3781593-3827467	83	11	0.9791	NA	9	90.3882	Viruses;Duplodnaviria;Heunggongvirae;Uroviricota;Caudoviricetes;;
GCF_039671475.1	contig_1|provirus_1614433_1655657	41225	Provirus	1614433-1655657	56	11	0.9761	NA	8	56.6467	Viruses;Duplodnaviria;Heunggongvirae;Uroviricota;Caudoviricetes;;
GCF_039671475.1	contig_35	43594	No terminal repeats	NA	56	11	0.9747	NA	19	55.5927	Viruses;Duplodnaviria;Heunggongvirae;Uroviricota;Caudoviricetes;;
GCF_039671475.1	contig_1|provirus_2308216_2328453	20238	Provirus	2308216-2328453	26	11	0.9702	NA	6	35.7987	Viruses;Duplodnaviria;Heunggongvirae;Uroviricota;Caudoviricetes;;
GCF_039671475.1	contig_1|provirus_2610103_2631431	21329	Provirus	2610103-2631431	31	11	0.9603	NA	6	27.4236	Viruses;Duplodnaviria;Heunggongvirae;Uroviricota;Caudoviricetes;;
GCF_039671475.1	contig_1|provirus_2232397_2247341	14945	Provirus	2232397-2247341	23	11	0.9103	NA	2	12.6746	Viruses;Duplodnaviria;Heunggongvirae;Uroviricota;Caudoviricetes;;
GCF_039671475.1	contig_1|provirus_1144790_1185628	40839	Provirus	1144790-1185628	42	11	0.8745	NA	6	15.2091	Viruses;Duplodnaviria;Heunggongvirae;Uroviricota;Caudoviricetes;;
GCF_039671505.1	contig_1|provirus_3241783_3272544	30762	Provirus	3241783-3272544	40	11	0.9706	NA	19	43.5340	Viruses;Duplodnaviria;Heunggongvirae;Uroviricota;Caudoviricetes;;
GCF_039671505.1	contig_1|provirus_3170913_3217394	46482	Provirus	3170913-3217394	66	11	0.9674	NA	20	69.8718	Viruses;Duplodnaviria;Heunggongvirae;Uroviricota;Caudoviricetes;;
GCF_039671505.1	contig_1|provirus_2215473_2244145	28673	Provirus	2215473-2244145	38	11	0.9493	NA	1	22.9634	Viruses;Duplodnaviria;Heunggongvirae;Uroviricota;Caudoviricetes;;
GCF_039671515.1	contig_1|provirus_3241145_3270076	28932	Provirus	3241145-3270076	36	11	0.9706	NA	17	38.2028	Viruses;Duplodnaviria;Heunggongvirae;Uroviricota;Caudoviricetes;;
GCF_039671515.1	contig_1|provirus_3170275_3216756	46482	Provirus	3170275-3216756	66	11	0.9674	NA	20	69.8718	Viruses;Duplodnaviria;Heunggongvirae;Uroviricota;Caudoviricetes;;
GCF_039671515.1	contig_13	2184	ITR	NA	4	11	0.9647	NA	1	4.8049	Viruses;Duplodnaviria;Heunggongvirae;Uroviricota;Caudoviricetes;;
GCF_039671515.1	contig_1|provirus_2214835_2243507	28673	Provirus	2214835-2243507	38	11	0.9493	NA	1	22.9634	Viruses;Duplodnaviria;Heunggongvirae;Uroviricota;Caudoviricetes;;
GCF_039671545.1	contig_1|provirus_2226500_2255172	28673	Provirus	2226500-2255172	38	11	0.9498	NA	1	22.9634	Viruses;Duplodnaviria;Heunggongvirae;Uroviricota;Caudoviricetes;;
GCF_039671555.1	contig_1|provirus_3241311_3270137	28827	Provirus	3241311-3270137	36	11	0.9696	NA	17	38.2028	Viruses;Duplodnaviria;Heunggongvirae;Uroviricota;Caudoviricetes;;
GCF_039671555.1	contig_1|provirus_3170441_3216922	46482	Provirus	3170441-3216922	66	11	0.9674	NA	20	69.8718	Viruses;Duplodnaviria;Heunggongvirae;Uroviricota;Caudoviricetes;;
GCF_039671555.1	contig_2	2184	ITR	NA	4	11	0.9647	NA	1	4.8049	Viruses;Duplodnaviria;Heunggongvirae;Uroviricota;Caudoviricetes;;
GCF_039671555.1	contig_1|provirus_2215001_2243673	28673	Provirus	2215001-2243673	38	11	0.9493	NA	1	22.9634	Viruses;Duplodnaviria;Heunggongvirae;Uroviricota;Caudoviricetes;;
GCF_039671575.1	contig_1|provirus_1377775_1424313	46539	Provirus	1377775-1424313	61	11	0.9581	NA	19	59.5972	Viruses;Duplodnaviria;Heunggongvirae;Uroviricota;Caudoviricetes;;
GCF_039671575.1	contig_1|provirus_1871027_1889055	18029	Provirus	1871027-1889055	35	11	0.9150	NA	3	20.0707	Viruses;Duplodnaviria;Heunggongvirae;Uroviricota;Caudoviricetes;;
GCF_039671605.1	contig_1|provirus_3241872_3270698	28827	Provirus	3241872-3270698	36	11	0.9694	NA	17	38.2028	Viruses;Duplodnaviria;Heunggongvirae;Uroviricota;Caudoviricetes;;
GCF_039671605.1	contig_1|provirus_3171002_3217483	46482	Provirus	3171002-3217483	66	11	0.9674	NA	20	69.8718	Viruses;Duplodnaviria;Heunggongvirae;Uroviricota;Caudoviricetes;;
GCF_039671605.1	contig_14	2289	No terminal repeats	NA	4	11	0.9639	NA	1	4.8049	Viruses;Duplodnaviria;Heunggongvirae;Uroviricota;Caudoviricetes;;
GCF_039671605.1	contig_1|provirus_2215525_2244197	28673	Provirus	2215525-2244197	38	11	0.9493	NA	1	22.9634	Viruses;Duplodnaviria;Heunggongvirae;Uroviricota;Caudoviricetes;;
GCF_039671625.1	contig_1|provirus_1527311_1553305	25995	Provirus	1527311-1553305	31	11	0.9754	NA	15	35.9302	Viruses;Duplodnaviria;Heunggongvirae;Uroviricota;Caudoviricetes;;
GCF_039671625.1	contig_1|provirus_3358781_3404450	45670	Provirus	3358781-3404450	64	11	0.9659	NA	20	62.5106	Viruses;Duplodnaviria;Heunggongvirae;Uroviricota;Caudoviricetes;;
GCF_039671625.1	contig_1|provirus_2375740_2395225	19486	Provirus	2375740-2395225	26	11	0.9598	NA	9	24.4964	Viruses;Duplodnaviria;Heunggongvirae;Uroviricota;Caudoviricetes;;
GCF_039671625.1	contig_1|provirus_2267952_2285447	17496	Provirus	2267952-2285447	34	11	0.9483	NA	3	23.8580	Viruses;Duplodnaviria;Heunggongvirae;Uroviricota;Caudoviricetes;;
GCF_039671625.1	contig_2	2548	No terminal repeats	NA	5	11	0.8999	NA	2	4.7664	Viruses;Duplodnaviria;Heunggongvirae;Uroviricota;Caudoviricetes;;
GCF_039671635.1	contig_1|provirus_2150703_2205101	54399	Provirus	2150703-2205101	81	11	0.9728	NA	13	68.7882	Viruses;Duplodnaviria;Heunggongvirae;Uroviricota;Caudoviricetes;;
GCF_039671635.1	contig_1|provirus_3278248_3324717	46470	Provirus	3278248-3324717	66	11	0.9667	NA	20	69.8718	Viruses;Duplodnaviria;Heunggongvirae;Uroviricota;Caudoviricetes;;
GCF_039671635.1	contig_6|provirus_435609_451285	15677	Provirus	435609-451285	25	11	0.9614	NA	4	17.7998	Viruses;Monodnaviria;Loebvirae;Hofneiviricota;Faserviricetes;Tubulavirales;Inoviridae
GCF_039671635.1	contig_6|provirus_618612_651133	32522	Provirus	618612-651133	41	11	0.9108	NA	14	29.9793	Viruses;Duplodnaviria;Heunggongvirae;Uroviricota;Caudoviricetes;;
GCF_039671635.1	contig_6|provirus_10005_32116	22112	Provirus	10005-32116	27	11	0.8666	NA	3	10.3132	Viruses;Duplodnaviria;Heunggongvirae;Uroviricota;Caudoviricetes;;
GCF_039671645.1	contig_1|provirus_2761033_2806742	45710	Provirus	2761033-2806742	82	11	0.9754	NA	12	93.8119	Viruses;Duplodnaviria;Heunggongvirae;Uroviricota;Caudoviricetes;;
GCF_039671645.1	contig_1|provirus_2566841_2603828	36988	Provirus	2566841-2603828	48	11	0.9629	NA	23	50.0883	Viruses;Duplodnaviria;Heunggongvirae;Uroviricota;Caudoviricetes;;
GCF_039671655.1	contig_1|provirus_2762559_2796109	33551	Provirus	2762559-2796109	43	11	0.9781	NA	14	51.3315	Viruses;Duplodnaviria;Heunggongvirae;Uroviricota;Caudoviricetes;;
GCF_039671655.1	contig_1|provirus_1226582_1258242	31661	Provirus	1226582-1258242	41	11	0.9779	NA	16	52.6389	Viruses;Duplodnaviria;Heunggongvirae;Uroviricota;Caudoviricetes;;
GCF_039671655.1	contig_1|provirus_350563_390411	39849	Provirus	350563-390411	53	11	0.9741	NA	16	59.3103	Viruses;Duplodnaviria;Heunggongvirae;Uroviricota;Caudoviricetes;;
GCF_039671655.1	contig_1|provirus_3310469_3357509	47041	Provirus	3310469-3357509	62	11	0.9688	NA	22	68.6107	Viruses;Duplodnaviria;Heunggongvirae;Uroviricota;Caudoviricetes;;
GCF_039671655.1	contig_1|provirus_2816352_2852016	35665	Provirus	2816352-2852016	44	11	0.9687	NA	17	45.0964	Viruses;Duplodnaviria;Heunggongvirae;Uroviricota;Caudoviricetes;;
GCF_039671655.1	contig_8	1882	No terminal repeats	NA	4	11	0.9530	NA	2	4.3829	Viruses;Duplodnaviria;Heunggongvirae;Uroviricota;Caudoviricetes;;
GCF_039671655.1	contig_1|provirus_2291719_2306665	14947	Provirus	2291719-2306665	23	11	0.9103	NA	2	12.6746	Viruses;Duplodnaviria;Heunggongvirae;Uroviricota;Caudoviricetes;;
GCF_039671655.1	contig_26	516	No terminal repeats	NA	1	11	0.8960	NA	1	1.7183	Viruses;Duplodnaviria;Heunggongvirae;Uroviricota;Caudoviricetes;;
GCF_039671655.1	contig_9	1788	No terminal repeats	NA	3	11	0.8654	NA	2	3.1634	Viruses;Duplodnaviria;Heunggongvirae;Uroviricota;Caudoviricetes;;
GCF_039671705.1	contig_1|provirus_2169688_2216152	46465	Provirus	2169688-2216152	67	11	0.9712	NA	20	68.1536	Viruses;Duplodnaviria;Heunggongvirae;Uroviricota;Caudoviricetes;;
GCF_039671705.1	contig_1|provirus_2621085_2642413	21329	Provirus	2621085-2642413	31	11	0.9604	NA	6	27.4236	Viruses;Duplodnaviria;Heunggongvirae;Uroviricota;Caudoviricetes;;
GCF_039671725.1	contig_1|provirus_2733973_2768032	34060	Provirus	2733973-2768032	43	11	0.9736	NA	16	44.9194	Viruses;Duplodnaviria;Heunggongvirae;Uroviricota;Caudoviricetes;;
GCF_039671725.1	contig_1|provirus_2178528_2226271	47744	Provirus	2178528-2226271	70	11	0.9691	NA	20	73.9775	Viruses;Duplodnaviria;Heunggongvirae;Uroviricota;Caudoviricetes;;
GCF_039671725.1	contig_1|provirus_2323715_2361854	38140	Provirus	2323715-2361854	45	11	0.9658	NA	24	47.4009	Viruses;Duplodnaviria;Heunggongvirae;Uroviricota;Caudoviricetes;;
GCF_039671745.1	contig_1|provirus_1650917_1689535	38619	Provirus	1650917-1689535	60	11	0.9734	NA	18	65.2121	Viruses;Duplodnaviria;Heunggongvirae;Uroviricota;Caudoviricetes;;
GCF_039671745.1	contig_1|provirus_2485457_2506785	21329	Provirus	2485457-2506785	31	11	0.9604	NA	6	27.4236	Viruses;Duplodnaviria;Heunggongvirae;Uroviricota;Caudoviricetes;;
GCF_039671745.1	contig_11	11314	DTR	NA	22	11	0.9539	NA	1	4.1369	Viruses;Duplodnaviria;Heunggongvirae;Uroviricota;Caudoviricetes;;
GCF_039671745.1	contig_1|provirus_2138740_2153685	14946	Provirus	2138740-2153685	23	11	0.9112	NA	2	12.6746	Viruses;Duplodnaviria;Heunggongvirae;Uroviricota;Caudoviricetes;;
GCF_039671755.1	contig_1|provirus_1051266_1084535	33270	Provirus	1051266-1084535	45	11	0.9756	NA	22	54.1800	Viruses;Duplodnaviria;Heunggongvirae;Uroviricota;Caudoviricetes;;
GCF_039671755.1	contig_1|provirus_1885584_1905811	20228	Provirus	1885584-1905811	24	11	0.9743	NA	6	35.6673	Viruses;Duplodnaviria;Heunggongvirae;Uroviricota;Caudoviricetes;;
GCF_039671755.1	contig_1|provirus_1222821_1267813	44993	Provirus	1222821-1267813	58	11	0.9727	NA	8	56.6467	Viruses;Duplodnaviria;Heunggongvirae;Uroviricota;Caudoviricetes;;
GCF_039671755.1	contig_1|provirus_321800_334872	13073	Provirus	321800-334872	18	11	0.9056	NA	0	8.4464	Viruses;Duplodnaviria;Heunggongvirae;Uroviricota;Caudoviricetes;;
GCF_039671805.1	contig_1|provirus_1377881_1424419	46539	Provirus	1377881-1424419	61	11	0.9581	NA	19	59.5972	Viruses;Duplodnaviria;Heunggongvirae;Uroviricota;Caudoviricetes;;
GCF_039671805.1	contig_1|provirus_1961515_1979543	18029	Provirus	1961515-1979543	35	11	0.9150	NA	3	20.0707	Viruses;Duplodnaviria;Heunggongvirae;Uroviricota;Caudoviricetes;;
GCF_039671815.1	contig_1|provirus_1377881_1424419	46539	Provirus	1377881-1424419	61	11	0.9581	NA	19	59.5972	Viruses;Duplodnaviria;Heunggongvirae;Uroviricota;Caudoviricetes;;
GCF_039671815.1	contig_1|provirus_1871133_1889161	18029	Provirus	1871133-1889161	35	11	0.9150	NA	3	20.0707	Viruses;Duplodnaviria;Heunggongvirae;Uroviricota;Caudoviricetes;;
GCF_039671825.1	contig_12|provirus_420701_449407	28707	Provirus	420701-449407	34	11	0.9318	NA	14	26.1428	Viruses;Duplodnaviria;Heunggongvirae;Uroviricota;Caudoviricetes;;
GCF_039671825.1	contig_12|provirus_488943_507805	18863	Provirus	488943-507805	26	11	0.8702	NA	3	10.3132	Viruses;Duplodnaviria;Heunggongvirae;Uroviricota;Caudoviricetes;;
GCF_039671855.1	contig_1|provirus_2228086_2256758	28673	Provirus	2228086-2256758	38	11	0.9498	NA	1	22.9634	Viruses;Duplodnaviria;Heunggongvirae;Uroviricota;Caudoviricetes;;
GCF_039671885.1	contig_1|provirus_2226663_2255335	28673	Provirus	2226663-2255335	38	11	0.9498	NA	1	22.9634	Viruses;Duplodnaviria;Heunggongvirae;Uroviricota;Caudoviricetes;;
GCF_039671925.1	contig_1|provirus_1691032_1724810	33779	Provirus	1691032-1724810	46	11	0.9749	NA	23	53.1339	Viruses;Duplodnaviria;Heunggongvirae;Uroviricota;Caudoviricetes;;
GCF_039671925.1	contig_1|provirus_3411082_3454690	43609	Provirus	3411082-3454690	63	11	0.9696	NA	20	65.7572	Viruses;Duplodnaviria;Heunggongvirae;Uroviricota;Caudoviricetes;;
GCF_039671925.1	contig_1|provirus_3271501_3303060	31560	Provirus	3271501-3303060	35	11	0.9564	NA	6	28.6595	Viruses;Duplodnaviria;Heunggongvirae;Uroviricota;Caudoviricetes;;
GCF_039671925.1	contig_1|provirus_2445808_2460743	14936	Provirus	2445808-2460743	23	11	0.9277	NA	2	15.6316	Viruses;Duplodnaviria;Heunggongvirae;Uroviricota;Caudoviricetes;;
GCF_039671945.1	contig_23|provirus_426488_464222	37735	Provirus	426488-464222	47	11	0.9087	NA	14	31.6159	Viruses;Duplodnaviria;Heunggongvirae;Uroviricota;Caudoviricetes;;
GCF_039671945.1	contig_23|provirus_489226_508042	18817	Provirus	489226-508042	26	11	0.8643	NA	3	10.3132	Viruses;Duplodnaviria;Heunggongvirae;Uroviricota;Caudoviricetes;;
GCF_039671975.1	contig_1|provirus_3241768_3272756	30989	Provirus	3241768-3272756	39	11	0.9696	NA	18	42.2218	Viruses;Duplodnaviria;Heunggongvirae;Uroviricota;Caudoviricetes;;
GCF_039671975.1	contig_1|provirus_3170898_3217379	46482	Provirus	3170898-3217379	66	11	0.9674	NA	20	69.8718	Viruses;Duplodnaviria;Heunggongvirae;Uroviricota;Caudoviricetes;;
GCF_039671975.1	contig_1|provirus_2215458_2244130	28673	Provirus	2215458-2244130	38	11	0.9493	NA	1	22.9634	Viruses;Duplodnaviria;Heunggongvirae;Uroviricota;Caudoviricetes;;
GCF_039671985.1	contig_1|provirus_1477927_1509577	31651	Provirus	1477927-1509577	40	11	0.9757	NA	22	48.0180	Viruses;Duplodnaviria;Heunggongvirae;Uroviricota;Caudoviricetes;;
GCF_039671985.1	contig_1|provirus_1321535_1351677	30143	Provirus	1321535-1351677	42	11	0.9730	NA	21	46.1830	Viruses;Duplodnaviria;Heunggongvirae;Uroviricota;Caudoviricetes;;
GCF_039671985.1	contig_3	3990	No terminal repeats	NA	5	11	0.8318	NA	2	4.7664	Viruses;Duplodnaviria;Heunggongvirae;Uroviricota;Caudoviricetes;;
GCF_039672015.1	contig_1|provirus_3110354_3155835	45482	Provirus	3110354-3155835	59	11	0.9724	NA	22	65.9738	Viruses;Duplodnaviria;Heunggongvirae;Uroviricota;Caudoviricetes;;
GCF_039672065.1	contig_1|provirus_1378039_1424577	46539	Provirus	1378039-1424577	61	11	0.9581	NA	19	59.5972	Viruses;Duplodnaviria;Heunggongvirae;Uroviricota;Caudoviricetes;;
GCF_039672065.1	contig_1|provirus_1871291_1889319	18029	Provirus	1871291-1889319	35	11	0.9150	NA	3	20.0707	Viruses;Duplodnaviria;Heunggongvirae;Uroviricota;Caudoviricetes;;
GCF_039672075.1	contig_1|provirus_1378221_1424759	46539	Provirus	1378221-1424759	61	11	0.9581	NA	19	59.5972	Viruses;Duplodnaviria;Heunggongvirae;Uroviricota;Caudoviricetes;;
GCF_039672075.1	contig_1|provirus_1871473_1889501	18029	Provirus	1871473-1889501	35	11	0.9150	NA	3	20.0707	Viruses;Duplodnaviria;Heunggongvirae;Uroviricota;Caudoviricetes;;
GCF_039672095.1	contig_1|provirus_3269449_3305129	35681	Provirus	3269449-3305129	48	11	0.9739	NA	22	55.6909	Viruses;Duplodnaviria;Heunggongvirae;Uroviricota;Caudoviricetes;;
GCF_039672095.1	contig_1|provirus_1120261_1152428	32168	Provirus	1120261-1152428	45	11	0.9736	NA	23	47.2948	Viruses;Duplodnaviria;Heunggongvirae;Uroviricota;Caudoviricetes;;
GCF_039672115.1	contig_1|provirus_1418800_1437338	18539	Provirus	1418800-1437338	23	11	0.9717	NA	9	29.3447	Viruses;Duplodnaviria;Heunggongvirae;Uroviricota;Caudoviricetes;;
GCF_039672115.1	contig_1|provirus_3502768_3549435	46668	Provirus	3502768-3549435	68	11	0.9677	NA	20	66.4711	Viruses;Duplodnaviria;Heunggongvirae;Uroviricota;Caudoviricetes;;
GCF_039672115.1	contig_1|provirus_2473396_2493557	20162	Provirus	2473396-2493557	35	11	0.9664	NA	3	28.4619	Viruses;Duplodnaviria;Heunggongvirae;Uroviricota;Caudoviricetes;;
GCF_039672115.1	contig_1|provirus_2674841_2691876	17036	Provirus	2674841-2691876	24	11	0.8706	NA	7	11.3311	Viruses;Duplodnaviria;Heunggongvirae;Uroviricota;Caudoviricetes;;
GCF_039672125.1	contig_1|provirus_1180661_1227934	47274	Provirus	1180661-1227934	71	11	0.9696	NA	18	72.8385	Viruses;Duplodnaviria;Heunggongvirae;Uroviricota;Caudoviricetes;;
GCF_039672125.1	contig_8|provirus_330092_342698	12607	Provirus	330092-342698	14	11	0.9246	NA	7	9.6850	Viruses;Duplodnaviria;Heunggongvirae;Uroviricota;Caudoviricetes;;
GCF_039672125.1	contig_8|provirus_388576_407394	18819	Provirus	388576-407394	26	11	0.8654	NA	3	10.3132	Viruses;Duplodnaviria;Heunggongvirae;Uroviricota;Caudoviricetes;;
GCF_039672165.1	contig_1|provirus_3144013_3186673	42661	Provirus	3144013-3186673	56	11	0.9640	NA	15	54.9093	Viruses;Duplodnaviria;Heunggongvirae;Uroviricota;Caudoviricetes;;
GCF_039672205.1	contig_1|provirus_3451173_3480051	28879	Provirus	3451173-3480051	33	11	0.9664	NA	5	29.7328	Viruses;Duplodnaviria;Heunggongvirae;Uroviricota;Caudoviricetes;;
GCF_039672205.1	contig_7|provirus_14742_30514	15773	Provirus	14742-30514	24	11	0.9149	NA	1	15.1103	Viruses;Duplodnaviria;Heunggongvirae;Uroviricota;Caudoviricetes;;
GCF_039672235.1	contig_1|provirus_1671820_1711693	39874	Provirus	1671820-1711693	58	11	0.9724	NA	19	67.6534	Viruses;Duplodnaviria;Heunggongvirae;Uroviricota;Caudoviricetes;;
GCF_039672235.1	contig_1|provirus_2263106_2302114	39009	Provirus	2263106-2302114	51	11	0.9637	NA	24	53.2899	Viruses;Duplodnaviria;Heunggongvirae;Uroviricota;Caudoviricetes;;
GCF_039672235.1	contig_1|provirus_2154973_2170753	15781	Provirus	2154973-2170753	25	11	0.9191	NA	1	13.5084	Viruses;Duplodnaviria;Heunggongvirae;Uroviricota;Caudoviricetes;;
GCF_039672235.1	contig_8|provirus_560810_602203	41394	Provirus	560810-602203	50	11	0.9068	NA	15	35.5053	Viruses;Duplodnaviria;Heunggongvirae;Uroviricota;Caudoviricetes;;
GCF_039672235.1	contig_8|provirus_15147_33807	18661	Provirus	15147-33807	30	11	0.8045	NA	2	9.4813	Viruses;Duplodnaviria;Heunggongvirae;Uroviricota;Caudoviricetes;;
GCF_039672265.1	contig_1|provirus_1338211_1359743	21533	Provirus	1338211-1359743	31	11	0.9639	NA	12	34.1636	Viruses;Duplodnaviria;Heunggongvirae;Uroviricota;Caudoviricetes;;
GCF_039672265.1	contig_1|provirus_2990574_3002264	11691	Provirus	2990574-3002264	21	11	0.8825	NA	2	10.8814	Viruses;Duplodnaviria;Heunggongvirae;Uroviricota;Caudoviricetes;;
GCF_039672275.1	contig_1|provirus_2530847_2573033	42187	Provirus	2530847-2573033	76	11	0.9781	NA	14	84.5176	Viruses;Duplodnaviria;Heunggongvirae;Uroviricota;Caudoviricetes;;
GCF_039672275.1	contig_1|provirus_2337025_2367392	30368	Provirus	2337025-2367392	39	11	0.9747	NA	23	49.6878	Viruses;Duplodnaviria;Heunggongvirae;Uroviricota;Caudoviricetes;;
GCF_039672275.1	contig_1|provirus_2228164_2245646	17483	Provirus	2228164-2245646	34	11	0.9529	NA	4	23.3598	Viruses;Duplodnaviria;Heunggongvirae;Uroviricota;Caudoviricetes;;
GCF_039672285.1	contig_1|provirus_2168168_2189680	21513	Provirus	2168168-2189680	37	11	0.9498	NA	3	28.7535	Viruses;Duplodnaviria;Heunggongvirae;Uroviricota;Caudoviricetes;;
GCF_039672285.1	contig_5|provirus_119652_128441	8790	Provirus	119652-128441	16	11	0.9193	NA	4	13.4423	Viruses;Duplodnaviria;Heunggongvirae;Uroviricota;Caudoviricetes;;
GCF_039672285.1	contig_5|provirus_184079_202200	18122	Provirus	184079-202200	25	11	0.8529	NA	3	8.7048	Viruses;Duplodnaviria;Heunggongvirae;Uroviricota;Caudoviricetes;;
GCF_039672295.1	contig_1|provirus_2530923_2573109	42187	Provirus	2530923-2573109	76	11	0.9781	NA	14	84.5176	Viruses;Duplodnaviria;Heunggongvirae;Uroviricota;Caudoviricetes;;
GCF_039672295.1	contig_1|provirus_2337101_2367468	30368	Provirus	2337101-2367468	39	11	0.9747	NA	23	49.6878	Viruses;Duplodnaviria;Heunggongvirae;Uroviricota;Caudoviricetes;;
GCF_039672295.1	contig_1|provirus_2228240_2245722	17483	Provirus	2228240-2245722	34	11	0.9529	NA	4	23.3598	Viruses;Duplodnaviria;Heunggongvirae;Uroviricota;Caudoviricetes;;
GCF_039672335.1	contig_1|provirus_3008173_3054521	46349	Provirus	3008173-3054521	60	11	0.9680	NA	13	57.4524	Viruses;Duplodnaviria;Heunggongvirae;Uroviricota;Caudoviricetes;;
GCF_039672365.1	contig_1|provirus_3162210_3208297	46088	Provirus	3162210-3208297	62	11	0.9702	NA	20	66.0711	Viruses;Duplodnaviria;Heunggongvirae;Uroviricota;Caudoviricetes;;
GCF_039672395.1	contig_1|provirus_3647605_3675526	27922	Provirus	3647605-3675526	37	11	0.9813	NA	16	54.5206	Viruses;Duplodnaviria;Heunggongvirae;Uroviricota;Caudoviricetes;;
GCF_039672395.1	contig_1|provirus_2338463_2358692	20230	Provirus	2338463-2358692	26	11	0.9692	NA	6	35.7808	Viruses;Duplodnaviria;Heunggongvirae;Uroviricota;Caudoviricetes;;
GCF_039672395.1	contig_1|provirus_2223374_2270657	47284	Provirus	2223374-2270657	71	11	0.9689	NA	18	71.1315	Viruses;Duplodnaviria;Heunggongvirae;Uroviricota;Caudoviricetes;;
GCF_039672395.1	contig_1|provirus_2388690_2410371	21682	Provirus	2388690-2410371	32	11	0.9506	NA	11	27.2781	Viruses;Duplodnaviria;Heunggongvirae;Uroviricota;Caudoviricetes;;
GCF_039672415.1	contig_1|provirus_1346467_1379506	33040	Provirus	1346467-1379506	45	11	0.9739	NA	21	48.5940	Viruses;Duplodnaviria;Heunggongvirae;Uroviricota;Caudoviricetes;;
GCF_039672415.1	contig_1|provirus_2233964_2281247	47284	Provirus	2233964-2281247	71	11	0.9691	NA	18	71.1315	Viruses;Duplodnaviria;Heunggongvirae;Uroviricota;Caudoviricetes;;
GCF_039672445.1	contig_1|provirus_1819760_1841272	21513	Provirus	1819760-1841272	37	11	0.9498	NA	3	28.7535	Viruses;Duplodnaviria;Heunggongvirae;Uroviricota;Caudoviricetes;;
GCF_039672445.1	contig_8|provirus_468794_477583	8790	Provirus	468794-477583	16	11	0.9193	NA	4	13.4423	Viruses;Duplodnaviria;Heunggongvirae;Uroviricota;Caudoviricetes;;
GCF_039672445.1	contig_8|provirus_533221_551342	18122	Provirus	533221-551342	25	11	0.8529	NA	3	8.7048	Viruses;Duplodnaviria;Heunggongvirae;Uroviricota;Caudoviricetes;;
GCF_039672455.1	contig_1|provirus_1455656_1490958	35303	Provirus	1455656-1490958	45	11	0.9742	NA	23	48.8474	Viruses;Duplodnaviria;Heunggongvirae;Uroviricota;Caudoviricetes;;
GCF_039672495.1	contig_11|provirus_420701_449407	28707	Provirus	420701-449407	34	11	0.9318	NA	14	26.1428	Viruses;Duplodnaviria;Heunggongvirae;Uroviricota;Caudoviricetes;;
GCF_039672495.1	contig_11|provirus_488943_507805	18863	Provirus	488943-507805	26	11	0.8702	NA	3	10.3132	Viruses;Duplodnaviria;Heunggongvirae;Uroviricota;Caudoviricetes;;
GCF_039672505.1	contig_9	11314	DTR	NA	21	11	0.9627	NA	1	5.2533	Viruses;Duplodnaviria;Heunggongvirae;Uroviricota;Caudoviricetes;;
GCF_039672505.1	contig_53|provirus_425560_454266	28707	Provirus	425560-454266	34	11	0.9318	NA	14	26.1428	Viruses;Duplodnaviria;Heunggongvirae;Uroviricota;Caudoviricetes;;
GCF_039672505.1	contig_53|provirus_494029_512891	18863	Provirus	494029-512891	26	11	0.8702	NA	3	10.3132	Viruses;Duplodnaviria;Heunggongvirae;Uroviricota;Caudoviricetes;;
GCF_039672515.1	contig_1|provirus_2702301_2736360	34060	Provirus	2702301-2736360	43	11	0.9736	NA	16	44.9194	Viruses;Duplodnaviria;Heunggongvirae;Uroviricota;Caudoviricetes;;
GCF_039672515.1	contig_1|provirus_2180353_2227440	47088	Provirus	2180353-2227440	69	11	0.9667	NA	19	68.9976	Viruses;Duplodnaviria;Heunggongvirae;Uroviricota;Caudoviricetes;;
GCF_039672605.1	contig_1|provirus_2150775_2205173	54399	Provirus	2150775-2205173	81	11	0.9728	NA	13	68.7882	Viruses;Duplodnaviria;Heunggongvirae;Uroviricota;Caudoviricetes;;
GCF_039672605.1	contig_1|provirus_3135385_3181854	46470	Provirus	3135385-3181854	66	11	0.9667	NA	20	69.8718	Viruses;Duplodnaviria;Heunggongvirae;Uroviricota;Caudoviricetes;;
GCF_039672605.1	contig_5|provirus_435609_451285	15677	Provirus	435609-451285	25	11	0.9614	NA	4	17.7998	Viruses;Monodnaviria;Loebvirae;Hofneiviricota;Faserviricetes;Tubulavirales;Inoviridae
GCF_039672605.1	contig_5|provirus_618612_651133	32522	Provirus	618612-651133	41	11	0.9108	NA	14	29.9793	Viruses;Duplodnaviria;Heunggongvirae;Uroviricota;Caudoviricetes;;
GCF_039672605.1	contig_5|provirus_10005_32116	22112	Provirus	10005-32116	27	11	0.8666	NA	3	10.3132	Viruses;Duplodnaviria;Heunggongvirae;Uroviricota;Caudoviricetes;;
GCF_039672625.1	contig_1|provirus_3205403_3248063	42661	Provirus	3205403-3248063	56	11	0.9640	NA	15	54.9093	Viruses;Duplodnaviria;Heunggongvirae;Uroviricota;Caudoviricetes;;
GCF_039672705.1	contig_7|provirus_11559_104657	93099	Provirus	11559-104657	102	11	0.9571	NA	3	53.3299	Viruses;Duplodnaviria;Heunggongvirae;Uroviricota;Caudoviricetes;;
GCF_039672725.1	contig_11|provirus_11559_104657	93099	Provirus	11559-104657	102	11	0.9571	NA	3	53.3299	Viruses;Duplodnaviria;Heunggongvirae;Uroviricota;Caudoviricetes;;
GCF_039672735.1	contig_35	4326	No terminal repeats	NA	6	11	0.9810	NA	5	9.3620	Viruses;Duplodnaviria;Heunggongvirae;Uroviricota;Caudoviricetes;;
GCF_039672735.1	contig_6	3580	No terminal repeats	NA	7	11	0.9806	NA	6	11.1307	Viruses;Duplodnaviria;Heunggongvirae;Uroviricota;Caudoviricetes;;
GCF_039672735.1	contig_5	3580	No terminal repeats	NA	7	11	0.9791	NA	6	11.1307	Viruses;Duplodnaviria;Heunggongvirae;Uroviricota;Caudoviricetes;;
GCF_039672735.1	contig_9	1585	No terminal repeats	NA	3	11	0.9746	NA	3	4.0562	Viruses;Duplodnaviria;Heunggongvirae;Uroviricota;Caudoviricetes;;
GCF_039672735.1	contig_3	3737	No terminal repeats	NA	4	11	0.9728	NA	0	5.6145	Viruses;Duplodnaviria;Heunggongvirae;Uroviricota;Caudoviricetes;;
GCF_039672735.1	contig_8	1585	No terminal repeats	NA	3	11	0.9727	NA	3	4.0562	Viruses;Duplodnaviria;Heunggongvirae;Uroviricota;Caudoviricetes;;
GCF_039672735.1	contig_4	3731	No terminal repeats	NA	4	11	0.9715	NA	0	5.6145	Viruses;Duplodnaviria;Heunggongvirae;Uroviricota;Caudoviricetes;;
GCF_039672735.1	contig_2	3967	No terminal repeats	NA	7	11	0.9606	NA	1	7.9128	Viruses;Duplodnaviria;Heunggongvirae;Uroviricota;Caudoviricetes;;
GCF_039672735.1	contig_15	1120	No terminal repeats	NA	1	11	0.9488	NA	1	1.7183	Viruses;Duplodnaviria;Heunggongvirae;Uroviricota;Caudoviricetes;;
GCF_039672735.1	contig_14	1120	No terminal repeats	NA	1	11	0.9461	NA	1	1.7183	Viruses;Duplodnaviria;Heunggongvirae;Uroviricota;Caudoviricetes;;
GCF_039672735.1	contig_33	10906	No terminal repeats	NA	15	11	0.9383	NA	2	8.5848	Viruses;Duplodnaviria;Heunggongvirae;Uroviricota;Caudoviricetes;;
GCF_039672735.1	contig_34	8010	No terminal repeats	NA	16	11	0.9329	NA	2	13.2281	Viruses;Duplodnaviria;Heunggongvirae;Uroviricota;Caudoviricetes;;
GCF_039672735.1	contig_1|provirus_2199903_2216001	16099	Provirus	2199903-2216001	26	11	0.9311	NA	2	17.2983	Viruses;Duplodnaviria;Heunggongvirae;Uroviricota;Caudoviricetes;;
GCF_039672735.1	contig_1|provirus_3120810_3136993	16184	Provirus	3120810-3136993	21	11	0.9040	NA	3	14.2791	Viruses;Duplodnaviria;Heunggongvirae;Uroviricota;Caudoviricetes;;
GCF_039672735.1	contig_36	4324	No terminal repeats	NA	9	11	0.9000	NA	1	4.6301	Viruses;Duplodnaviria;Heunggongvirae;Uroviricota;Caudoviricetes;;
GCF_039672735.1	contig_25	430	No terminal repeats	NA	1	11	0.8765	NA	1	1.4242	Viruses;Duplodnaviria;Heunggongvirae;Uroviricota;Caudoviricetes;;
GCF_039672735.1	contig_26	402	No terminal repeats	NA	2	11	0.8706	NA	1	1.0941	Viruses;Duplodnaviria;Heunggongvirae;Uroviricota;Caudoviricetes;;
GCF_039672735.1	contig_17	984	No terminal repeats	NA	1	11	0.8483	NA	1	1.1229	Viruses;Duplodnaviria;Heunggongvirae;Uroviricota;Caudoviricetes;;
GCF_039672735.1	contig_18	984	No terminal repeats	NA	1	11	0.8062	NA	1	1.1229	Viruses;Duplodnaviria;Heunggongvirae;Uroviricota;Caudoviricetes;;
GCF_039672755.1	contig_1|provirus_1691032_1724810	33779	Provirus	1691032-1724810	46	11	0.9749	NA	23	53.1339	Viruses;Duplodnaviria;Heunggongvirae;Uroviricota;Caudoviricetes;;
GCF_039672755.1	contig_1|provirus_3411407_3455015	43609	Provirus	3411407-3455015	63	11	0.9696	NA	20	65.7572	Viruses;Duplodnaviria;Heunggongvirae;Uroviricota;Caudoviricetes;;
GCF_039672755.1	contig_1|provirus_3271826_3303385	31560	Provirus	3271826-3303385	35	11	0.9564	NA	6	28.6595	Viruses;Duplodnaviria;Heunggongvirae;Uroviricota;Caudoviricetes;;
GCF_039672755.1	contig_1|provirus_2446133_2461068	14936	Provirus	2446133-2461068	23	11	0.9277	NA	2	15.6316	Viruses;Duplodnaviria;Heunggongvirae;Uroviricota;Caudoviricetes;;
GCF_039675365.1	contig_1|provirus_1605359_1650754	45396	Provirus	1605359-1650754	54	11	0.9724	NA	8	56.1238	Viruses;Duplodnaviria;Heunggongvirae;Uroviricota;Caudoviricetes;;
GCF_039675365.1	contig_1|provirus_2215775_2274040	58266	Provirus	2215775-2274040	79	11	0.9724	NA	15	73.7765	Viruses;Duplodnaviria;Heunggongvirae;Uroviricota;Caudoviricetes;;
GCF_039675385.1	contig_1|provirus_1377593_1424131	46539	Provirus	1377593-1424131	61	11	0.9581	NA	19	59.5972	Viruses;Duplodnaviria;Heunggongvirae;Uroviricota;Caudoviricetes;;
GCF_039675385.1	contig_1|provirus_1870845_1888873	18029	Provirus	1870845-1888873	35	11	0.9150	NA	3	20.0707	Viruses;Duplodnaviria;Heunggongvirae;Uroviricota;Caudoviricetes;;
GCF_039675405.1	contig_3|provirus_2_93100	93099	Provirus	2-93100	102	11	0.9569	NA	3	53.3299	Viruses;Duplodnaviria;Heunggongvirae;Uroviricota;Caudoviricetes;;
GCF_039675425.1	contig_1|provirus_3223363_3259043	35681	Provirus	3223363-3259043	48	11	0.9739	NA	22	55.6909	Viruses;Duplodnaviria;Heunggongvirae;Uroviricota;Caudoviricetes;;
GCF_039675425.1	contig_1|provirus_1119980_1152147	32168	Provirus	1119980-1152147	45	11	0.9736	NA	23	47.2948	Viruses;Duplodnaviria;Heunggongvirae;Uroviricota;Caudoviricetes;;
GCF_039675485.1	contig_1|provirus_1419089_1437627	18539	Provirus	1419089-1437627	23	11	0.9717	NA	9	29.3447	Viruses;Duplodnaviria;Heunggongvirae;Uroviricota;Caudoviricetes;;
GCF_039675485.1	contig_1|provirus_3414024_3460691	46668	Provirus	3414024-3460691	68	11	0.9677	NA	20	66.4711	Viruses;Duplodnaviria;Heunggongvirae;Uroviricota;Caudoviricetes;;
GCF_039675485.1	contig_1|provirus_2473685_2493846	20162	Provirus	2473685-2493846	35	11	0.9664	NA	3	28.4619	Viruses;Duplodnaviria;Heunggongvirae;Uroviricota;Caudoviricetes;;
GCF_039675485.1	contig_1|provirus_2586097_2603132	17036	Provirus	2586097-2603132	24	11	0.8706	NA	7	11.3311	Viruses;Duplodnaviria;Heunggongvirae;Uroviricota;Caudoviricetes;;
GCF_039675505.1	contig_1|provirus_2293433_2325291	31859	Provirus	2293433-2325291	40	11	0.9748	NA	24	47.9983	Viruses;Duplodnaviria;Heunggongvirae;Uroviricota;Caudoviricetes;;
GCF_039675745.1	contig_1|provirus_3205203_3247863	42661	Provirus	3205203-3247863	56	11	0.9640	NA	15	54.9093	Viruses;Duplodnaviria;Heunggongvirae;Uroviricota;Caudoviricetes;;
GCF_039675765.1	contig_1|provirus_2180712_2227985	47274	Provirus	2180712-2227985	71	11	0.9696	NA	18	72.8385	Viruses;Duplodnaviria;Heunggongvirae;Uroviricota;Caudoviricetes;;
GCF_039675765.1	contig_3|provirus_330092_342698	12607	Provirus	330092-342698	14	11	0.9246	NA	7	9.6850	Viruses;Duplodnaviria;Heunggongvirae;Uroviricota;Caudoviricetes;;
GCF_039675765.1	contig_3|provirus_388576_407394	18819	Provirus	388576-407394	26	11	0.8654	NA	3	10.3132	Viruses;Duplodnaviria;Heunggongvirae;Uroviricota;Caudoviricetes;;
GCF_039675785.1	contig_1|provirus_3492498_3505427	12930	Provirus	3492498-3505427	19	11	0.8859	NA	1	8.8163	Viruses;Duplodnaviria;Heunggongvirae;Uroviricota;Caudoviricetes;;
GCF_039675805.1	contig_1|provirus_1417651_1436189	18539	Provirus	1417651-1436189	23	11	0.9717	NA	9	29.3447	Viruses;Duplodnaviria;Heunggongvirae;Uroviricota;Caudoviricetes;;
GCF_039675805.1	contig_1|provirus_3412471_3459138	46668	Provirus	3412471-3459138	68	11	0.9677	NA	20	66.4711	Viruses;Duplodnaviria;Heunggongvirae;Uroviricota;Caudoviricetes;;
GCF_039675805.1	contig_1|provirus_2472132_2492293	20162	Provirus	2472132-2492293	35	11	0.9664	NA	3	28.4619	Viruses;Duplodnaviria;Heunggongvirae;Uroviricota;Caudoviricetes;;
GCF_039675805.1	contig_1|provirus_2584544_2601579	17036	Provirus	2584544-2601579	24	11	0.8706	NA	7	11.3311	Viruses;Duplodnaviria;Heunggongvirae;Uroviricota;Caudoviricetes;;
GCF_039675815.1	contig_3|provirus_395771_432211	36441	Provirus	395771-432211	42	11	0.8901	NA	14	30.1710	Viruses;Duplodnaviria;Heunggongvirae;Uroviricota;Caudoviricetes;;
GCF_039675815.1	contig_3|provirus_477194_496020	18827	Provirus	477194-496020	27	11	0.8562	NA	3	10.3132	Viruses;Duplodnaviria;Heunggongvirae;Uroviricota;Caudoviricetes;;
GCF_040547385.1	contig_1|provirus_666997_693228	26232	Provirus	666997-693228	34	11	0.9625	NA	16	32.5189	Viruses;Duplodnaviria;Heunggongvirae;Uroviricota;Caudoviricetes;;
GCF_040547385.1	contig_1|provirus_551170_569438	18269	Provirus	551170-569438	22	11	0.9067	NA	1	14.0761	Viruses;Duplodnaviria;Heunggongvirae;Uroviricota;Caudoviricetes;;
GCF_040547405.1	contig_2|provirus_411020_437251	26232	Provirus	411020-437251	34	11	0.9643	NA	16	32.5189	Viruses;Duplodnaviria;Heunggongvirae;Uroviricota;Caudoviricetes;;
GCF_040547405.1	contig_2|provirus_534810_553078	18269	Provirus	534810-553078	22	11	0.9016	NA	1	14.0761	Viruses;Duplodnaviria;Heunggongvirae;Uroviricota;Caudoviricetes;;
GCF_900182855.1	contig_1|provirus_428367_470293	41927	Provirus	428367-470293	61	11	0.9752	NA	15	58.4010	Viruses;Duplodnaviria;Heunggongvirae;Uroviricota;Caudoviricetes;;
GCF_900182855.1	contig_1|provirus_724216_741901	17686	Provirus	724216-741901	30	11	0.9231	NA	5	22.0294	Viruses;Duplodnaviria;Heunggongvirae;Uroviricota;Caudoviricetes;;
GCF_900185875.1	contig_15|provirus_147377_161978	14602	Provirus	147377-161978	23	11	0.9346	NA	7	19.0812	Viruses;Duplodnaviria;Heunggongvirae;Uroviricota;Caudoviricetes;;
GCF_900185875.1	contig_8|provirus_137344_147381	10038	Provirus	137344-147381	12	11	0.8578	NA	4	7.9086	Viruses;Duplodnaviria;Heunggongvirae;Uroviricota;Caudoviricetes;;
GCF_900454395.1	contig_6|provirus_1242358_1267462	25105	Provirus	1242358-1267462	35	11	0.9393	NA	16	27.2447	Viruses;Duplodnaviria;Heunggongvirae;Uroviricota;Caudoviricetes;;
GCF_900454505.1	contig_4|provirus_2621392_2664847	43456	Provirus	2621392-2664847	62	11	0.9734	NA	20	63.4596	Viruses;Duplodnaviria;Heunggongvirae;Uroviricota;Caudoviricetes;;
GCF_900454505.1	contig_4|provirus_1713148_1724005	10858	Provirus	1713148-1724005	16	11	0.8673	NA	0	8.8740	Viruses;Duplodnaviria;Heunggongvirae;Uroviricota;Caudoviricetes;;
GCF_900454505.1	contig_4|provirus_638045_649863	11819	Provirus	638045-649863	16	11	0.8536	NA	5	6.9088	Viruses;Duplodnaviria;Heunggongvirae;Uroviricota;Caudoviricetes;;
GCF_902706165.1	contig_1|provirus_1137531_1152460	14930	Provirus	1137531-1152460	24	11	0.9042	NA	3	13.4265	Viruses;Duplodnaviria;Heunggongvirae;Uroviricota;Caudoviricetes;;
GCF_905332865.1	contig_9|provirus_149780_163653	13874	Provirus	149780-163653	24	11	0.8974	NA	1	15.4289	Viruses;Duplodnaviria;Heunggongvirae;Uroviricota;Caudoviricetes;;
GCF_943184895.1	contig_1|provirus_2701162_2737043	35882	Provirus	2701162-2737043	48	11	0.9706	NA	24	51.7259	Viruses;Duplodnaviria;Heunggongvirae;Uroviricota;Caudoviricetes;;
GCF_943184895.1	contig_1|provirus_2665053_2676772	11720	Provirus	2665053-2676772	13	11	0.7028	NA	4	5.8084	Viruses;Duplodnaviria;Heunggongvirae;Uroviricota;Caudoviricetes;;
ISP113A35BSH120	contig_23	2425	No terminal repeats	NA	3	11	0.9789	NA	2	4.7360	Viruses;Duplodnaviria;Heunggongvirae;Uroviricota;Caudoviricetes;;
ISP113A35BSH120	contig_22	2458	No terminal repeats	NA	3	11	0.9785	NA	2	4.7360	Viruses;Duplodnaviria;Heunggongvirae;Uroviricota;Caudoviricetes;;
ISP113A35BSH120	contig_1|provirus_1248302_1258791	10490	Provirus	1248302-1258791	10	11	0.9738	NA	5	9.9164	Viruses;Duplodnaviria;Heunggongvirae;Uroviricota;Caudoviricetes;;
ISP113A35BSH120	contig_2|provirus_572080_586453	14374	Provirus	572080-586453	18	11	0.9737	NA	6	17.2942	Viruses;Duplodnaviria;Heunggongvirae;Uroviricota;Caudoviricetes;;
ISP113A35BSH120	contig_1|provirus_1056506_1098553	42048	Provirus	1056506-1098553	56	11	0.9707	NA	13	56.2879	Viruses;Duplodnaviria;Heunggongvirae;Uroviricota;Caudoviricetes;;
ISP113A35BSH120	contig_20	4708	No terminal repeats	NA	5	11	0.9702	NA	4	5.4114	Viruses;Duplodnaviria;Heunggongvirae;Uroviricota;Caudoviricetes;;
ISP113A35BSH120	contig_10|provirus_2_14873	14872	Provirus	2-14873	19	11	0.9695	NA	5	18.5230	Viruses;Duplodnaviria;Heunggongvirae;Uroviricota;Caudoviricetes;;
ISP113A35BSH120	contig_1|provirus_725349_760301	34953	Provirus	725349-760301	45	11	0.9692	NA	18	44.3271	Viruses;Duplodnaviria;Heunggongvirae;Uroviricota;Caudoviricetes;;
ISP113A35BSH120	contig_26	1366	No terminal repeats	NA	3	11	0.9636	NA	2	3.9747	Viruses;Duplodnaviria;Heunggongvirae;Uroviricota;Caudoviricetes;;
ISP113A35BSH120	contig_31	835	No terminal repeats	NA	3	11	0.9609	NA	2	4.4752	Viruses;Duplodnaviria;Heunggongvirae;Uroviricota;Caudoviricetes;;
ISP113A35BSH120	contig_30	835	No terminal repeats	NA	3	11	0.9606	NA	2	4.4752	Viruses;Duplodnaviria;Heunggongvirae;Uroviricota;Caudoviricetes;;
ISP113A35BSH120	contig_21	4113	No terminal repeats	NA	7	11	0.9582	NA	6	8.1706	Viruses;Duplodnaviria;Heunggongvirae;Uroviricota;Caudoviricetes;;
ISP113A35BSH120	contig_19	5109	No terminal repeats	NA	7	11	0.9516	NA	5	8.0158	Viruses;Duplodnaviria;Heunggongvirae;Uroviricota;Caudoviricetes;;
ISP113A35BSH120	contig_35	554	No terminal repeats	NA	2	11	0.8717	NA	1	1.6493	Viruses;Duplodnaviria;Heunggongvirae;Uroviricota;Caudoviricetes;;
ISP113A35BSH120	contig_36	554	No terminal repeats	NA	2	11	0.8364	NA	1	1.6493	Viruses;Duplodnaviria;Heunggongvirae;Uroviricota;Caudoviricetes;;
ISP113A35BSH120	contig_40	357	No terminal repeats	NA	1	11	0.7950	NA	1	1.3140	Viruses;Duplodnaviria;Heunggongvirae;Uroviricota;Caudoviricetes;;
ISP113A35BSH120	contig_39	357	No terminal repeats	NA	1	11	0.7782	NA	1	1.3140	Viruses;Duplodnaviria;Heunggongvirae;Uroviricota;Caudoviricetes;;
ISP136B15SPT20Q20	contig_1|provirus_378376_417765	39390	Provirus	378376-417765	54	11	0.9793	NA	15	55.5878	Viruses;Duplodnaviria;Heunggongvirae;Uroviricota;Caudoviricetes;;
ISP136B15SPT20Q20	contig_1|provirus_811563_871028	59466	Provirus	811563-871028	98	11	0.9730	NA	16	91.4744	Viruses;Duplodnaviria;Heunggongvirae;Uroviricota;Caudoviricetes;;
ISP136B15SPT20Q20	contig_1|provirus_1459672_1501186	41515	Provirus	1459672-1501186	54	11	0.9720	NA	10	58.3251	Viruses;Duplodnaviria;Heunggongvirae;Uroviricota;Caudoviricetes;;
ISP136B15SPT20Q20	contig_1|provirus_461949_512441	50493	Provirus	461949-512441	72	11	0.9606	NA	17	59.8751	Viruses;Duplodnaviria;Heunggongvirae;Uroviricota;Caudoviricetes;;
ISP136B15SPT20Q20	contig_7|provirus_3_47555	47553	Provirus	3-47555	60	11	0.9508	NA	15	47.1715	Viruses;Duplodnaviria;Heunggongvirae;Uroviricota;Caudoviricetes;;
ISP136B15SPT20Q20	contig_1|provirus_698807_720126	21320	Provirus	698807-720126	30	11	0.9441	NA	11	24.7223	Viruses;Duplodnaviria;Heunggongvirae;Uroviricota;Caudoviricetes;;
ISP136B15SPT20Q20	contig_10|provirus_38330_65572	27243	Provirus	38330-65572	34	11	0.9257	NA	5	14.1383	Viruses;Duplodnaviria;Heunggongvirae;Uroviricota;Caudoviricetes;;
ISP136B15SPT20Q20	contig_2|provirus_215614_229400	13787	Provirus	215614-229400	25	11	0.9144	NA	0	8.2821	Viruses;Duplodnaviria;Heunggongvirae;Uroviricota;Caudoviricetes;;
ISP142B21SPM20Q20b	contig_1|provirus_378376_417765	39390	Provirus	378376-417765	54	11	0.9793	NA	15	55.5878	Viruses;Duplodnaviria;Heunggongvirae;Uroviricota;Caudoviricetes;;
ISP142B21SPM20Q20b	contig_1|provirus_811563_871028	59466	Provirus	811563-871028	98	11	0.9730	NA	16	91.4744	Viruses;Duplodnaviria;Heunggongvirae;Uroviricota;Caudoviricetes;;
ISP142B21SPM20Q20b	contig_1|provirus_1459672_1501186	41515	Provirus	1459672-1501186	54	11	0.9720	NA	10	58.3251	Viruses;Duplodnaviria;Heunggongvirae;Uroviricota;Caudoviricetes;;
ISP142B21SPM20Q20b	contig_1|provirus_461949_512441	50493	Provirus	461949-512441	72	11	0.9606	NA	17	59.8751	Viruses;Duplodnaviria;Heunggongvirae;Uroviricota;Caudoviricetes;;
ISP142B21SPM20Q20b	contig_7|provirus_181129_228333	47205	Provirus	181129-228333	60	11	0.9521	NA	15	47.1715	Viruses;Duplodnaviria;Heunggongvirae;Uroviricota;Caudoviricetes;;
ISP142B21SPM20Q20b	contig_1|provirus_698807_720126	21320	Provirus	698807-720126	30	11	0.9441	NA	11	24.7223	Viruses;Duplodnaviria;Heunggongvirae;Uroviricota;Caudoviricetes;;
ISP142B21SPM20Q20b	contig_11|provirus_41906_69148	27243	Provirus	41906-69148	34	11	0.9300	NA	5	14.1383	Viruses;Duplodnaviria;Heunggongvirae;Uroviricota;Caudoviricetes;;
ISP142B21SPM20Q20b	contig_2|provirus_578272_592415	14144	Provirus	578272-592415	27	11	0.8980	NA	0	8.2821	Viruses;Duplodnaviria;Heunggongvirae;Uroviricota;Caudoviricetes;;
ISP143B22SPM20Q20	contig_25	2425	No terminal repeats	NA	3	11	0.9789	NA	2	4.7360	Viruses;Duplodnaviria;Heunggongvirae;Uroviricota;Caudoviricetes;;
ISP143B22SPM20Q20	contig_24	2458	No terminal repeats	NA	3	11	0.9785	NA	2	4.7360	Viruses;Duplodnaviria;Heunggongvirae;Uroviricota;Caudoviricetes;;
ISP143B22SPM20Q20	contig_1|provirus_2_10491	10490	Provirus	2-10491	10	11	0.9733	NA	5	9.9164	Viruses;Duplodnaviria;Heunggongvirae;Uroviricota;Caudoviricetes;;
ISP143B22SPM20Q20	contig_2|provirus_198_14571	14374	Provirus	198-14571	18	11	0.9719	NA	6	17.2942	Viruses;Duplodnaviria;Heunggongvirae;Uroviricota;Caudoviricetes;;
ISP143B22SPM20Q20	contig_11|provirus_145205_160076	14872	Provirus	145205-160076	19	11	0.9710	NA	5	18.5230	Viruses;Duplodnaviria;Heunggongvirae;Uroviricota;Caudoviricetes;;
ISP143B22SPM20Q20	contig_22	4708	No terminal repeats	NA	5	11	0.9702	NA	4	5.4114	Viruses;Duplodnaviria;Heunggongvirae;Uroviricota;Caudoviricetes;;
ISP143B22SPM20Q20	contig_1|provirus_160240_202287	42048	Provirus	160240-202287	56	11	0.9674	NA	13	56.2879	Viruses;Duplodnaviria;Heunggongvirae;Uroviricota;Caudoviricetes;;
ISP143B22SPM20Q20	contig_1|provirus_498492_533444	34953	Provirus	498492-533444	45	11	0.9666	NA	18	44.3271	Viruses;Duplodnaviria;Heunggongvirae;Uroviricota;Caudoviricetes;;
ISP143B22SPM20Q20	contig_28	1366	No terminal repeats	NA	3	11	0.9636	NA	2	3.9747	Viruses;Duplodnaviria;Heunggongvirae;Uroviricota;Caudoviricetes;;
ISP143B22SPM20Q20	contig_32	835	No terminal repeats	NA	3	11	0.9609	NA	2	4.4752	Viruses;Duplodnaviria;Heunggongvirae;Uroviricota;Caudoviricetes;;
ISP143B22SPM20Q20	contig_31	835	No terminal repeats	NA	3	11	0.9606	NA	2	4.4752	Viruses;Duplodnaviria;Heunggongvirae;Uroviricota;Caudoviricetes;;
ISP143B22SPM20Q20	contig_23	4113	No terminal repeats	NA	7	11	0.9582	NA	6	8.1706	Viruses;Duplodnaviria;Heunggongvirae;Uroviricota;Caudoviricetes;;
ISP143B22SPM20Q20	contig_21	5109	No terminal repeats	NA	7	11	0.9576	NA	5	8.0158	Viruses;Duplodnaviria;Heunggongvirae;Uroviricota;Caudoviricetes;;
ISP143B22SPM20Q20	contig_37	554	No terminal repeats	NA	2	11	0.8717	NA	1	1.6493	Viruses;Duplodnaviria;Heunggongvirae;Uroviricota;Caudoviricetes;;
ISP143B22SPM20Q20	contig_36	554	No terminal repeats	NA	2	11	0.8570	NA	1	1.6493	Viruses;Duplodnaviria;Heunggongvirae;Uroviricota;Caudoviricetes;;
ISP143B22SPM20Q20	contig_41	357	No terminal repeats	NA	1	11	0.7821	NA	1	1.3140	Viruses;Duplodnaviria;Heunggongvirae;Uroviricota;Caudoviricetes;;
ISP143B22SPM20Q20	contig_40	357	No terminal repeats	NA	1	11	0.7782	NA	1	1.3140	Viruses;Duplodnaviria;Heunggongvirae;Uroviricota;Caudoviricetes;;
ISP15121	contig_1|provirus_822370_846685	24316	Provirus	822370-846685	21	11	0.9181	NA	2	9.8115	Viruses;Duplodnaviria;Heunggongvirae;Uroviricota;Caudoviricetes;;
ISP15121	contig_1|provirus_741406_757399	15994	Provirus	741406-757399	18	11	0.9147	NA	2	11.0320	Viruses;Duplodnaviria;Heunggongvirae;Uroviricota;Caudoviricetes;;
ISP15121	contig_7|provirus_136738_159789	23052	Provirus	136738-159789	29	11	0.8840	NA	0	10.2061	Viruses;Duplodnaviria;Heunggongvirae;Uroviricota;Caudoviricetes;;
ISP15121	contig_2|provirus_1019617_1041434	21818	Provirus	1019617-1041434	28	11	0.7918	NA	1	4.0325	Viruses;Duplodnaviria;Heunggongvirae;Uroviricota;Caudoviricetes;;
ISP18721	contig_26	2425	No terminal repeats	NA	3	11	0.9783	NA	2	4.7360	Viruses;Duplodnaviria;Heunggongvirae;Uroviricota;Caudoviricetes;;
ISP18721	contig_25	2458	No terminal repeats	NA	3	11	0.9756	NA	2	4.7360	Viruses;Duplodnaviria;Heunggongvirae;Uroviricota;Caudoviricetes;;
ISP18721	contig_1|provirus_976818_987307	10490	Provirus	976818-987307	10	11	0.9738	NA	5	9.9164	Viruses;Duplodnaviria;Heunggongvirae;Uroviricota;Caudoviricetes;;
ISP18721	contig_2|provirus_572080_586453	14374	Provirus	572080-586453	18	11	0.9737	NA	6	17.2942	Viruses;Duplodnaviria;Heunggongvirae;Uroviricota;Caudoviricetes;;
ISP18721	contig_23	4708	No terminal repeats	NA	5	11	0.9733	NA	4	5.4114	Viruses;Duplodnaviria;Heunggongvirae;Uroviricota;Caudoviricetes;;
ISP18721	contig_11|provirus_145380_160251	14872	Provirus	145380-160251	19	11	0.9710	NA	5	18.5230	Viruses;Duplodnaviria;Heunggongvirae;Uroviricota;Caudoviricetes;;
ISP18721	contig_1|provirus_785022_827069	42048	Provirus	785022-827069	56	11	0.9707	NA	13	56.2879	Viruses;Duplodnaviria;Heunggongvirae;Uroviricota;Caudoviricetes;;
ISP18721	contig_1|provirus_453865_488817	34953	Provirus	453865-488817	45	11	0.9692	NA	18	44.3271	Viruses;Duplodnaviria;Heunggongvirae;Uroviricota;Caudoviricetes;;
ISP18721	contig_29	1366	No terminal repeats	NA	3	11	0.9636	NA	2	3.9747	Viruses;Duplodnaviria;Heunggongvirae;Uroviricota;Caudoviricetes;;
ISP18721	contig_32	835	No terminal repeats	NA	3	11	0.9609	NA	2	4.4752	Viruses;Duplodnaviria;Heunggongvirae;Uroviricota;Caudoviricetes;;
ISP18721	contig_33	835	No terminal repeats	NA	3	11	0.9602	NA	2	4.4752	Viruses;Duplodnaviria;Heunggongvirae;Uroviricota;Caudoviricetes;;
ISP18721	contig_24	4113	No terminal repeats	NA	7	11	0.9582	NA	6	8.1706	Viruses;Duplodnaviria;Heunggongvirae;Uroviricota;Caudoviricetes;;
ISP18721	contig_22	5109	No terminal repeats	NA	7	11	0.9516	NA	5	8.0158	Viruses;Duplodnaviria;Heunggongvirae;Uroviricota;Caudoviricetes;;
ISP18721	contig_37	554	No terminal repeats	NA	2	11	0.8717	NA	1	1.6493	Viruses;Duplodnaviria;Heunggongvirae;Uroviricota;Caudoviricetes;;
ISP18721	contig_38	554	No terminal repeats	NA	2	11	0.8570	NA	1	1.6493	Viruses;Duplodnaviria;Heunggongvirae;Uroviricota;Caudoviricetes;;
ISP18721	contig_43	357	No terminal repeats	NA	1	11	0.7821	NA	1	1.3140	Viruses;Duplodnaviria;Heunggongvirae;Uroviricota;Caudoviricetes;;
ISP18721	contig_42	357	No terminal repeats	NA	1	11	0.7782	NA	1	1.3140	Viruses;Duplodnaviria;Heunggongvirae;Uroviricota;Caudoviricetes;;
ISP19321	contig_25	2425	No terminal repeats	NA	3	11	0.9783	NA	2	4.7360	Viruses;Duplodnaviria;Heunggongvirae;Uroviricota;Caudoviricetes;;
ISP19321	contig_24	2458	No terminal repeats	NA	3	11	0.9756	NA	2	4.7360	Viruses;Duplodnaviria;Heunggongvirae;Uroviricota;Caudoviricetes;;
ISP19321	contig_1|provirus_1248271_1258760	10490	Provirus	1248271-1258760	10	11	0.9738	NA	5	9.9164	Viruses;Duplodnaviria;Heunggongvirae;Uroviricota;Caudoviricetes;;
ISP19321	contig_22	4708	No terminal repeats	NA	5	11	0.9733	NA	4	5.4114	Viruses;Duplodnaviria;Heunggongvirae;Uroviricota;Caudoviricetes;;
ISP19321	contig_2|provirus_198_14571	14374	Provirus	198-14571	18	11	0.9719	NA	6	17.2942	Viruses;Duplodnaviria;Heunggongvirae;Uroviricota;Caudoviricetes;;
ISP19321	contig_1|provirus_1056475_1098522	42048	Provirus	1056475-1098522	56	11	0.9707	NA	13	56.2879	Viruses;Duplodnaviria;Heunggongvirae;Uroviricota;Caudoviricetes;;
ISP19321	contig_9|provirus_2_14873	14872	Provirus	2-14873	19	11	0.9695	NA	5	18.5230	Viruses;Duplodnaviria;Heunggongvirae;Uroviricota;Caudoviricetes;;
ISP19321	contig_1|provirus_725318_760270	34953	Provirus	725318-760270	45	11	0.9692	NA	18	44.3271	Viruses;Duplodnaviria;Heunggongvirae;Uroviricota;Caudoviricetes;;
ISP19321	contig_28	1366	No terminal repeats	NA	3	11	0.9611	NA	2	3.9747	Viruses;Duplodnaviria;Heunggongvirae;Uroviricota;Caudoviricetes;;
ISP19321	contig_31	835	No terminal repeats	NA	3	11	0.9609	NA	2	4.4752	Viruses;Duplodnaviria;Heunggongvirae;Uroviricota;Caudoviricetes;;
ISP19321	contig_32	835	No terminal repeats	NA	3	11	0.9606	NA	2	4.4752	Viruses;Duplodnaviria;Heunggongvirae;Uroviricota;Caudoviricetes;;
ISP19321	contig_23	4113	No terminal repeats	NA	7	11	0.9582	NA	6	8.1706	Viruses;Duplodnaviria;Heunggongvirae;Uroviricota;Caudoviricetes;;
ISP19321	contig_21	5109	No terminal repeats	NA	7	11	0.9516	NA	5	8.0158	Viruses;Duplodnaviria;Heunggongvirae;Uroviricota;Caudoviricetes;;
ISP19321	contig_36	554	No terminal repeats	NA	2	11	0.8717	NA	1	1.6493	Viruses;Duplodnaviria;Heunggongvirae;Uroviricota;Caudoviricetes;;
ISP19321	contig_37	554	No terminal repeats	NA	2	11	0.8364	NA	1	1.6493	Viruses;Duplodnaviria;Heunggongvirae;Uroviricota;Caudoviricetes;;
ISP19321	contig_41	357	No terminal repeats	NA	1	11	0.7821	NA	1	1.3140	Viruses;Duplodnaviria;Heunggongvirae;Uroviricota;Caudoviricetes;;
ISP19321	contig_40	357	No terminal repeats	NA	1	11	0.7782	NA	1	1.3140	Viruses;Duplodnaviria;Heunggongvirae;Uroviricota;Caudoviricetes;;
ISP19421	contig_24	2425	No terminal repeats	NA	3	11	0.9783	NA	2	4.7360	Viruses;Duplodnaviria;Heunggongvirae;Uroviricota;Caudoviricetes;;
ISP19421	contig_19	11725	No terminal repeats	NA	16	11	0.9744	NA	5	18.4381	Viruses;Duplodnaviria;Heunggongvirae;Uroviricota;Caudoviricetes;;
ISP19421	contig_1|provirus_542227_577945	35719	Provirus	542227-577945	44	11	0.9739	NA	22	48.7959	Viruses;Duplodnaviria;Heunggongvirae;Uroviricota;Caudoviricetes;;
ISP19421	contig_21	4708	No terminal repeats	NA	5	11	0.9702	NA	4	5.4114	Viruses;Duplodnaviria;Heunggongvirae;Uroviricota;Caudoviricetes;;
ISP19421	contig_1|provirus_727694_769741	42048	Provirus	727694-769741	56	11	0.9674	NA	13	56.2879	Viruses;Duplodnaviria;Heunggongvirae;Uroviricota;Caudoviricetes;;
ISP19421	contig_1|provirus_1065946_1100898	34953	Provirus	1065946-1100898	45	11	0.9666	NA	18	44.3271	Viruses;Duplodnaviria;Heunggongvirae;Uroviricota;Caudoviricetes;;
ISP19421	contig_27	1366	No terminal repeats	NA	3	11	0.9636	NA	2	3.9747	Viruses;Duplodnaviria;Heunggongvirae;Uroviricota;Caudoviricetes;;
ISP19421	contig_23	2638	No terminal repeats	NA	4	11	0.9634	NA	1	3.6772	Viruses;Duplodnaviria;Heunggongvirae;Uroviricota;Caudoviricetes;;
ISP19421	contig_30	835	No terminal repeats	NA	3	11	0.9609	NA	2	4.4752	Viruses;Duplodnaviria;Heunggongvirae;Uroviricota;Caudoviricetes;;
ISP19421	contig_22	4113	No terminal repeats	NA	7	11	0.9582	NA	6	8.1706	Viruses;Duplodnaviria;Heunggongvirae;Uroviricota;Caudoviricetes;;
ISP19421	contig_35	554	No terminal repeats	NA	2	11	0.8570	NA	1	1.6493	Viruses;Duplodnaviria;Heunggongvirae;Uroviricota;Caudoviricetes;;
ISP19421	contig_38	357	No terminal repeats	NA	1	11	0.7821	NA	1	1.3140	Viruses;Duplodnaviria;Heunggongvirae;Uroviricota;Caudoviricetes;;
ISP19621	contig_33	2425	No terminal repeats	NA	3	11	0.9783	NA	2	4.7360	Viruses;Duplodnaviria;Heunggongvirae;Uroviricota;Caudoviricetes;;
ISP19621	contig_32	2458	No terminal repeats	NA	3	11	0.9756	NA	2	4.7360	Viruses;Duplodnaviria;Heunggongvirae;Uroviricota;Caudoviricetes;;
ISP19621	contig_25	11725	No terminal repeats	NA	16	11	0.9744	NA	5	18.4381	Viruses;Duplodnaviria;Heunggongvirae;Uroviricota;Caudoviricetes;;
ISP19621	contig_26	5524	No terminal repeats	NA	6	11	0.9735	NA	4	6.5688	Viruses;Duplodnaviria;Heunggongvirae;Uroviricota;Caudoviricetes;;
ISP19621	contig_7|provirus_198_14571	14374	Provirus	198-14571	18	11	0.9719	NA	6	17.2942	Viruses;Duplodnaviria;Heunggongvirae;Uroviricota;Caudoviricetes;;
ISP19621	contig_29	4708	No terminal repeats	NA	5	11	0.9702	NA	4	5.4114	Viruses;Duplodnaviria;Heunggongvirae;Uroviricota;Caudoviricetes;;
ISP19621	contig_3|provirus_318135_353087	34953	Provirus	318135-353087	45	11	0.9692	NA	18	44.3271	Viruses;Duplodnaviria;Heunggongvirae;Uroviricota;Caudoviricetes;;
ISP19621	contig_4|provirus_154098_196145	42048	Provirus	154098-196145	56	11	0.9674	NA	13	56.2879	Viruses;Duplodnaviria;Heunggongvirae;Uroviricota;Caudoviricetes;;
ISP19621	contig_31	2638	No terminal repeats	NA	4	11	0.9653	NA	1	3.6772	Viruses;Duplodnaviria;Heunggongvirae;Uroviricota;Caudoviricetes;;
ISP19621	contig_36	1366	No terminal repeats	NA	3	11	0.9611	NA	2	3.9747	Viruses;Duplodnaviria;Heunggongvirae;Uroviricota;Caudoviricetes;;
ISP19621	contig_40	835	No terminal repeats	NA	3	11	0.9609	NA	2	4.4752	Viruses;Duplodnaviria;Heunggongvirae;Uroviricota;Caudoviricetes;;
ISP19621	contig_39	835	No terminal repeats	NA	3	11	0.9606	NA	2	4.4752	Viruses;Duplodnaviria;Heunggongvirae;Uroviricota;Caudoviricetes;;
ISP19621	contig_30	4113	No terminal repeats	NA	7	11	0.9539	NA	6	8.1706	Viruses;Duplodnaviria;Heunggongvirae;Uroviricota;Caudoviricetes;;
ISP19621	contig_28	5109	No terminal repeats	NA	7	11	0.9516	NA	5	8.0158	Viruses;Duplodnaviria;Heunggongvirae;Uroviricota;Caudoviricetes;;
ISP19621	contig_46	554	No terminal repeats	NA	2	11	0.8717	NA	1	1.6493	Viruses;Duplodnaviria;Heunggongvirae;Uroviricota;Caudoviricetes;;
ISP19621	contig_45	554	No terminal repeats	NA	2	11	0.8364	NA	1	1.6493	Viruses;Duplodnaviria;Heunggongvirae;Uroviricota;Caudoviricetes;;
ISP19621	contig_49	357	No terminal repeats	NA	1	11	0.7885	NA	1	1.3140	Viruses;Duplodnaviria;Heunggongvirae;Uroviricota;Caudoviricetes;;
ISP19621	contig_50	357	No terminal repeats	NA	1	11	0.7821	NA	1	1.3140	Viruses;Duplodnaviria;Heunggongvirae;Uroviricota;Caudoviricetes;;
ISP19721	contig_24	2425	No terminal repeats	NA	3	11	0.9789	NA	2	4.7360	Viruses;Duplodnaviria;Heunggongvirae;Uroviricota;Caudoviricetes;;
ISP19721	contig_23	2458	No terminal repeats	NA	3	11	0.9785	NA	2	4.7360	Viruses;Duplodnaviria;Heunggongvirae;Uroviricota;Caudoviricetes;;
ISP19721	contig_2|provirus_732989_743478	10490	Provirus	732989-743478	10	11	0.9738	NA	5	9.9164	Viruses;Duplodnaviria;Heunggongvirae;Uroviricota;Caudoviricetes;;
ISP19721	contig_21	4708	No terminal repeats	NA	5	11	0.9733	NA	4	5.4114	Viruses;Duplodnaviria;Heunggongvirae;Uroviricota;Caudoviricetes;;
ISP19721	contig_3|provirus_198_14571	14374	Provirus	198-14571	18	11	0.9719	NA	6	17.2942	Viruses;Duplodnaviria;Heunggongvirae;Uroviricota;Caudoviricetes;;
ISP19721	contig_2|provirus_541193_583240	42048	Provirus	541193-583240	56	11	0.9707	NA	13	56.2879	Viruses;Duplodnaviria;Heunggongvirae;Uroviricota;Caudoviricetes;;
ISP19721	contig_10|provirus_2_14873	14872	Provirus	2-14873	19	11	0.9695	NA	5	18.5230	Viruses;Duplodnaviria;Heunggongvirae;Uroviricota;Caudoviricetes;;
ISP19721	contig_2|provirus_210036_244988	34953	Provirus	210036-244988	45	11	0.9692	NA	18	44.3271	Viruses;Duplodnaviria;Heunggongvirae;Uroviricota;Caudoviricetes;;
ISP19721	contig_27	1366	No terminal repeats	NA	3	11	0.9611	NA	2	3.9747	Viruses;Duplodnaviria;Heunggongvirae;Uroviricota;Caudoviricetes;;
ISP19721	contig_31	835	No terminal repeats	NA	3	11	0.9609	NA	2	4.4752	Viruses;Duplodnaviria;Heunggongvirae;Uroviricota;Caudoviricetes;;
ISP19721	contig_30	835	No terminal repeats	NA	3	11	0.9602	NA	2	4.4752	Viruses;Duplodnaviria;Heunggongvirae;Uroviricota;Caudoviricetes;;
ISP19721	contig_22	4113	No terminal repeats	NA	7	11	0.9539	NA	6	8.1706	Viruses;Duplodnaviria;Heunggongvirae;Uroviricota;Caudoviricetes;;
ISP19721	contig_20	5109	No terminal repeats	NA	7	11	0.9516	NA	5	8.0158	Viruses;Duplodnaviria;Heunggongvirae;Uroviricota;Caudoviricetes;;
ISP19721	contig_35	554	No terminal repeats	NA	2	11	0.8673	NA	1	1.6493	Viruses;Duplodnaviria;Heunggongvirae;Uroviricota;Caudoviricetes;;
ISP19721	contig_36	554	No terminal repeats	NA	2	11	0.8364	NA	1	1.6493	Viruses;Duplodnaviria;Heunggongvirae;Uroviricota;Caudoviricetes;;
ISP19721	contig_38	357	No terminal repeats	NA	1	11	0.7885	NA	1	1.3140	Viruses;Duplodnaviria;Heunggongvirae;Uroviricota;Caudoviricetes;;
ISP19721	contig_39	357	No terminal repeats	NA	1	11	0.7821	NA	1	1.3140	Viruses;Duplodnaviria;Heunggongvirae;Uroviricota;Caudoviricetes;;
ISP20021	contig_24	2425	No terminal repeats	NA	3	11	0.9789	NA	2	4.7360	Viruses;Duplodnaviria;Heunggongvirae;Uroviricota;Caudoviricetes;;
ISP20021	contig_23	2458	No terminal repeats	NA	3	11	0.9785	NA	2	4.7360	Viruses;Duplodnaviria;Heunggongvirae;Uroviricota;Caudoviricetes;;
ISP20021	contig_2|provirus_572080_586453	14374	Provirus	572080-586453	18	11	0.9737	NA	6	17.2942	Viruses;Duplodnaviria;Heunggongvirae;Uroviricota;Caudoviricetes;;
ISP20021	contig_21	4708	No terminal repeats	NA	5	11	0.9733	NA	4	5.4114	Viruses;Duplodnaviria;Heunggongvirae;Uroviricota;Caudoviricetes;;
ISP20021	contig_1|provirus_2_10491	10490	Provirus	2-10491	10	11	0.9732	NA	5	9.9164	Viruses;Duplodnaviria;Heunggongvirae;Uroviricota;Caudoviricetes;;
ISP20021	contig_12|provirus_145205_160076	14872	Provirus	145205-160076	19	11	0.9710	NA	5	18.5230	Viruses;Duplodnaviria;Heunggongvirae;Uroviricota;Caudoviricetes;;
ISP20021	contig_1|provirus_160240_202287	42048	Provirus	160240-202287	56	11	0.9674	NA	13	56.2879	Viruses;Duplodnaviria;Heunggongvirae;Uroviricota;Caudoviricetes;;
ISP20021	contig_1|provirus_498492_533444	34953	Provirus	498492-533444	45	11	0.9666	NA	18	44.3271	Viruses;Duplodnaviria;Heunggongvirae;Uroviricota;Caudoviricetes;;
ISP20021	contig_27	1366	No terminal repeats	NA	3	11	0.9611	NA	2	3.9747	Viruses;Duplodnaviria;Heunggongvirae;Uroviricota;Caudoviricetes;;
ISP20021	contig_31	835	No terminal repeats	NA	3	11	0.9608	NA	2	4.4752	Viruses;Duplodnaviria;Heunggongvirae;Uroviricota;Caudoviricetes;;
ISP20021	contig_30	835	No terminal repeats	NA	3	11	0.9606	NA	2	4.4752	Viruses;Duplodnaviria;Heunggongvirae;Uroviricota;Caudoviricetes;;
ISP20021	contig_22	4113	No terminal repeats	NA	7	11	0.9539	NA	6	8.1706	Viruses;Duplodnaviria;Heunggongvirae;Uroviricota;Caudoviricetes;;
ISP20021	contig_20	5109	No terminal repeats	NA	7	11	0.9516	NA	5	8.0158	Viruses;Duplodnaviria;Heunggongvirae;Uroviricota;Caudoviricetes;;
ISP20021	contig_35	554	No terminal repeats	NA	2	11	0.8717	NA	1	1.6493	Viruses;Duplodnaviria;Heunggongvirae;Uroviricota;Caudoviricetes;;
ISP20021	contig_36	554	No terminal repeats	NA	2	11	0.8570	NA	1	1.6493	Viruses;Duplodnaviria;Heunggongvirae;Uroviricota;Caudoviricetes;;
ISP20021	contig_38	357	No terminal repeats	NA	1	11	0.7950	NA	1	1.3140	Viruses;Duplodnaviria;Heunggongvirae;Uroviricota;Caudoviricetes;;
ISP20021	contig_39	357	No terminal repeats	NA	1	11	0.7885	NA	1	1.3140	Viruses;Duplodnaviria;Heunggongvirae;Uroviricota;Caudoviricetes;;
ISP20422	contig_27	2458	No terminal repeats	NA	3	11	0.9785	NA	2	4.7360	Viruses;Duplodnaviria;Heunggongvirae;Uroviricota;Caudoviricetes;;
ISP20422	contig_28	2425	No terminal repeats	NA	3	11	0.9783	NA	2	4.7360	Viruses;Duplodnaviria;Heunggongvirae;Uroviricota;Caudoviricetes;;
ISP20422	contig_25	4708	No terminal repeats	NA	5	11	0.9733	NA	4	5.4114	Viruses;Duplodnaviria;Heunggongvirae;Uroviricota;Caudoviricetes;;
ISP20422	contig_1|provirus_2_10491	10490	Provirus	2-10491	10	11	0.9732	NA	5	9.9164	Viruses;Duplodnaviria;Heunggongvirae;Uroviricota;Caudoviricetes;;
ISP20422	contig_3|provirus_198_14571	14374	Provirus	198-14571	18	11	0.9719	NA	6	17.2942	Viruses;Duplodnaviria;Heunggongvirae;Uroviricota;Caudoviricetes;;
ISP20422	contig_11|provirus_145380_160251	14872	Provirus	145380-160251	19	11	0.9710	NA	5	18.5230	Viruses;Duplodnaviria;Heunggongvirae;Uroviricota;Caudoviricetes;;
ISP20422	contig_1|provirus_160240_202287	42048	Provirus	160240-202287	56	11	0.9674	NA	13	56.2879	Viruses;Duplodnaviria;Heunggongvirae;Uroviricota;Caudoviricetes;;
ISP20422	contig_1|provirus_498492_533444	34953	Provirus	498492-533444	45	11	0.9666	NA	18	44.3271	Viruses;Duplodnaviria;Heunggongvirae;Uroviricota;Caudoviricetes;;
ISP20422	contig_31	1366	No terminal repeats	NA	3	11	0.9611	NA	2	3.9747	Viruses;Duplodnaviria;Heunggongvirae;Uroviricota;Caudoviricetes;;
ISP20422	contig_35	835	No terminal repeats	NA	3	11	0.9609	NA	2	4.4752	Viruses;Duplodnaviria;Heunggongvirae;Uroviricota;Caudoviricetes;;
ISP20422	contig_34	835	No terminal repeats	NA	3	11	0.9602	NA	2	4.4752	Viruses;Duplodnaviria;Heunggongvirae;Uroviricota;Caudoviricetes;;
ISP20422	contig_24	5109	No terminal repeats	NA	7	11	0.9576	NA	5	8.0158	Viruses;Duplodnaviria;Heunggongvirae;Uroviricota;Caudoviricetes;;
ISP20422	contig_26	4113	No terminal repeats	NA	7	11	0.9539	NA	6	8.1706	Viruses;Duplodnaviria;Heunggongvirae;Uroviricota;Caudoviricetes;;
ISP20422	contig_39	554	No terminal repeats	NA	2	11	0.8717	NA	1	1.6493	Viruses;Duplodnaviria;Heunggongvirae;Uroviricota;Caudoviricetes;;
ISP20422	contig_40	554	No terminal repeats	NA	2	11	0.8364	NA	1	1.6493	Viruses;Duplodnaviria;Heunggongvirae;Uroviricota;Caudoviricetes;;
ISP20422	contig_43	357	No terminal repeats	NA	1	11	0.7821	NA	1	1.3140	Viruses;Duplodnaviria;Heunggongvirae;Uroviricota;Caudoviricetes;;
ISP20422	contig_42	357	No terminal repeats	NA	1	11	0.7782	NA	1	1.3140	Viruses;Duplodnaviria;Heunggongvirae;Uroviricota;Caudoviricetes;;
ISP205TRI712122	contig_25	8048	No terminal repeats	NA	13	11	0.9759	NA	4	15.6235	Viruses;Duplodnaviria;Heunggongvirae;Uroviricota;Caudoviricetes;;
ISP205TRI712122	contig_31	1588	No terminal repeats	NA	2	11	0.9740	NA	2	3.0323	Viruses;Duplodnaviria;Heunggongvirae;Uroviricota;Caudoviricetes;;
ISP205TRI712122	contig_33	1555	No terminal repeats	NA	2	11	0.9730	NA	2	3.0323	Viruses;Duplodnaviria;Heunggongvirae;Uroviricota;Caudoviricetes;;
ISP205TRI712122	contig_6|provirus_198_14571	14374	Provirus	198-14571	18	11	0.9719	NA	6	17.2942	Viruses;Duplodnaviria;Heunggongvirae;Uroviricota;Caudoviricetes;;
ISP205TRI712122	contig_1|provirus_620168_662215	42048	Provirus	620168-662215	56	11	0.9707	NA	13	56.2879	Viruses;Duplodnaviria;Heunggongvirae;Uroviricota;Caudoviricetes;;
ISP205TRI712122	contig_1|provirus_289911_324863	34953	Provirus	289911-324863	45	11	0.9692	NA	18	44.3271	Viruses;Duplodnaviria;Heunggongvirae;Uroviricota;Caudoviricetes;;
ISP205TRI712122	contig_27	2643	No terminal repeats	NA	4	11	0.9661	NA	1	3.6772	Viruses;Duplodnaviria;Heunggongvirae;Uroviricota;Caudoviricetes;;
ISP205TRI712122	contig_19|provirus_70306_85753	15448	Provirus	70306-85753	16	11	0.9649	NA	9	16.5476	Viruses;Duplodnaviria;Heunggongvirae;Uroviricota;Caudoviricetes;;
ISP205TRI712122	contig_36	1366	No terminal repeats	NA	3	11	0.9636	NA	2	3.9747	Viruses;Duplodnaviria;Heunggongvirae;Uroviricota;Caudoviricetes;;
ISP205TRI712122	contig_39	726	No terminal repeats	NA	3	11	0.9583	NA	2	4.4752	Viruses;Duplodnaviria;Heunggongvirae;Uroviricota;Caudoviricetes;;
ISP205TRI712122	contig_38	726	No terminal repeats	NA	3	11	0.9570	NA	2	4.4752	Viruses;Duplodnaviria;Heunggongvirae;Uroviricota;Caudoviricetes;;
ISP205TRI712122	contig_48	469	No terminal repeats	NA	1	11	0.9434	NA	1	1.6493	Viruses;Duplodnaviria;Heunggongvirae;Uroviricota;Caudoviricetes;;
ISP205TRI712122	contig_32	1569	No terminal repeats	NA	1	11	0.9294	NA	1	1.3602	Viruses;Duplodnaviria;Heunggongvirae;Uroviricota;Caudoviricetes;;
ISP205TRI712122	contig_37	791	No terminal repeats	NA	2	11	0.9140	NA	2	2.6253	Viruses;Duplodnaviria;Heunggongvirae;Uroviricota;Caudoviricetes;;
ISP205TRI712122	contig_26	2802	No terminal repeats	NA	6	11	0.8895	NA	4	5.4075	Viruses;Duplodnaviria;Heunggongvirae;Uroviricota;Caudoviricetes;;
ISP205TRI712122	contig_67	252	No terminal repeats	NA	2	11	0.8750	NA	2	2.9675	Viruses;Duplodnaviria;Heunggongvirae;Uroviricota;Caudoviricetes;;
ISP205TRI712122	contig_29	1738	No terminal repeats	NA	2	11	0.8606	NA	1	1.4689	Viruses;Duplodnaviria;Heunggongvirae;Uroviricota;Caudoviricetes;;
ISP205TRI712122	contig_47	491	No terminal repeats	NA	2	11	0.8497	NA	1	1.4509	Viruses;Duplodnaviria;Heunggongvirae;Uroviricota;Caudoviricetes;;
ISP205TRI712122	contig_46	540	No terminal repeats	NA	1	11	0.7136	NA	1	1.3122	Viruses;Duplodnaviria;Heunggongvirae;Uroviricota;Caudoviricetes;;
ISP206AE49822	contig_25	2425	No terminal repeats	NA	3	11	0.9789	NA	2	4.7360	Viruses;Duplodnaviria;Heunggongvirae;Uroviricota;Caudoviricetes;;
ISP206AE49822	contig_24	2458	No terminal repeats	NA	3	11	0.9785	NA	2	4.7360	Viruses;Duplodnaviria;Heunggongvirae;Uroviricota;Caudoviricetes;;
ISP206AE49822	contig_22	4708	No terminal repeats	NA	5	11	0.9733	NA	4	5.4114	Viruses;Duplodnaviria;Heunggongvirae;Uroviricota;Caudoviricetes;;
ISP206AE49822	contig_1|provirus_2_10491	10490	Provirus	2-10491	10	11	0.9732	NA	5	9.9164	Viruses;Duplodnaviria;Heunggongvirae;Uroviricota;Caudoviricetes;;
ISP206AE49822	contig_3|provirus_198_14571	14374	Provirus	198-14571	18	11	0.9719	NA	6	17.2942	Viruses;Duplodnaviria;Heunggongvirae;Uroviricota;Caudoviricetes;;
ISP206AE49822	contig_12|provirus_145205_160076	14872	Provirus	145205-160076	19	11	0.9710	NA	5	18.5230	Viruses;Duplodnaviria;Heunggongvirae;Uroviricota;Caudoviricetes;;
ISP206AE49822	contig_1|provirus_160240_202287	42048	Provirus	160240-202287	56	11	0.9674	NA	13	56.2879	Viruses;Duplodnaviria;Heunggongvirae;Uroviricota;Caudoviricetes;;
ISP206AE49822	contig_1|provirus_498264_533216	34953	Provirus	498264-533216	45	11	0.9666	NA	18	44.3271	Viruses;Duplodnaviria;Heunggongvirae;Uroviricota;Caudoviricetes;;
ISP206AE49822	contig_27	1366	No terminal repeats	NA	3	11	0.9611	NA	2	3.9747	Viruses;Duplodnaviria;Heunggongvirae;Uroviricota;Caudoviricetes;;
ISP206AE49822	contig_28	835	No terminal repeats	NA	3	11	0.9608	NA	2	4.4752	Viruses;Duplodnaviria;Heunggongvirae;Uroviricota;Caudoviricetes;;
ISP206AE49822	contig_29	835	No terminal repeats	NA	3	11	0.9606	NA	2	4.4752	Viruses;Duplodnaviria;Heunggongvirae;Uroviricota;Caudoviricetes;;
ISP206AE49822	contig_23	4113	No terminal repeats	NA	7	11	0.9582	NA	6	8.1706	Viruses;Duplodnaviria;Heunggongvirae;Uroviricota;Caudoviricetes;;
ISP206AE49822	contig_21	5109	No terminal repeats	NA	7	11	0.9576	NA	5	8.0158	Viruses;Duplodnaviria;Heunggongvirae;Uroviricota;Caudoviricetes;;
ISP206AE49822	contig_33	554	No terminal repeats	NA	2	11	0.8717	NA	1	1.6493	Viruses;Duplodnaviria;Heunggongvirae;Uroviricota;Caudoviricetes;;
ISP206AE49822	contig_34	554	No terminal repeats	NA	2	11	0.8570	NA	1	1.6493	Viruses;Duplodnaviria;Heunggongvirae;Uroviricota;Caudoviricetes;;
ISP206AE49822	contig_38	357	No terminal repeats	NA	1	11	0.7950	NA	1	1.3140	Viruses;Duplodnaviria;Heunggongvirae;Uroviricota;Caudoviricetes;;
ISP206AE49822	contig_37	357	No terminal repeats	NA	1	11	0.7782	NA	1	1.3140	Viruses;Duplodnaviria;Heunggongvirae;Uroviricota;Caudoviricetes;;
ISP207KrafftsSiegerlnder22	contig_29	2425	No terminal repeats	NA	3	11	0.9789	NA	2	4.7360	Viruses;Duplodnaviria;Heunggongvirae;Uroviricota;Caudoviricetes;;
ISP207KrafftsSiegerlnder22	contig_28	2458	No terminal repeats	NA	3	11	0.9756	NA	2	4.7360	Viruses;Duplodnaviria;Heunggongvirae;Uroviricota;Caudoviricetes;;
ISP207KrafftsSiegerlnder22	contig_11|provirus_1_13040	13040	Provirus	1-13040	18	11	0.9737	NA	5	17.2965	Viruses;Duplodnaviria;Heunggongvirae;Uroviricota;Caudoviricetes;;
ISP207KrafftsSiegerlnder22	contig_25	4708	No terminal repeats	NA	5	11	0.9733	NA	4	5.4114	Viruses;Duplodnaviria;Heunggongvirae;Uroviricota;Caudoviricetes;;
ISP207KrafftsSiegerlnder22	contig_1|provirus_648893_690940	42048	Provirus	648893-690940	56	11	0.9707	NA	13	56.2879	Viruses;Duplodnaviria;Heunggongvirae;Uroviricota;Caudoviricetes;;
ISP207KrafftsSiegerlnder22	contig_5|provirus_1_10569	10569	Provirus	1-10569	15	11	0.9695	NA	6	16.0677	Viruses;Duplodnaviria;Heunggongvirae;Uroviricota;Caudoviricetes;;
ISP207KrafftsSiegerlnder22	contig_1|provirus_318135_353087	34953	Provirus	318135-353087	45	11	0.9692	NA	18	44.3271	Viruses;Duplodnaviria;Heunggongvirae;Uroviricota;Caudoviricetes;;
ISP207KrafftsSiegerlnder22	contig_1|provirus_840689_856453	15765	Provirus	840689-856453	17	11	0.9668	NA	10	17.9322	Viruses;Duplodnaviria;Heunggongvirae;Uroviricota;Caudoviricetes;;
ISP207KrafftsSiegerlnder22	contig_33	1366	No terminal repeats	NA	3	11	0.9636	NA	2	3.9747	Viruses;Duplodnaviria;Heunggongvirae;Uroviricota;Caudoviricetes;;
ISP207KrafftsSiegerlnder22	contig_37	835	No terminal repeats	NA	3	11	0.9608	NA	2	4.4752	Viruses;Duplodnaviria;Heunggongvirae;Uroviricota;Caudoviricetes;;
ISP207KrafftsSiegerlnder22	contig_36	835	No terminal repeats	NA	3	11	0.9602	NA	2	4.4752	Viruses;Duplodnaviria;Heunggongvirae;Uroviricota;Caudoviricetes;;
ISP207KrafftsSiegerlnder22	contig_26	4113	No terminal repeats	NA	7	11	0.9582	NA	6	8.1706	Viruses;Duplodnaviria;Heunggongvirae;Uroviricota;Caudoviricetes;;
ISP207KrafftsSiegerlnder22	contig_44	357	No terminal repeats	NA	1	11	0.7821	NA	1	1.3140	Viruses;Duplodnaviria;Heunggongvirae;Uroviricota;Caudoviricetes;;
ISP207KrafftsSiegerlnder22	contig_45	357	No terminal repeats	NA	1	11	0.7782	NA	1	1.3140	Viruses;Duplodnaviria;Heunggongvirae;Uroviricota;Caudoviricetes;;
ISP207KrafftsSiegerlnder22	contig_27	3883	No terminal repeats	NA	3	11	0.7004	NA	0	1.2265	Viruses;Duplodnaviria;Heunggongvirae;Uroviricota;Caudoviricetes;;
ISP208StrubesDickkopf22	contig_28	2425	No terminal repeats	NA	3	11	0.9789	NA	2	4.7360	Viruses;Duplodnaviria;Heunggongvirae;Uroviricota;Caudoviricetes;;
ISP208StrubesDickkopf22	contig_27	2458	No terminal repeats	NA	3	11	0.9785	NA	2	4.7360	Viruses;Duplodnaviria;Heunggongvirae;Uroviricota;Caudoviricetes;;
ISP208StrubesDickkopf22	contig_7|provirus_183690_198063	14374	Provirus	183690-198063	18	11	0.9737	NA	6	17.2942	Viruses;Duplodnaviria;Heunggongvirae;Uroviricota;Caudoviricetes;;
ISP208StrubesDickkopf22	contig_25	4708	No terminal repeats	NA	5	11	0.9733	NA	4	5.4114	Viruses;Duplodnaviria;Heunggongvirae;Uroviricota;Caudoviricetes;;
ISP208StrubesDickkopf22	contig_4|provirus_2_10491	10490	Provirus	2-10491	10	11	0.9732	NA	5	9.9164	Viruses;Duplodnaviria;Heunggongvirae;Uroviricota;Caudoviricetes;;
ISP208StrubesDickkopf22	contig_12|provirus_2_14873	14872	Provirus	2-14873	19	11	0.9695	NA	5	18.5230	Viruses;Duplodnaviria;Heunggongvirae;Uroviricota;Caudoviricetes;;
ISP208StrubesDickkopf22	contig_3|provirus_318135_353087	34953	Provirus	318135-353087	45	11	0.9692	NA	18	44.3271	Viruses;Duplodnaviria;Heunggongvirae;Uroviricota;Caudoviricetes;;
ISP208StrubesDickkopf22	contig_4|provirus_160240_202287	42048	Provirus	160240-202287	56	11	0.9674	NA	13	56.2879	Viruses;Duplodnaviria;Heunggongvirae;Uroviricota;Caudoviricetes;;
ISP208StrubesDickkopf22	contig_31	1366	No terminal repeats	NA	3	11	0.9636	NA	2	3.9747	Viruses;Duplodnaviria;Heunggongvirae;Uroviricota;Caudoviricetes;;
ISP208StrubesDickkopf22	contig_35	835	No terminal repeats	NA	3	11	0.9609	NA	2	4.4752	Viruses;Duplodnaviria;Heunggongvirae;Uroviricota;Caudoviricetes;;
ISP208StrubesDickkopf22	contig_34	835	No terminal repeats	NA	3	11	0.9602	NA	2	4.4752	Viruses;Duplodnaviria;Heunggongvirae;Uroviricota;Caudoviricetes;;
ISP208StrubesDickkopf22	contig_26	4113	No terminal repeats	NA	7	11	0.9582	NA	6	8.1706	Viruses;Duplodnaviria;Heunggongvirae;Uroviricota;Caudoviricetes;;
ISP208StrubesDickkopf22	contig_24	5109	No terminal repeats	NA	7	11	0.9516	NA	5	8.0158	Viruses;Duplodnaviria;Heunggongvirae;Uroviricota;Caudoviricetes;;
ISP208StrubesDickkopf22	contig_39	554	No terminal repeats	NA	2	11	0.8673	NA	1	1.6493	Viruses;Duplodnaviria;Heunggongvirae;Uroviricota;Caudoviricetes;;
ISP208StrubesDickkopf22	contig_40	554	No terminal repeats	NA	2	11	0.8570	NA	1	1.6493	Viruses;Duplodnaviria;Heunggongvirae;Uroviricota;Caudoviricetes;;
ISP208StrubesDickkopf22	contig_43	357	No terminal repeats	NA	1	11	0.7885	NA	1	1.3140	Viruses;Duplodnaviria;Heunggongvirae;Uroviricota;Caudoviricetes;;
ISP208StrubesDickkopf22	contig_42	357	No terminal repeats	NA	1	11	0.7821	NA	1	1.3140	Viruses;Duplodnaviria;Heunggongvirae;Uroviricota;Caudoviricetes;;
ISP211TRI199822	contig_32	2425	No terminal repeats	NA	3	11	0.9789	NA	2	4.7360	Viruses;Duplodnaviria;Heunggongvirae;Uroviricota;Caudoviricetes;;
ISP211TRI199822	contig_31	2458	No terminal repeats	NA	3	11	0.9756	NA	2	4.7360	Viruses;Duplodnaviria;Heunggongvirae;Uroviricota;Caudoviricetes;;
ISP211TRI199822	contig_26	9892	No terminal repeats	NA	15	11	0.9741	NA	5	17.2116	Viruses;Duplodnaviria;Heunggongvirae;Uroviricota;Caudoviricetes;;
ISP211TRI199822	contig_27	4708	No terminal repeats	NA	5	11	0.9733	NA	4	5.4114	Viruses;Duplodnaviria;Heunggongvirae;Uroviricota;Caudoviricetes;;
ISP211TRI199822	contig_5|provirus_1_10569	10569	Provirus	1-10569	15	11	0.9695	NA	6	16.0677	Viruses;Duplodnaviria;Heunggongvirae;Uroviricota;Caudoviricetes;;
ISP211TRI199822	contig_1|provirus_2_15766	15765	Provirus	2-15766	17	11	0.9680	NA	10	17.9322	Viruses;Duplodnaviria;Heunggongvirae;Uroviricota;Caudoviricetes;;
ISP211TRI199822	contig_1|provirus_165515_207562	42048	Provirus	165515-207562	56	11	0.9674	NA	13	56.2879	Viruses;Duplodnaviria;Heunggongvirae;Uroviricota;Caudoviricetes;;
ISP211TRI199822	contig_1|provirus_503539_538491	34953	Provirus	503539-538491	45	11	0.9666	NA	18	44.3271	Viruses;Duplodnaviria;Heunggongvirae;Uroviricota;Caudoviricetes;;
ISP211TRI199822	contig_30	2638	No terminal repeats	NA	4	11	0.9634	NA	1	3.6772	Viruses;Duplodnaviria;Heunggongvirae;Uroviricota;Caudoviricetes;;
ISP211TRI199822	contig_35	1366	No terminal repeats	NA	3	11	0.9611	NA	2	3.9747	Viruses;Duplodnaviria;Heunggongvirae;Uroviricota;Caudoviricetes;;
ISP211TRI199822	contig_36	835	No terminal repeats	NA	3	11	0.9609	NA	2	4.4752	Viruses;Duplodnaviria;Heunggongvirae;Uroviricota;Caudoviricetes;;
ISP211TRI199822	contig_37	835	No terminal repeats	NA	3	11	0.9606	NA	2	4.4752	Viruses;Duplodnaviria;Heunggongvirae;Uroviricota;Caudoviricetes;;
ISP211TRI199822	contig_28	4113	No terminal repeats	NA	7	11	0.9582	NA	6	8.1706	Viruses;Duplodnaviria;Heunggongvirae;Uroviricota;Caudoviricetes;;
ISP211TRI199822	contig_44	357	No terminal repeats	NA	1	11	0.7950	NA	1	1.3140	Viruses;Duplodnaviria;Heunggongvirae;Uroviricota;Caudoviricetes;;
ISP211TRI199822	contig_45	357	No terminal repeats	NA	1	11	0.7885	NA	1	1.3140	Viruses;Duplodnaviria;Heunggongvirae;Uroviricota;Caudoviricetes;;
ISP211TRI199822	contig_29	3883	No terminal repeats	NA	3	11	0.7004	NA	0	1.2265	Viruses;Duplodnaviria;Heunggongvirae;Uroviricota;Caudoviricetes;;
ISP212TRI626322	contig_20	2458	No terminal repeats	NA	3	11	0.9785	NA	2	4.7360	Viruses;Duplodnaviria;Heunggongvirae;Uroviricota;Caudoviricetes;;
ISP212TRI626322	contig_21	2425	No terminal repeats	NA	3	11	0.9783	NA	2	4.7360	Viruses;Duplodnaviria;Heunggongvirae;Uroviricota;Caudoviricetes;;
ISP212TRI626322	contig_1|provirus_1248271_1258760	10490	Provirus	1248271-1258760	10	11	0.9738	NA	5	9.9164	Viruses;Duplodnaviria;Heunggongvirae;Uroviricota;Caudoviricetes;;
ISP212TRI626322	contig_18	4708	No terminal repeats	NA	5	11	0.9733	NA	4	5.4114	Viruses;Duplodnaviria;Heunggongvirae;Uroviricota;Caudoviricetes;;
ISP212TRI626322	contig_4|provirus_198_14571	14374	Provirus	198-14571	18	11	0.9719	NA	6	17.2942	Viruses;Duplodnaviria;Heunggongvirae;Uroviricota;Caudoviricetes;;
ISP212TRI626322	contig_1|provirus_1056475_1098522	42048	Provirus	1056475-1098522	56	11	0.9707	NA	13	56.2879	Viruses;Duplodnaviria;Heunggongvirae;Uroviricota;Caudoviricetes;;
ISP212TRI626322	contig_10|provirus_2_14873	14872	Provirus	2-14873	19	11	0.9695	NA	5	18.5230	Viruses;Duplodnaviria;Heunggongvirae;Uroviricota;Caudoviricetes;;
ISP212TRI626322	contig_1|provirus_725318_760270	34953	Provirus	725318-760270	45	11	0.9692	NA	18	44.3271	Viruses;Duplodnaviria;Heunggongvirae;Uroviricota;Caudoviricetes;;
ISP212TRI626322	contig_24	1366	No terminal repeats	NA	3	11	0.9636	NA	2	3.9747	Viruses;Duplodnaviria;Heunggongvirae;Uroviricota;Caudoviricetes;;
ISP212TRI626322	contig_27	835	No terminal repeats	NA	3	11	0.9608	NA	2	4.4752	Viruses;Duplodnaviria;Heunggongvirae;Uroviricota;Caudoviricetes;;
ISP212TRI626322	contig_28	835	No terminal repeats	NA	3	11	0.9606	NA	2	4.4752	Viruses;Duplodnaviria;Heunggongvirae;Uroviricota;Caudoviricetes;;
ISP212TRI626322	contig_17	5109	No terminal repeats	NA	7	11	0.9576	NA	5	8.0158	Viruses;Duplodnaviria;Heunggongvirae;Uroviricota;Caudoviricetes;;
ISP212TRI626322	contig_19	4113	No terminal repeats	NA	7	11	0.9539	NA	6	8.1706	Viruses;Duplodnaviria;Heunggongvirae;Uroviricota;Caudoviricetes;;
ISP212TRI626322	contig_33	554	No terminal repeats	NA	2	11	0.8673	NA	1	1.6493	Viruses;Duplodnaviria;Heunggongvirae;Uroviricota;Caudoviricetes;;
ISP212TRI626322	contig_32	554	No terminal repeats	NA	2	11	0.8570	NA	1	1.6493	Viruses;Duplodnaviria;Heunggongvirae;Uroviricota;Caudoviricetes;;
ISP212TRI626322	contig_35	357	No terminal repeats	NA	1	11	0.7821	NA	1	1.3140	Viruses;Duplodnaviria;Heunggongvirae;Uroviricota;Caudoviricetes;;
ISP212TRI626322	contig_36	357	No terminal repeats	NA	1	11	0.7782	NA	1	1.3140	Viruses;Duplodnaviria;Heunggongvirae;Uroviricota;Caudoviricetes;;
ISP212TRI626322bis	contig_26	2425	No terminal repeats	NA	3	11	0.9789	NA	2	4.7360	Viruses;Duplodnaviria;Heunggongvirae;Uroviricota;Caudoviricetes;;
ISP212TRI626322bis	contig_25	2458	No terminal repeats	NA	3	11	0.9785	NA	2	4.7360	Viruses;Duplodnaviria;Heunggongvirae;Uroviricota;Caudoviricetes;;
ISP212TRI626322bis	contig_3|provirus_481346_495719	14374	Provirus	481346-495719	18	11	0.9737	NA	6	17.2942	Viruses;Duplodnaviria;Heunggongvirae;Uroviricota;Caudoviricetes;;
ISP212TRI626322bis	contig_4|provirus_2_10491	10490	Provirus	2-10491	10	11	0.9732	NA	5	9.9164	Viruses;Duplodnaviria;Heunggongvirae;Uroviricota;Caudoviricetes;;
ISP212TRI626322bis	contig_23	4875	No terminal repeats	NA	5	11	0.9715	NA	4	5.4114	Viruses;Duplodnaviria;Heunggongvirae;Uroviricota;Caudoviricetes;;
ISP212TRI626322bis	contig_12|provirus_145204_160075	14872	Provirus	145204-160075	19	11	0.9710	NA	5	18.5230	Viruses;Duplodnaviria;Heunggongvirae;Uroviricota;Caudoviricetes;;
ISP212TRI626322bis	contig_4|provirus_160240_202287	42048	Provirus	160240-202287	56	11	0.9674	NA	13	56.2879	Viruses;Duplodnaviria;Heunggongvirae;Uroviricota;Caudoviricetes;;
ISP212TRI626322bis	contig_5|provirus_28748_63700	34953	Provirus	28748-63700	45	11	0.9666	NA	18	44.3271	Viruses;Duplodnaviria;Heunggongvirae;Uroviricota;Caudoviricetes;;
ISP212TRI626322bis	contig_29	1366	No terminal repeats	NA	3	11	0.9611	NA	2	3.9747	Viruses;Duplodnaviria;Heunggongvirae;Uroviricota;Caudoviricetes;;
ISP212TRI626322bis	contig_33	835	No terminal repeats	NA	3	11	0.9608	NA	2	4.4752	Viruses;Duplodnaviria;Heunggongvirae;Uroviricota;Caudoviricetes;;
ISP212TRI626322bis	contig_32	835	No terminal repeats	NA	3	11	0.9606	NA	2	4.4752	Viruses;Duplodnaviria;Heunggongvirae;Uroviricota;Caudoviricetes;;
ISP212TRI626322bis	contig_24	4127	No terminal repeats	NA	7	11	0.9555	NA	6	8.1706	Viruses;Duplodnaviria;Heunggongvirae;Uroviricota;Caudoviricetes;;
ISP212TRI626322bis	contig_22	5109	No terminal repeats	NA	7	11	0.9516	NA	5	8.0158	Viruses;Duplodnaviria;Heunggongvirae;Uroviricota;Caudoviricetes;;
ISP212TRI626322bis	contig_38	554	No terminal repeats	NA	2	11	0.8717	NA	1	1.6493	Viruses;Duplodnaviria;Heunggongvirae;Uroviricota;Caudoviricetes;;
ISP212TRI626322bis	contig_37	554	No terminal repeats	NA	2	11	0.8364	NA	1	1.6493	Viruses;Duplodnaviria;Heunggongvirae;Uroviricota;Caudoviricetes;;
ISP212TRI626322bis	contig_40	357	No terminal repeats	NA	1	11	0.7885	NA	1	1.3140	Viruses;Duplodnaviria;Heunggongvirae;Uroviricota;Caudoviricetes;;
ISP212TRI626322bis	contig_41	357	No terminal repeats	NA	1	11	0.7821	NA	1	1.3140	Viruses;Duplodnaviria;Heunggongvirae;Uroviricota;Caudoviricetes;;
ISP213TRI44822	contig_12|provirus_1_13159	13159	Provirus	1-13159	19	11	0.9742	NA	5	18.5868	Viruses;Duplodnaviria;Heunggongvirae;Uroviricota;Caudoviricetes;;
ISP213TRI44822	contig_3|provirus_481346_505516	24171	Provirus	481346-505516	34	11	0.9732	NA	18	39.0217	Viruses;Duplodnaviria;Heunggongvirae;Uroviricota;Caudoviricetes;;
ISP213TRI44822	contig_27	1698	No terminal repeats	NA	2	11	0.9729	NA	2	3.0323	Viruses;Duplodnaviria;Heunggongvirae;Uroviricota;Caudoviricetes;;
ISP213TRI44822	contig_1|provirus_79055_121102	42048	Provirus	79055-121102	56	11	0.9674	NA	13	56.2879	Viruses;Duplodnaviria;Heunggongvirae;Uroviricota;Caudoviricetes;;
ISP213TRI44822	contig_1|provirus_417079_452031	34953	Provirus	417079-452031	45	11	0.9666	NA	18	44.3271	Viruses;Duplodnaviria;Heunggongvirae;Uroviricota;Caudoviricetes;;
ISP213TRI44822	contig_33	1070	No terminal repeats	NA	3	11	0.9640	NA	2	4.4752	Viruses;Duplodnaviria;Heunggongvirae;Uroviricota;Caudoviricetes;;
ISP213TRI44822	contig_32	1366	No terminal repeats	NA	3	11	0.9636	NA	2	3.9747	Viruses;Duplodnaviria;Heunggongvirae;Uroviricota;Caudoviricetes;;
ISP213TRI44822	contig_35	973	No terminal repeats	NA	2	11	0.9600	NA	2	2.5823	Viruses;Duplodnaviria;Heunggongvirae;Uroviricota;Caudoviricetes;;
ISP213TRI44822	contig_34	973	No terminal repeats	NA	2	11	0.9579	NA	2	2.5823	Viruses;Duplodnaviria;Heunggongvirae;Uroviricota;Caudoviricetes;;
ISP213TRI44822	contig_23	4474	No terminal repeats	NA	8	11	0.9568	NA	7	9.4720	Viruses;Duplodnaviria;Heunggongvirae;Uroviricota;Caudoviricetes;;
ISP213TRI44822	contig_55	238	No terminal repeats	NA	1	11	0.9392	NA	1	1.2922	Viruses;Duplodnaviria;Heunggongvirae;Uroviricota;Caudoviricetes;;
ISP213TRI44822	contig_56	238	No terminal repeats	NA	1	11	0.9381	NA	1	1.2922	Viruses;Duplodnaviria;Heunggongvirae;Uroviricota;Caudoviricetes;;
ISP213TRI44822	contig_24	2554	No terminal repeats	NA	3	11	0.9374	NA	1	2.6263	Viruses;Duplodnaviria;Heunggongvirae;Uroviricota;Caudoviricetes;;
ISP213TRI44822	contig_46	348	No terminal repeats	NA	1	11	0.9343	NA	1	1.7183	Viruses;Duplodnaviria;Heunggongvirae;Uroviricota;Caudoviricetes;;
ISP213TRI44822	contig_31	1416	No terminal repeats	NA	1	11	0.9223	NA	1	1.3602	Viruses;Duplodnaviria;Heunggongvirae;Uroviricota;Caudoviricetes;;
ISP213TRI44822	contig_30	1416	No terminal repeats	NA	1	11	0.9152	NA	1	1.3602	Viruses;Duplodnaviria;Heunggongvirae;Uroviricota;Caudoviricetes;;
ISP213TRI44822	contig_26	1738	No terminal repeats	NA	2	11	0.8606	NA	1	1.4689	Viruses;Duplodnaviria;Heunggongvirae;Uroviricota;Caudoviricetes;;
ISP215TRI44522	contig_23	2768	No terminal repeats	NA	5	11	0.9782	NA	4	7.5075	Viruses;Duplodnaviria;Heunggongvirae;Uroviricota;Caudoviricetes;;
ISP215TRI44522	contig_21	9892	No terminal repeats	NA	15	11	0.9741	NA	5	17.2116	Viruses;Duplodnaviria;Heunggongvirae;Uroviricota;Caudoviricetes;;
ISP215TRI44522	contig_4|provirus_481346_505516	24171	Provirus	481346-505516	34	11	0.9732	NA	18	39.0217	Viruses;Duplodnaviria;Heunggongvirae;Uroviricota;Caudoviricetes;;
ISP215TRI44522	contig_1|provirus_79055_121102	42048	Provirus	79055-121102	56	11	0.9674	NA	13	56.2879	Viruses;Duplodnaviria;Heunggongvirae;Uroviricota;Caudoviricetes;;
ISP215TRI44522	contig_1|provirus_416680_451632	34953	Provirus	416680-451632	45	11	0.9666	NA	18	44.3271	Viruses;Duplodnaviria;Heunggongvirae;Uroviricota;Caudoviricetes;;
ISP215TRI44522	contig_24	2638	No terminal repeats	NA	4	11	0.9653	NA	1	3.6772	Viruses;Duplodnaviria;Heunggongvirae;Uroviricota;Caudoviricetes;;
ISP215TRI44522	contig_32	1366	No terminal repeats	NA	3	11	0.9611	NA	2	3.9747	Viruses;Duplodnaviria;Heunggongvirae;Uroviricota;Caudoviricetes;;
ISP215TRI44522	contig_34	973	No terminal repeats	NA	2	11	0.9579	NA	2	2.5823	Viruses;Duplodnaviria;Heunggongvirae;Uroviricota;Caudoviricetes;;
ISP215TRI44522	contig_33	973	No terminal repeats	NA	2	11	0.9559	NA	2	2.5823	Viruses;Duplodnaviria;Heunggongvirae;Uroviricota;Caudoviricetes;;
ISP215TRI44522	contig_22	4474	No terminal repeats	NA	8	11	0.9535	NA	7	9.4720	Viruses;Duplodnaviria;Heunggongvirae;Uroviricota;Caudoviricetes;;
ISP215TRI44522	contig_45	348	No terminal repeats	NA	1	11	0.9473	NA	1	1.7183	Viruses;Duplodnaviria;Heunggongvirae;Uroviricota;Caudoviricetes;;
ISP215TRI44522	contig_54	238	No terminal repeats	NA	1	11	0.9402	NA	1	1.2922	Viruses;Duplodnaviria;Heunggongvirae;Uroviricota;Caudoviricetes;;
ISP215TRI44522	contig_55	238	No terminal repeats	NA	1	11	0.9393	NA	1	1.2922	Viruses;Duplodnaviria;Heunggongvirae;Uroviricota;Caudoviricetes;;
ISP215TRI44522	contig_25	2554	No terminal repeats	NA	3	11	0.9374	NA	1	2.6263	Viruses;Duplodnaviria;Heunggongvirae;Uroviricota;Caudoviricetes;;
ISP215TRI44522	contig_30	1416	No terminal repeats	NA	1	11	0.9231	NA	1	1.3602	Viruses;Duplodnaviria;Heunggongvirae;Uroviricota;Caudoviricetes;;
ISP215TRI44522	contig_31	1416	No terminal repeats	NA	1	11	0.9223	NA	1	1.3602	Viruses;Duplodnaviria;Heunggongvirae;Uroviricota;Caudoviricetes;;
ISP215TRI44522	contig_27	1738	No terminal repeats	NA	2	11	0.8606	NA	1	1.4689	Viruses;Duplodnaviria;Heunggongvirae;Uroviricota;Caudoviricetes;;
ISP216TRI410122	contig_23	2458	No terminal repeats	NA	3	11	0.9785	NA	2	4.7360	Viruses;Duplodnaviria;Heunggongvirae;Uroviricota;Caudoviricetes;;
ISP216TRI410122	contig_24	2425	No terminal repeats	NA	3	11	0.9783	NA	2	4.7360	Viruses;Duplodnaviria;Heunggongvirae;Uroviricota;Caudoviricetes;;
ISP216TRI410122	contig_6|provirus_311841_319580	7740	Provirus	311841-319580	9	11	0.9775	NA	5	9.0886	Viruses;Duplodnaviria;Heunggongvirae;Uroviricota;Caudoviricetes;;
ISP216TRI410122	contig_3|provirus_541117_555490	14374	Provirus	541117-555490	18	11	0.9737	NA	6	17.2942	Viruses;Duplodnaviria;Heunggongvirae;Uroviricota;Caudoviricetes;;
ISP216TRI410122	contig_5|provirus_2_10491	10490	Provirus	2-10491	10	11	0.9732	NA	5	9.9164	Viruses;Duplodnaviria;Heunggongvirae;Uroviricota;Caudoviricetes;;
ISP216TRI410122	contig_12|provirus_2_14873	14872	Provirus	2-14873	19	11	0.9695	NA	5	18.5230	Viruses;Duplodnaviria;Heunggongvirae;Uroviricota;Caudoviricetes;;
ISP216TRI410122	contig_1|provirus_79055_121102	42048	Provirus	79055-121102	56	11	0.9674	NA	13	56.2879	Viruses;Duplodnaviria;Heunggongvirae;Uroviricota;Caudoviricetes;;
ISP216TRI410122	contig_1|provirus_416908_451860	34953	Provirus	416908-451860	45	11	0.9666	NA	18	44.3271	Viruses;Duplodnaviria;Heunggongvirae;Uroviricota;Caudoviricetes;;
ISP216TRI410122	contig_27	1366	No terminal repeats	NA	3	11	0.9611	NA	2	3.9747	Viruses;Duplodnaviria;Heunggongvirae;Uroviricota;Caudoviricetes;;
ISP216TRI410122	contig_31	835	No terminal repeats	NA	3	11	0.9609	NA	2	4.4752	Viruses;Duplodnaviria;Heunggongvirae;Uroviricota;Caudoviricetes;;
ISP216TRI410122	contig_30	835	No terminal repeats	NA	3	11	0.9602	NA	2	4.4752	Viruses;Duplodnaviria;Heunggongvirae;Uroviricota;Caudoviricetes;;
ISP216TRI410122	contig_22	4127	No terminal repeats	NA	7	11	0.9536	NA	6	8.1706	Viruses;Duplodnaviria;Heunggongvirae;Uroviricota;Caudoviricetes;;
ISP216TRI410122	contig_21	5109	No terminal repeats	NA	7	11	0.9516	NA	5	8.0158	Viruses;Duplodnaviria;Heunggongvirae;Uroviricota;Caudoviricetes;;
ISP216TRI410122	contig_35	554	No terminal repeats	NA	2	11	0.8717	NA	1	1.6493	Viruses;Duplodnaviria;Heunggongvirae;Uroviricota;Caudoviricetes;;
ISP216TRI410122	contig_36	554	No terminal repeats	NA	2	11	0.8364	NA	1	1.6493	Viruses;Duplodnaviria;Heunggongvirae;Uroviricota;Caudoviricetes;;
ISP216TRI410122	contig_40	357	No terminal repeats	NA	1	11	0.7950	NA	1	1.3140	Viruses;Duplodnaviria;Heunggongvirae;Uroviricota;Caudoviricetes;;
ISP216TRI410122	contig_39	357	No terminal repeats	NA	1	11	0.7782	NA	1	1.3140	Viruses;Duplodnaviria;Heunggongvirae;Uroviricota;Caudoviricetes;;
ISP21EFSP3TBR18	contig_1|provirus_664428_684656	20229	Provirus	664428-684656	25	11	0.9787	NA	6	35.7808	Viruses;Duplodnaviria;Heunggongvirae;Uroviricota;Caudoviricetes;;
ISP21EFSP3TBR18	contig_4|provirus_435480_467402	31923	Provirus	435480-467402	41	11	0.9757	NA	23	48.8408	Viruses;Duplodnaviria;Heunggongvirae;Uroviricota;Caudoviricetes;;
ISP21EFSP3TBR18	contig_3|provirus_41335_59448	18114	Provirus	41335-59448	19	11	0.9329	NA	8	15.1513	Viruses;Duplodnaviria;Heunggongvirae;Uroviricota;Caudoviricetes;;
ISP21EFSP3TBR18	contig_2|provirus_167300_201742	34443	Provirus	167300-201742	43	11	0.9196	NA	15	26.9976	Viruses;Duplodnaviria;Heunggongvirae;Uroviricota;Caudoviricetes;;
ISP21EFSP3TBR18	contig_2|provirus_121092_137678	16587	Provirus	121092-137678	25	11	0.8412	NA	3	8.7048	Viruses;Duplodnaviria;Heunggongvirae;Uroviricota;Caudoviricetes;;
ISP222TRI432322	contig_3|provirus_46435_94023	47589	Provirus	46435-94023	63	11	0.9595	NA	10	43.8771	Viruses;Duplodnaviria;Heunggongvirae;Uroviricota;Caudoviricetes;;
ISP222TRI432322	contig_9|provirus_11955_38805	26851	Provirus	11955-38805	39	11	0.9574	NA	15	51.1016	Viruses;Duplodnaviria;Heunggongvirae;Uroviricota;Caudoviricetes;;
ISP222TRI432322	contig_26	16445	No terminal repeats	NA	28	11	0.9466	NA	4	23.8801	Viruses;Duplodnaviria;Heunggongvirae;Uroviricota;Caudoviricetes;;
ISP239TRI602222	contig_30	2458	No terminal repeats	NA	3	11	0.9785	NA	2	4.7360	Viruses;Duplodnaviria;Heunggongvirae;Uroviricota;Caudoviricetes;;
ISP239TRI602222	contig_31	2425	No terminal repeats	NA	3	11	0.9783	NA	2	4.7360	Viruses;Duplodnaviria;Heunggongvirae;Uroviricota;Caudoviricetes;;
ISP239TRI602222	contig_24	5524	No terminal repeats	NA	6	11	0.9735	NA	4	6.5688	Viruses;Duplodnaviria;Heunggongvirae;Uroviricota;Caudoviricetes;;
ISP239TRI602222	contig_3|provirus_480947_491515	10569	Provirus	480947-491515	15	11	0.9721	NA	6	16.0677	Viruses;Duplodnaviria;Heunggongvirae;Uroviricota;Caudoviricetes;;
ISP239TRI602222	contig_27	4722	No terminal repeats	NA	5	11	0.9713	NA	4	5.4114	Viruses;Duplodnaviria;Heunggongvirae;Uroviricota;Caudoviricetes;;
ISP239TRI602222	contig_11|provirus_145200_158239	13040	Provirus	145200-158239	18	11	0.9707	NA	5	17.2965	Viruses;Duplodnaviria;Heunggongvirae;Uroviricota;Caudoviricetes;;
ISP239TRI602222	contig_1|provirus_79055_121102	42048	Provirus	79055-121102	56	11	0.9674	NA	13	56.2879	Viruses;Duplodnaviria;Heunggongvirae;Uroviricota;Caudoviricetes;;
ISP239TRI602222	contig_1|provirus_417079_452031	34953	Provirus	417079-452031	45	11	0.9666	NA	18	44.3271	Viruses;Duplodnaviria;Heunggongvirae;Uroviricota;Caudoviricetes;;
ISP239TRI602222	contig_35	1366	No terminal repeats	NA	3	11	0.9611	NA	2	3.9747	Viruses;Duplodnaviria;Heunggongvirae;Uroviricota;Caudoviricetes;;
ISP239TRI602222	contig_38	835	No terminal repeats	NA	3	11	0.9608	NA	2	4.4752	Viruses;Duplodnaviria;Heunggongvirae;Uroviricota;Caudoviricetes;;
ISP239TRI602222	contig_39	835	No terminal repeats	NA	3	11	0.9602	NA	2	4.4752	Viruses;Duplodnaviria;Heunggongvirae;Uroviricota;Caudoviricetes;;
ISP239TRI602222	contig_26	5109	No terminal repeats	NA	7	11	0.9576	NA	5	8.0158	Viruses;Duplodnaviria;Heunggongvirae;Uroviricota;Caudoviricetes;;
ISP239TRI602222	contig_28	4127	No terminal repeats	NA	7	11	0.9536	NA	6	8.1706	Viruses;Duplodnaviria;Heunggongvirae;Uroviricota;Caudoviricetes;;
ISP239TRI602222	contig_45	357	No terminal repeats	NA	1	11	0.7950	NA	1	1.3140	Viruses;Duplodnaviria;Heunggongvirae;Uroviricota;Caudoviricetes;;
ISP239TRI602222	contig_44	357	No terminal repeats	NA	1	11	0.7782	NA	1	1.3140	Viruses;Duplodnaviria;Heunggongvirae;Uroviricota;Caudoviricetes;;
ISP239TRI602222	contig_29	3883	No terminal repeats	NA	3	11	0.7004	NA	0	1.2265	Viruses;Duplodnaviria;Heunggongvirae;Uroviricota;Caudoviricetes;;
ISP240TRI416822	contig_22	2425	No terminal repeats	NA	3	11	0.9783	NA	2	4.7360	Viruses;Duplodnaviria;Heunggongvirae;Uroviricota;Caudoviricetes;;
ISP240TRI416822	contig_21	2458	No terminal repeats	NA	3	11	0.9756	NA	2	4.7360	Viruses;Duplodnaviria;Heunggongvirae;Uroviricota;Caudoviricetes;;
ISP240TRI416822	contig_1|provirus_2_10491	10490	Provirus	2-10491	10	11	0.9732	NA	5	9.9164	Viruses;Duplodnaviria;Heunggongvirae;Uroviricota;Caudoviricetes;;
ISP240TRI416822	contig_3|provirus_198_14571	14374	Provirus	198-14571	18	11	0.9719	NA	6	17.2942	Viruses;Duplodnaviria;Heunggongvirae;Uroviricota;Caudoviricetes;;
ISP240TRI416822	contig_19	4875	No terminal repeats	NA	5	11	0.9715	NA	4	5.4114	Viruses;Duplodnaviria;Heunggongvirae;Uroviricota;Caudoviricetes;;
ISP240TRI416822	contig_11|provirus_2_14873	14872	Provirus	2-14873	19	11	0.9695	NA	5	18.5230	Viruses;Duplodnaviria;Heunggongvirae;Uroviricota;Caudoviricetes;;
ISP240TRI416822	contig_1|provirus_160240_202287	42048	Provirus	160240-202287	56	11	0.9674	NA	13	56.2879	Viruses;Duplodnaviria;Heunggongvirae;Uroviricota;Caudoviricetes;;
ISP240TRI416822	contig_1|provirus_498492_533444	34953	Provirus	498492-533444	45	11	0.9666	NA	18	44.3271	Viruses;Duplodnaviria;Heunggongvirae;Uroviricota;Caudoviricetes;;
ISP240TRI416822	contig_25	1366	No terminal repeats	NA	3	11	0.9636	NA	2	3.9747	Viruses;Duplodnaviria;Heunggongvirae;Uroviricota;Caudoviricetes;;
ISP240TRI416822	contig_29	835	No terminal repeats	NA	3	11	0.9608	NA	2	4.4752	Viruses;Duplodnaviria;Heunggongvirae;Uroviricota;Caudoviricetes;;
ISP240TRI416822	contig_28	835	No terminal repeats	NA	3	11	0.9606	NA	2	4.4752	Viruses;Duplodnaviria;Heunggongvirae;Uroviricota;Caudoviricetes;;
ISP240TRI416822	contig_18	5109	No terminal repeats	NA	7	11	0.9576	NA	5	8.0158	Viruses;Duplodnaviria;Heunggongvirae;Uroviricota;Caudoviricetes;;
ISP240TRI416822	contig_20	4127	No terminal repeats	NA	7	11	0.9555	NA	6	8.1706	Viruses;Duplodnaviria;Heunggongvirae;Uroviricota;Caudoviricetes;;
ISP240TRI416822	contig_33	554	No terminal repeats	NA	2	11	0.8673	NA	1	1.6493	Viruses;Duplodnaviria;Heunggongvirae;Uroviricota;Caudoviricetes;;
ISP240TRI416822	contig_34	554	No terminal repeats	NA	2	11	0.8570	NA	1	1.6493	Viruses;Duplodnaviria;Heunggongvirae;Uroviricota;Caudoviricetes;;
ISP240TRI416822	contig_37	357	No terminal repeats	NA	1	11	0.7950	NA	1	1.3140	Viruses;Duplodnaviria;Heunggongvirae;Uroviricota;Caudoviricetes;;
ISP240TRI416822	contig_36	357	No terminal repeats	NA	1	11	0.7885	NA	1	1.3140	Viruses;Duplodnaviria;Heunggongvirae;Uroviricota;Caudoviricetes;;
ISP242TRI586022	contig_19	10011	No terminal repeats	NA	16	11	0.9773	NA	5	18.5020	Viruses;Duplodnaviria;Heunggongvirae;Uroviricota;Caudoviricetes;;
ISP242TRI586022	contig_26	1698	No terminal repeats	NA	2	11	0.9745	NA	2	3.0323	Viruses;Duplodnaviria;Heunggongvirae;Uroviricota;Caudoviricetes;;
ISP242TRI586022	contig_4|provirus_1_24171	24171	Provirus	1-24171	34	11	0.9729	NA	18	39.0217	Viruses;Duplodnaviria;Heunggongvirae;Uroviricota;Caudoviricetes;;
ISP242TRI586022	contig_1|provirus_154098_196145	42048	Provirus	154098-196145	56	11	0.9674	NA	13	56.2879	Viruses;Duplodnaviria;Heunggongvirae;Uroviricota;Caudoviricetes;;
ISP242TRI586022	contig_1|provirus_491723_526675	34953	Provirus	491723-526675	45	11	0.9666	NA	18	44.3271	Viruses;Duplodnaviria;Heunggongvirae;Uroviricota;Caudoviricetes;;
ISP242TRI586022	contig_32	1366	No terminal repeats	NA	3	11	0.9636	NA	2	3.9747	Viruses;Duplodnaviria;Heunggongvirae;Uroviricota;Caudoviricetes;;
ISP242TRI586022	contig_22	2638	No terminal repeats	NA	4	11	0.9634	NA	1	3.6772	Viruses;Duplodnaviria;Heunggongvirae;Uroviricota;Caudoviricetes;;
ISP242TRI586022	contig_34	973	No terminal repeats	NA	2	11	0.9600	NA	2	2.5823	Viruses;Duplodnaviria;Heunggongvirae;Uroviricota;Caudoviricetes;;
ISP242TRI586022	contig_33	973	No terminal repeats	NA	2	11	0.9554	NA	2	2.5823	Viruses;Duplodnaviria;Heunggongvirae;Uroviricota;Caudoviricetes;;
ISP242TRI586022	contig_28	1574	No terminal repeats	NA	5	11	0.9532	NA	3	6.1244	Viruses;Duplodnaviria;Heunggongvirae;Uroviricota;Caudoviricetes;;
ISP242TRI586022	contig_21	3799	No terminal repeats	NA	7	11	0.9528	NA	6	8.1580	Viruses;Duplodnaviria;Heunggongvirae;Uroviricota;Caudoviricetes;;
ISP242TRI586022	contig_55	238	No terminal repeats	NA	1	11	0.9393	NA	1	1.2922	Viruses;Duplodnaviria;Heunggongvirae;Uroviricota;Caudoviricetes;;
ISP242TRI586022	contig_54	238	No terminal repeats	NA	1	11	0.9381	NA	1	1.2922	Viruses;Duplodnaviria;Heunggongvirae;Uroviricota;Caudoviricetes;;
ISP242TRI586022	contig_23	2554	No terminal repeats	NA	3	11	0.9374	NA	1	2.6263	Viruses;Duplodnaviria;Heunggongvirae;Uroviricota;Caudoviricetes;;
ISP242TRI586022	contig_30	1416	No terminal repeats	NA	1	11	0.9197	NA	1	1.3602	Viruses;Duplodnaviria;Heunggongvirae;Uroviricota;Caudoviricetes;;
ISP242TRI586022	contig_31	1416	No terminal repeats	NA	1	11	0.9152	NA	1	1.3602	Viruses;Duplodnaviria;Heunggongvirae;Uroviricota;Caudoviricetes;;
ISP242TRI586022	contig_25	1738	No terminal repeats	NA	2	11	0.8568	NA	1	1.4689	Viruses;Duplodnaviria;Heunggongvirae;Uroviricota;Caudoviricetes;;
ISP244TRI602222	contig_1|provirus_28_43114	43087	Provirus	28-43114	59	11	0.9256	NA	18	53.4606	Viruses;Duplodnaviria;Heunggongvirae;Uroviricota;Caudoviricetes;;
ISP244TRI602222	contig_22|provirus_30260_47849	17590	Provirus	30260-47849	20	11	0.9047	NA	5	16.6449	Viruses;Duplodnaviria;Heunggongvirae;Uroviricota;Caudoviricetes;;
ISP245AE20522	contig_26	2568	No terminal repeats	NA	3	11	0.9788	NA	2	4.7360	Viruses;Duplodnaviria;Heunggongvirae;Uroviricota;Caudoviricetes;;
ISP245AE20522	contig_21	11725	No terminal repeats	NA	16	11	0.9762	NA	5	18.4381	Viruses;Duplodnaviria;Heunggongvirae;Uroviricota;Caudoviricetes;;
ISP245AE20522	contig_1|provirus_572080_607798	35719	Provirus	572080-607798	44	11	0.9739	NA	22	48.7959	Viruses;Duplodnaviria;Heunggongvirae;Uroviricota;Caudoviricetes;;
ISP245AE20522	contig_23	4708	No terminal repeats	NA	5	11	0.9702	NA	4	5.4114	Viruses;Duplodnaviria;Heunggongvirae;Uroviricota;Caudoviricetes;;
ISP245AE20522	contig_1|provirus_757547_799594	42048	Provirus	757547-799594	56	11	0.9674	NA	13	56.2879	Viruses;Duplodnaviria;Heunggongvirae;Uroviricota;Caudoviricetes;;
ISP245AE20522	contig_1|provirus_1095799_1130751	34953	Provirus	1095799-1130751	45	11	0.9666	NA	18	44.3271	Viruses;Duplodnaviria;Heunggongvirae;Uroviricota;Caudoviricetes;;
ISP245AE20522	contig_25	2638	No terminal repeats	NA	4	11	0.9653	NA	1	3.6772	Viruses;Duplodnaviria;Heunggongvirae;Uroviricota;Caudoviricetes;;
ISP245AE20522	contig_30	1070	No terminal repeats	NA	3	11	0.9640	NA	2	4.4752	Viruses;Duplodnaviria;Heunggongvirae;Uroviricota;Caudoviricetes;;
ISP245AE20522	contig_29	1366	No terminal repeats	NA	3	11	0.9636	NA	2	3.9747	Viruses;Duplodnaviria;Heunggongvirae;Uroviricota;Caudoviricetes;;
ISP245AE20522	contig_24	4113	No terminal repeats	NA	7	11	0.9539	NA	6	8.1706	Viruses;Duplodnaviria;Heunggongvirae;Uroviricota;Caudoviricetes;;
ISP245AE20522	contig_33	739	No terminal repeats	NA	2	11	0.8619	NA	1	1.6493	Viruses;Duplodnaviria;Heunggongvirae;Uroviricota;Caudoviricetes;;
ISP246TRI430622	contig_1|provirus_275256_316428	41173	Provirus	275256-316428	59	11	0.9781	NA	15	67.8732	Viruses;Duplodnaviria;Heunggongvirae;Uroviricota;Caudoviricetes;;
ISP246TRI430622	contig_14|provirus_107650_125132	17483	Provirus	107650-125132	35	11	0.9431	NA	4	23.3598	Viruses;Duplodnaviria;Heunggongvirae;Uroviricota;Caudoviricetes;;
ISP246TRI430622	contig_8|provirus_63418_78255	14838	Provirus	63418-78255	27	11	0.9368	NA	0	10.9598	Viruses;Duplodnaviria;Heunggongvirae;Uroviricota;Caudoviricetes;;
ISP246TRI430622	contig_13|provirus_3_39934	39932	Provirus	3-39934	13	11	0.7974	NA	0	1.7948	Viruses;Duplodnaviria;Heunggongvirae;Uroviricota;Caudoviricetes;;
ISP248TRI821222	contig_33	2425	No terminal repeats	NA	3	11	0.9789	NA	2	4.7360	Viruses;Duplodnaviria;Heunggongvirae;Uroviricota;Caudoviricetes;;
ISP248TRI821222	contig_32	2458	No terminal repeats	NA	3	11	0.9785	NA	2	4.7360	Viruses;Duplodnaviria;Heunggongvirae;Uroviricota;Caudoviricetes;;
ISP248TRI821222	contig_27	9892	No terminal repeats	NA	15	11	0.9771	NA	5	17.2116	Viruses;Duplodnaviria;Heunggongvirae;Uroviricota;Caudoviricetes;;
ISP248TRI821222	contig_28	4708	No terminal repeats	NA	5	11	0.9733	NA	4	5.4114	Viruses;Duplodnaviria;Heunggongvirae;Uroviricota;Caudoviricetes;;
ISP248TRI821222	contig_3|provirus_480901_491469	10569	Provirus	480901-491469	15	11	0.9721	NA	6	16.0677	Viruses;Duplodnaviria;Heunggongvirae;Uroviricota;Caudoviricetes;;
ISP248TRI821222	contig_1|provirus_2_15766	15765	Provirus	2-15766	17	11	0.9680	NA	10	17.9322	Viruses;Duplodnaviria;Heunggongvirae;Uroviricota;Caudoviricetes;;
ISP248TRI821222	contig_1|provirus_165515_207562	42048	Provirus	165515-207562	56	11	0.9674	NA	13	56.2879	Viruses;Duplodnaviria;Heunggongvirae;Uroviricota;Caudoviricetes;;
ISP248TRI821222	contig_1|provirus_503539_538491	34953	Provirus	503539-538491	45	11	0.9666	NA	18	44.3271	Viruses;Duplodnaviria;Heunggongvirae;Uroviricota;Caudoviricetes;;
ISP248TRI821222	contig_31	2638	No terminal repeats	NA	4	11	0.9653	NA	1	3.6772	Viruses;Duplodnaviria;Heunggongvirae;Uroviricota;Caudoviricetes;;
ISP248TRI821222	contig_37	1366	No terminal repeats	NA	3	11	0.9636	NA	2	3.9747	Viruses;Duplodnaviria;Heunggongvirae;Uroviricota;Caudoviricetes;;
ISP248TRI821222	contig_41	835	No terminal repeats	NA	3	11	0.9609	NA	2	4.4752	Viruses;Duplodnaviria;Heunggongvirae;Uroviricota;Caudoviricetes;;
ISP248TRI821222	contig_40	835	No terminal repeats	NA	3	11	0.9606	NA	2	4.4752	Viruses;Duplodnaviria;Heunggongvirae;Uroviricota;Caudoviricetes;;
ISP248TRI821222	contig_29	4113	No terminal repeats	NA	7	11	0.9539	NA	6	8.1706	Viruses;Duplodnaviria;Heunggongvirae;Uroviricota;Caudoviricetes;;
ISP248TRI821222	contig_48	357	No terminal repeats	NA	1	11	0.7950	NA	1	1.3140	Viruses;Duplodnaviria;Heunggongvirae;Uroviricota;Caudoviricetes;;
ISP248TRI821222	contig_49	357	No terminal repeats	NA	1	11	0.7885	NA	1	1.3140	Viruses;Duplodnaviria;Heunggongvirae;Uroviricota;Caudoviricetes;;
ISP250TRI436722	contig_26	2425	No terminal repeats	NA	3	11	0.9789	NA	2	4.7360	Viruses;Duplodnaviria;Heunggongvirae;Uroviricota;Caudoviricetes;;
ISP250TRI436722	contig_25	2458	No terminal repeats	NA	3	11	0.9785	NA	2	4.7360	Viruses;Duplodnaviria;Heunggongvirae;Uroviricota;Caudoviricetes;;
ISP250TRI436722	contig_3|provirus_572080_586453	14374	Provirus	572080-586453	18	11	0.9737	NA	6	17.2942	Viruses;Duplodnaviria;Heunggongvirae;Uroviricota;Caudoviricetes;;
ISP250TRI436722	contig_23	4708	No terminal repeats	NA	5	11	0.9733	NA	4	5.4114	Viruses;Duplodnaviria;Heunggongvirae;Uroviricota;Caudoviricetes;;
ISP250TRI436722	contig_1|provirus_2_10491	10490	Provirus	2-10491	10	11	0.9732	NA	5	9.9164	Viruses;Duplodnaviria;Heunggongvirae;Uroviricota;Caudoviricetes;;
ISP250TRI436722	contig_10|provirus_145205_160076	14872	Provirus	145205-160076	19	11	0.9710	NA	5	18.5230	Viruses;Duplodnaviria;Heunggongvirae;Uroviricota;Caudoviricetes;;
ISP250TRI436722	contig_1|provirus_160240_202287	42048	Provirus	160240-202287	56	11	0.9674	NA	13	56.2879	Viruses;Duplodnaviria;Heunggongvirae;Uroviricota;Caudoviricetes;;
ISP250TRI436722	contig_1|provirus_498492_533444	34953	Provirus	498492-533444	45	11	0.9666	NA	18	44.3271	Viruses;Duplodnaviria;Heunggongvirae;Uroviricota;Caudoviricetes;;
ISP250TRI436722	contig_29	1366	No terminal repeats	NA	3	11	0.9611	NA	2	3.9747	Viruses;Duplodnaviria;Heunggongvirae;Uroviricota;Caudoviricetes;;
ISP250TRI436722	contig_32	835	No terminal repeats	NA	3	11	0.9608	NA	2	4.4752	Viruses;Duplodnaviria;Heunggongvirae;Uroviricota;Caudoviricetes;;
ISP250TRI436722	contig_33	835	No terminal repeats	NA	3	11	0.9606	NA	2	4.4752	Viruses;Duplodnaviria;Heunggongvirae;Uroviricota;Caudoviricetes;;
ISP250TRI436722	contig_24	4113	No terminal repeats	NA	7	11	0.9539	NA	6	8.1706	Viruses;Duplodnaviria;Heunggongvirae;Uroviricota;Caudoviricetes;;
ISP250TRI436722	contig_22	5109	No terminal repeats	NA	7	11	0.9516	NA	5	8.0158	Viruses;Duplodnaviria;Heunggongvirae;Uroviricota;Caudoviricetes;;
ISP250TRI436722	contig_38	554	No terminal repeats	NA	2	11	0.8673	NA	1	1.6493	Viruses;Duplodnaviria;Heunggongvirae;Uroviricota;Caudoviricetes;;
ISP250TRI436722	contig_39	554	No terminal repeats	NA	2	11	0.8570	NA	1	1.6493	Viruses;Duplodnaviria;Heunggongvirae;Uroviricota;Caudoviricetes;;
ISP250TRI436722	contig_43	357	No terminal repeats	NA	1	11	0.7950	NA	1	1.3140	Viruses;Duplodnaviria;Heunggongvirae;Uroviricota;Caudoviricetes;;
ISP250TRI436722	contig_42	357	No terminal repeats	NA	1	11	0.7885	NA	1	1.3140	Viruses;Duplodnaviria;Heunggongvirae;Uroviricota;Caudoviricetes;;
ISP252TRI416822	contig_4|provirus_198_14571	14374	Provirus	198-14571	18	11	0.9719	NA	6	17.2942	Viruses;Duplodnaviria;Heunggongvirae;Uroviricota;Caudoviricetes;;
ISP252TRI416822	contig_1|provirus_540521_582568	42048	Provirus	540521-582568	56	11	0.9707	NA	13	56.2879	Viruses;Duplodnaviria;Heunggongvirae;Uroviricota;Caudoviricetes;;
ISP252TRI416822	contig_15|provirus_2_11201	11200	Provirus	2-11201	15	11	0.9693	NA	4	15.7084	Viruses;Duplodnaviria;Heunggongvirae;Uroviricota;Caudoviricetes;;
ISP252TRI416822	contig_1|provirus_210036_244988	34953	Provirus	210036-244988	45	11	0.9692	NA	18	44.3271	Viruses;Duplodnaviria;Heunggongvirae;Uroviricota;Caudoviricetes;;
ISP252TRI416822	contig_42	1366	No terminal repeats	NA	3	11	0.9636	NA	2	3.9747	Viruses;Duplodnaviria;Heunggongvirae;Uroviricota;Caudoviricetes;;
ISP252TRI416822	contig_46	726	No terminal repeats	NA	3	11	0.9614	NA	2	4.4752	Viruses;Duplodnaviria;Heunggongvirae;Uroviricota;Caudoviricetes;;
ISP252TRI416822	contig_45	726	No terminal repeats	NA	3	11	0.9576	NA	2	4.4752	Viruses;Duplodnaviria;Heunggongvirae;Uroviricota;Caudoviricetes;;
ISP252TRI416822	contig_79	238	No terminal repeats	NA	1	11	0.9393	NA	1	1.2922	Viruses;Duplodnaviria;Heunggongvirae;Uroviricota;Caudoviricetes;;
ISP252TRI416822	contig_80	238	No terminal repeats	NA	1	11	0.9385	NA	1	1.7183	Viruses;Duplodnaviria;Heunggongvirae;Uroviricota;Caudoviricetes;;
ISP252TRI416822	contig_78	238	No terminal repeats	NA	1	11	0.9381	NA	1	1.2922	Viruses;Duplodnaviria;Heunggongvirae;Uroviricota;Caudoviricetes;;
ISP252TRI416822	contig_81	238	No terminal repeats	NA	1	11	0.9327	NA	1	1.7183	Viruses;Duplodnaviria;Heunggongvirae;Uroviricota;Caudoviricetes;;
ISP252TRI416822	contig_51	622	No terminal repeats	NA	1	11	0.9307	NA	1	1.3140	Viruses;Duplodnaviria;Heunggongvirae;Uroviricota;Caudoviricetes;;
ISP252TRI416822	contig_59	419	No terminal repeats	NA	1	11	0.9237	NA	1	1.7183	Viruses;Duplodnaviria;Heunggongvirae;Uroviricota;Caudoviricetes;;
ISP252TRI416822	contig_60	419	No terminal repeats	NA	1	11	0.9194	NA	1	1.7183	Viruses;Duplodnaviria;Heunggongvirae;Uroviricota;Caudoviricetes;;
ISP252TRI416822	contig_53	589	No terminal repeats	NA	1	11	0.8942	NA	1	1.3140	Viruses;Duplodnaviria;Heunggongvirae;Uroviricota;Caudoviricetes;;
ISP252TRI416822	contig_61	388	No terminal repeats	NA	1	11	0.8803	NA	1	1.4509	Viruses;Duplodnaviria;Heunggongvirae;Uroviricota;Caudoviricetes;;
ISP252TRI416822	contig_62	388	No terminal repeats	NA	1	11	0.8704	NA	1	1.4509	Viruses;Duplodnaviria;Heunggongvirae;Uroviricota;Caudoviricetes;;
ISP252TRI416822	contig_57	421	No terminal repeats	NA	2	11	0.8614	NA	1	1.4634	Viruses;Duplodnaviria;Heunggongvirae;Uroviricota;Caudoviricetes;;
ISP252TRI416822	contig_58	421	No terminal repeats	NA	2	11	0.8268	NA	1	1.4634	Viruses;Duplodnaviria;Heunggongvirae;Uroviricota;Caudoviricetes;;
ISP252TRI416822	contig_71	303	No terminal repeats	NA	1	11	0.8223	NA	1	1.4634	Viruses;Duplodnaviria;Heunggongvirae;Uroviricota;Caudoviricetes;;
ISP252TRI416822	contig_38	1901	No terminal repeats	NA	5	11	0.8129	NA	3	3.9441	Viruses;Duplodnaviria;Heunggongvirae;Uroviricota;Caudoviricetes;;
ISP252TRI416822	contig_37	2320	No terminal repeats	NA	5	11	0.7737	NA	3	3.9441	Viruses;Duplodnaviria;Heunggongvirae;Uroviricota;Caudoviricetes;;
ISP252TRI416822	contig_70	303	No terminal repeats	NA	1	11	0.7527	NA	1	1.4634	Viruses;Duplodnaviria;Heunggongvirae;Uroviricota;Caudoviricetes;;
ISP252TRI416822	contig_67	337	No terminal repeats	NA	1	11	0.7189	NA	1	1.3331	Viruses;Duplodnaviria;Heunggongvirae;Uroviricota;Caudoviricetes;;
ISP252TRI416822	contig_66	337	No terminal repeats	NA	1	11	0.7165	NA	1	1.3331	Viruses;Duplodnaviria;Heunggongvirae;Uroviricota;Caudoviricetes;;
ISP254TRI602222	contig_31	2425	No terminal repeats	NA	3	11	0.9789	NA	2	4.7360	Viruses;Duplodnaviria;Heunggongvirae;Uroviricota;Caudoviricetes;;
ISP254TRI602222	contig_30	2458	No terminal repeats	NA	3	11	0.9785	NA	2	4.7360	Viruses;Duplodnaviria;Heunggongvirae;Uroviricota;Caudoviricetes;;
ISP254TRI602222	contig_25	5524	No terminal repeats	NA	6	11	0.9735	NA	4	6.5688	Viruses;Duplodnaviria;Heunggongvirae;Uroviricota;Caudoviricetes;;
ISP254TRI602222	contig_28	4722	No terminal repeats	NA	5	11	0.9731	NA	4	5.4114	Viruses;Duplodnaviria;Heunggongvirae;Uroviricota;Caudoviricetes;;
ISP254TRI602222	contig_2|provirus_198_14571	14374	Provirus	198-14571	18	11	0.9719	NA	6	17.2942	Viruses;Duplodnaviria;Heunggongvirae;Uroviricota;Caudoviricetes;;
ISP254TRI602222	contig_9|provirus_145204_160075	14872	Provirus	145204-160075	19	11	0.9710	NA	5	18.5230	Viruses;Duplodnaviria;Heunggongvirae;Uroviricota;Caudoviricetes;;
ISP254TRI602222	contig_1|provirus_648681_690728	42048	Provirus	648681-690728	56	11	0.9707	NA	13	56.2879	Viruses;Duplodnaviria;Heunggongvirae;Uroviricota;Caudoviricetes;;
ISP254TRI602222	contig_1|provirus_318196_353148	34953	Provirus	318196-353148	45	11	0.9692	NA	18	44.3271	Viruses;Duplodnaviria;Heunggongvirae;Uroviricota;Caudoviricetes;;
ISP254TRI602222	contig_34	1366	No terminal repeats	NA	3	11	0.9611	NA	2	3.9747	Viruses;Duplodnaviria;Heunggongvirae;Uroviricota;Caudoviricetes;;
ISP254TRI602222	contig_37	835	No terminal repeats	NA	3	11	0.9609	NA	2	4.4752	Viruses;Duplodnaviria;Heunggongvirae;Uroviricota;Caudoviricetes;;
ISP254TRI602222	contig_36	835	No terminal repeats	NA	3	11	0.9606	NA	2	4.4752	Viruses;Duplodnaviria;Heunggongvirae;Uroviricota;Caudoviricetes;;
ISP254TRI602222	contig_27	5109	No terminal repeats	NA	7	11	0.9576	NA	5	8.0158	Viruses;Duplodnaviria;Heunggongvirae;Uroviricota;Caudoviricetes;;
ISP254TRI602222	contig_29	4127	No terminal repeats	NA	7	11	0.9536	NA	6	8.1706	Viruses;Duplodnaviria;Heunggongvirae;Uroviricota;Caudoviricetes;;
ISP254TRI602222	contig_42	554	No terminal repeats	NA	2	11	0.8673	NA	1	1.6493	Viruses;Duplodnaviria;Heunggongvirae;Uroviricota;Caudoviricetes;;
ISP254TRI602222	contig_41	554	No terminal repeats	NA	2	11	0.8570	NA	1	1.6493	Viruses;Duplodnaviria;Heunggongvirae;Uroviricota;Caudoviricetes;;
ISP254TRI602222	contig_46	357	No terminal repeats	NA	1	11	0.7821	NA	1	1.3140	Viruses;Duplodnaviria;Heunggongvirae;Uroviricota;Caudoviricetes;;
ISP254TRI602222	contig_45	357	No terminal repeats	NA	1	11	0.7782	NA	1	1.3140	Viruses;Duplodnaviria;Heunggongvirae;Uroviricota;Caudoviricetes;;
ISP255TRI430622	contig_29	2425	No terminal repeats	NA	3	11	0.9783	NA	2	4.7360	Viruses;Duplodnaviria;Heunggongvirae;Uroviricota;Caudoviricetes;;
ISP255TRI430622	contig_28	2458	No terminal repeats	NA	3	11	0.9756	NA	2	4.7360	Viruses;Duplodnaviria;Heunggongvirae;Uroviricota;Caudoviricetes;;
ISP255TRI430622	contig_5|provirus_314137_324626	10490	Provirus	314137-324626	10	11	0.9738	NA	5	9.9164	Viruses;Duplodnaviria;Heunggongvirae;Uroviricota;Caudoviricetes;;
ISP255TRI430622	contig_26	4708	No terminal repeats	NA	5	11	0.9733	NA	4	5.4114	Viruses;Duplodnaviria;Heunggongvirae;Uroviricota;Caudoviricetes;;
ISP255TRI430622	contig_8|provirus_198_14571	14374	Provirus	198-14571	18	11	0.9719	NA	6	17.2942	Viruses;Duplodnaviria;Heunggongvirae;Uroviricota;Caudoviricetes;;
ISP255TRI430622	contig_12|provirus_145204_160075	14872	Provirus	145204-160075	19	11	0.9710	NA	5	18.5230	Viruses;Duplodnaviria;Heunggongvirae;Uroviricota;Caudoviricetes;;
ISP255TRI430622	contig_1|provirus_649064_691111	42048	Provirus	649064-691111	56	11	0.9707	NA	13	56.2879	Viruses;Duplodnaviria;Heunggongvirae;Uroviricota;Caudoviricetes;;
ISP255TRI430622	contig_1|provirus_318135_353087	34953	Provirus	318135-353087	45	11	0.9692	NA	18	44.3271	Viruses;Duplodnaviria;Heunggongvirae;Uroviricota;Caudoviricetes;;
ISP255TRI430622	contig_32	1366	No terminal repeats	NA	3	11	0.9636	NA	2	3.9747	Viruses;Duplodnaviria;Heunggongvirae;Uroviricota;Caudoviricetes;;
ISP255TRI430622	contig_36	835	No terminal repeats	NA	3	11	0.9609	NA	2	4.4752	Viruses;Duplodnaviria;Heunggongvirae;Uroviricota;Caudoviricetes;;
ISP255TRI430622	contig_35	835	No terminal repeats	NA	3	11	0.9606	NA	2	4.4752	Viruses;Duplodnaviria;Heunggongvirae;Uroviricota;Caudoviricetes;;
ISP255TRI430622	contig_25	5109	No terminal repeats	NA	7	11	0.9576	NA	5	8.0158	Viruses;Duplodnaviria;Heunggongvirae;Uroviricota;Caudoviricetes;;
ISP255TRI430622	contig_27	4113	No terminal repeats	NA	7	11	0.9539	NA	6	8.1706	Viruses;Duplodnaviria;Heunggongvirae;Uroviricota;Caudoviricetes;;
ISP255TRI430622	contig_41	554	No terminal repeats	NA	2	11	0.8717	NA	1	1.6493	Viruses;Duplodnaviria;Heunggongvirae;Uroviricota;Caudoviricetes;;
ISP255TRI430622	contig_40	554	No terminal repeats	NA	2	11	0.8570	NA	1	1.6493	Viruses;Duplodnaviria;Heunggongvirae;Uroviricota;Caudoviricetes;;
ISP255TRI430622	contig_47	357	No terminal repeats	NA	1	11	0.7950	NA	1	1.3140	Viruses;Duplodnaviria;Heunggongvirae;Uroviricota;Caudoviricetes;;
ISP255TRI430622	contig_46	357	No terminal repeats	NA	1	11	0.7885	NA	1	1.3140	Viruses;Duplodnaviria;Heunggongvirae;Uroviricota;Caudoviricetes;;
ISP256AE20522	contig_14|provirus_1_23692	23692	Provirus	1-23692	34	11	0.9724	NA	16	38.9509	Viruses;Duplodnaviria;Heunggongvirae;Uroviricota;Caudoviricetes;;
ISP256AE20522	contig_1|provirus_649035_691082	42048	Provirus	649035-691082	56	11	0.9707	NA	13	56.2879	Viruses;Duplodnaviria;Heunggongvirae;Uroviricota;Caudoviricetes;;
ISP256AE20522	contig_1|provirus_318277_353229	34953	Provirus	318277-353229	45	11	0.9692	NA	18	44.3271	Viruses;Duplodnaviria;Heunggongvirae;Uroviricota;Caudoviricetes;;
ISP256AE20522	contig_4|provirus_139_26726	26588	Provirus	139-26726	36	11	0.9679	NA	17	40.0369	Viruses;Duplodnaviria;Heunggongvirae;Uroviricota;Caudoviricetes;;
ISP256AE20522	contig_40	1366	No terminal repeats	NA	3	11	0.9611	NA	2	3.9747	Viruses;Duplodnaviria;Heunggongvirae;Uroviricota;Caudoviricetes;;
ISP256AE20522	contig_59	238	No terminal repeats	NA	1	11	0.9392	NA	1	1.2922	Viruses;Duplodnaviria;Heunggongvirae;Uroviricota;Caudoviricetes;;
ISP256AE20522	contig_58	238	No terminal repeats	NA	1	11	0.9381	NA	1	1.2922	Viruses;Duplodnaviria;Heunggongvirae;Uroviricota;Caudoviricetes;;
ISP256AE20522	contig_50	337	No terminal repeats	NA	1	11	0.7386	NA	1	1.3331	Viruses;Duplodnaviria;Heunggongvirae;Uroviricota;Caudoviricetes;;
ISP256AE20522	contig_51	337	No terminal repeats	NA	1	11	0.7189	NA	1	1.3331	Viruses;Duplodnaviria;Heunggongvirae;Uroviricota;Caudoviricetes;;
ISP256AE20522	contig_48	362	No terminal repeats	NA	2	11	0.7015	NA	1	1.1132	Viruses;Duplodnaviria;Heunggongvirae;Uroviricota;Caudoviricetes;;
ISP258TRI821222	contig_34|provirus_13061_26047	12987	Provirus	13061-26047	20	11	0.9000	NA	2	9.6535	Viruses;Duplodnaviria;Heunggongvirae;Uroviricota;Caudoviricetes;;
ISP258TRI821222bis	contig_32	2425	No terminal repeats	NA	3	11	0.9783	NA	2	4.7360	Viruses;Duplodnaviria;Heunggongvirae;Uroviricota;Caudoviricetes;;
ISP258TRI821222bis	contig_31	2458	No terminal repeats	NA	3	11	0.9756	NA	2	4.7360	Viruses;Duplodnaviria;Heunggongvirae;Uroviricota;Caudoviricetes;;
ISP258TRI821222bis	contig_3|provirus_198_14571	14374	Provirus	198-14571	18	11	0.9719	NA	6	17.2942	Viruses;Duplodnaviria;Heunggongvirae;Uroviricota;Caudoviricetes;;
ISP258TRI821222bis	contig_12|provirus_145380_160251	14872	Provirus	145380-160251	19	11	0.9710	NA	5	18.5230	Viruses;Duplodnaviria;Heunggongvirae;Uroviricota;Caudoviricetes;;
ISP258TRI821222bis	contig_33	2112	No terminal repeats	NA	6	11	0.9698	NA	4	8.9100	Viruses;Duplodnaviria;Heunggongvirae;Uroviricota;Caudoviricetes;;
ISP258TRI821222bis	contig_17|provirus_2_15766	15765	Provirus	2-15766	17	11	0.9680	NA	10	17.9322	Viruses;Duplodnaviria;Heunggongvirae;Uroviricota;Caudoviricetes;;
ISP258TRI821222bis	contig_1|provirus_79055_121102	42048	Provirus	79055-121102	56	11	0.9674	NA	13	56.2879	Viruses;Duplodnaviria;Heunggongvirae;Uroviricota;Caudoviricetes;;
ISP258TRI821222bis	contig_1|provirus_416908_451860	34953	Provirus	416908-451860	45	11	0.9666	NA	18	44.3271	Viruses;Duplodnaviria;Heunggongvirae;Uroviricota;Caudoviricetes;;
ISP258TRI821222bis	contig_14|provirus_2_14047	14046	Provirus	2-14047	19	11	0.9652	NA	11	20.7314	Viruses;Duplodnaviria;Heunggongvirae;Uroviricota;Caudoviricetes;;
ISP258TRI821222bis	contig_41	357	No terminal repeats	NA	1	11	0.7821	NA	1	1.3140	Viruses;Duplodnaviria;Heunggongvirae;Uroviricota;Caudoviricetes;;
ISP258TRI821222bis	contig_40	357	No terminal repeats	NA	1	11	0.7782	NA	1	1.3140	Viruses;Duplodnaviria;Heunggongvirae;Uroviricota;Caudoviricetes;;
ISP262TRI602222	contig_26	2425	No terminal repeats	NA	3	11	0.9789	NA	2	4.7360	Viruses;Duplodnaviria;Heunggongvirae;Uroviricota;Caudoviricetes;;
ISP262TRI602222	contig_25	2458	No terminal repeats	NA	3	11	0.9756	NA	2	4.7360	Viruses;Duplodnaviria;Heunggongvirae;Uroviricota;Caudoviricetes;;
ISP262TRI602222	contig_1|provirus_2_10491	10490	Provirus	2-10491	10	11	0.9732	NA	5	9.9164	Viruses;Duplodnaviria;Heunggongvirae;Uroviricota;Caudoviricetes;;
ISP262TRI602222	contig_3|provirus_198_14571	14374	Provirus	198-14571	18	11	0.9719	NA	6	17.2942	Viruses;Duplodnaviria;Heunggongvirae;Uroviricota;Caudoviricetes;;
ISP262TRI602222	contig_10|provirus_145204_160075	14872	Provirus	145204-160075	19	11	0.9710	NA	5	18.5230	Viruses;Duplodnaviria;Heunggongvirae;Uroviricota;Caudoviricetes;;
ISP262TRI602222	contig_23	4708	No terminal repeats	NA	5	11	0.9702	NA	4	5.4114	Viruses;Duplodnaviria;Heunggongvirae;Uroviricota;Caudoviricetes;;
ISP262TRI602222	contig_1|provirus_160240_202287	42048	Provirus	160240-202287	56	11	0.9674	NA	13	56.2879	Viruses;Duplodnaviria;Heunggongvirae;Uroviricota;Caudoviricetes;;
ISP262TRI602222	contig_1|provirus_498492_533444	34953	Provirus	498492-533444	45	11	0.9666	NA	18	44.3271	Viruses;Duplodnaviria;Heunggongvirae;Uroviricota;Caudoviricetes;;
ISP262TRI602222	contig_29	1366	No terminal repeats	NA	3	11	0.9636	NA	2	3.9747	Viruses;Duplodnaviria;Heunggongvirae;Uroviricota;Caudoviricetes;;
ISP262TRI602222	contig_32	835	No terminal repeats	NA	3	11	0.9608	NA	2	4.4752	Viruses;Duplodnaviria;Heunggongvirae;Uroviricota;Caudoviricetes;;
ISP262TRI602222	contig_33	835	No terminal repeats	NA	3	11	0.9602	NA	2	4.4752	Viruses;Duplodnaviria;Heunggongvirae;Uroviricota;Caudoviricetes;;
ISP262TRI602222	contig_24	4113	No terminal repeats	NA	7	11	0.9539	NA	6	8.1706	Viruses;Duplodnaviria;Heunggongvirae;Uroviricota;Caudoviricetes;;
ISP262TRI602222	contig_22	5109	No terminal repeats	NA	7	11	0.9516	NA	5	8.0158	Viruses;Duplodnaviria;Heunggongvirae;Uroviricota;Caudoviricetes;;
ISP262TRI602222	contig_37	554	No terminal repeats	NA	2	11	0.8717	NA	1	1.6493	Viruses;Duplodnaviria;Heunggongvirae;Uroviricota;Caudoviricetes;;
ISP262TRI602222	contig_38	554	No terminal repeats	NA	2	11	0.8570	NA	1	1.6493	Viruses;Duplodnaviria;Heunggongvirae;Uroviricota;Caudoviricetes;;
ISP262TRI602222	contig_42	357	No terminal repeats	NA	1	11	0.7950	NA	1	1.3140	Viruses;Duplodnaviria;Heunggongvirae;Uroviricota;Caudoviricetes;;
ISP262TRI602222	contig_43	357	No terminal repeats	NA	1	11	0.7782	NA	1	1.3140	Viruses;Duplodnaviria;Heunggongvirae;Uroviricota;Caudoviricetes;;
ISP263TRI195422	contig_29	2425	No terminal repeats	NA	3	11	0.9789	NA	2	4.7360	Viruses;Duplodnaviria;Heunggongvirae;Uroviricota;Caudoviricetes;;
ISP263TRI195422	contig_17|provirus_121219_128958	7740	Provirus	121219-128958	9	11	0.9775	NA	5	9.0886	Viruses;Duplodnaviria;Heunggongvirae;Uroviricota;Caudoviricetes;;
ISP263TRI195422	contig_28	2458	No terminal repeats	NA	3	11	0.9756	NA	2	4.7360	Viruses;Duplodnaviria;Heunggongvirae;Uroviricota;Caudoviricetes;;
ISP263TRI195422	contig_2|provirus_480947_491515	10569	Provirus	480947-491515	15	11	0.9721	NA	6	16.0677	Viruses;Duplodnaviria;Heunggongvirae;Uroviricota;Caudoviricetes;;
ISP263TRI195422	contig_12|provirus_145201_158240	13040	Provirus	145201-158240	18	11	0.9707	NA	5	17.2965	Viruses;Duplodnaviria;Heunggongvirae;Uroviricota;Caudoviricetes;;
ISP263TRI195422	contig_3|provirus_440315_467316	27002	Provirus	440315-467316	37	11	0.9689	NA	15	40.2187	Viruses;Duplodnaviria;Heunggongvirae;Uroviricota;Caudoviricetes;;
ISP263TRI195422	contig_21|provirus_2_15766	15765	Provirus	2-15766	17	11	0.9680	NA	10	17.9322	Viruses;Duplodnaviria;Heunggongvirae;Uroviricota;Caudoviricetes;;
ISP263TRI195422	contig_3|provirus_102291_144338	42048	Provirus	102291-144338	56	11	0.9674	NA	13	56.2879	Viruses;Duplodnaviria;Heunggongvirae;Uroviricota;Caudoviricetes;;
ISP263TRI195422	contig_32	1366	No terminal repeats	NA	3	11	0.9636	NA	2	3.9747	Viruses;Duplodnaviria;Heunggongvirae;Uroviricota;Caudoviricetes;;
ISP263TRI195422	contig_5|provirus_318135_326031	7897	Provirus	318135-326031	9	11	0.9629	NA	3	5.2998	Viruses;Duplodnaviria;Heunggongvirae;Uroviricota;Caudoviricetes;;
ISP263TRI195422	contig_33	835	No terminal repeats	NA	3	11	0.9608	NA	2	4.4752	Viruses;Duplodnaviria;Heunggongvirae;Uroviricota;Caudoviricetes;;
ISP263TRI195422	contig_34	835	No terminal repeats	NA	3	11	0.9602	NA	2	4.4752	Viruses;Duplodnaviria;Heunggongvirae;Uroviricota;Caudoviricetes;;
ISP263TRI195422	contig_26	4127	No terminal repeats	NA	7	11	0.9536	NA	6	8.1706	Viruses;Duplodnaviria;Heunggongvirae;Uroviricota;Caudoviricetes;;
ISP263TRI195422	contig_40	357	No terminal repeats	NA	1	11	0.7821	NA	1	1.3140	Viruses;Duplodnaviria;Heunggongvirae;Uroviricota;Caudoviricetes;;
ISP263TRI195422	contig_39	357	No terminal repeats	NA	1	11	0.7782	NA	1	1.3140	Viruses;Duplodnaviria;Heunggongvirae;Uroviricota;Caudoviricetes;;
ISP263TRI195422	contig_27	3883	No terminal repeats	NA	3	11	0.7004	NA	0	1.2265	Viruses;Duplodnaviria;Heunggongvirae;Uroviricota;Caudoviricetes;;
ISP264TRI195422	contig_23	2568	No terminal repeats	NA	3	11	0.9788	NA	2	4.7360	Viruses;Duplodnaviria;Heunggongvirae;Uroviricota;Caudoviricetes;;
ISP264TRI195422	contig_1|provirus_541117_576835	35719	Provirus	541117-576835	44	11	0.9739	NA	22	48.7959	Viruses;Duplodnaviria;Heunggongvirae;Uroviricota;Caudoviricetes;;
ISP264TRI195422	contig_9|provirus_145205_160076	14872	Provirus	145205-160076	19	11	0.9710	NA	5	18.5230	Viruses;Duplodnaviria;Heunggongvirae;Uroviricota;Caudoviricetes;;
ISP264TRI195422	contig_21	4708	No terminal repeats	NA	5	11	0.9702	NA	4	5.4114	Viruses;Duplodnaviria;Heunggongvirae;Uroviricota;Caudoviricetes;;
ISP264TRI195422	contig_1|provirus_726584_768631	42048	Provirus	726584-768631	56	11	0.9674	NA	13	56.2879	Viruses;Duplodnaviria;Heunggongvirae;Uroviricota;Caudoviricetes;;
ISP264TRI195422	contig_1|provirus_1064836_1099788	34953	Provirus	1064836-1099788	45	11	0.9666	NA	18	44.3271	Viruses;Duplodnaviria;Heunggongvirae;Uroviricota;Caudoviricetes;;
ISP264TRI195422	contig_27	1070	No terminal repeats	NA	3	11	0.9640	NA	2	4.4752	Viruses;Duplodnaviria;Heunggongvirae;Uroviricota;Caudoviricetes;;
ISP264TRI195422	contig_26	1366	No terminal repeats	NA	3	11	0.9636	NA	2	3.9747	Viruses;Duplodnaviria;Heunggongvirae;Uroviricota;Caudoviricetes;;
ISP264TRI195422	contig_22	4113	No terminal repeats	NA	7	11	0.9539	NA	6	8.1706	Viruses;Duplodnaviria;Heunggongvirae;Uroviricota;Caudoviricetes;;
ISP264TRI195422	contig_30	739	No terminal repeats	NA	2	11	0.8619	NA	1	1.6493	Viruses;Duplodnaviria;Heunggongvirae;Uroviricota;Caudoviricetes;;
ISP266TRI602222	contig_33	1588	No terminal repeats	NA	2	11	0.9740	NA	2	3.0323	Viruses;Duplodnaviria;Heunggongvirae;Uroviricota;Caudoviricetes;;
ISP266TRI602222	contig_34	1555	No terminal repeats	NA	2	11	0.9730	NA	2	3.0323	Viruses;Duplodnaviria;Heunggongvirae;Uroviricota;Caudoviricetes;;
ISP266TRI602222	contig_2|provirus_198_14571	14374	Provirus	198-14571	18	11	0.9719	NA	6	17.2942	Viruses;Duplodnaviria;Heunggongvirae;Uroviricota;Caudoviricetes;;
ISP266TRI602222	contig_14|provirus_145146_156345	11200	Provirus	145146-156345	15	11	0.9711	NA	4	15.7084	Viruses;Duplodnaviria;Heunggongvirae;Uroviricota;Caudoviricetes;;
ISP266TRI602222	contig_7|provirus_69498_111545	42048	Provirus	69498-111545	56	11	0.9707	NA	13	56.2879	Viruses;Duplodnaviria;Heunggongvirae;Uroviricota;Caudoviricetes;;
ISP266TRI602222	contig_8|provirus_212901_247853	34953	Provirus	212901-247853	45	11	0.9666	NA	18	44.3271	Viruses;Duplodnaviria;Heunggongvirae;Uroviricota;Caudoviricetes;;
ISP266TRI602222	contig_41	726	No terminal repeats	NA	3	11	0.9614	NA	2	4.4752	Viruses;Duplodnaviria;Heunggongvirae;Uroviricota;Caudoviricetes;;
ISP266TRI602222	contig_28	7638	No terminal repeats	NA	9	11	0.9595	NA	5	9.2575	Viruses;Duplodnaviria;Heunggongvirae;Uroviricota;Caudoviricetes;;
ISP266TRI602222	contig_40	726	No terminal repeats	NA	3	11	0.9570	NA	2	4.4752	Viruses;Duplodnaviria;Heunggongvirae;Uroviricota;Caudoviricetes;;
ISP266TRI602222	contig_38	1380	No terminal repeats	NA	3	11	0.9475	NA	1	3.0566	Viruses;Duplodnaviria;Heunggongvirae;Uroviricota;Caudoviricetes;;
ISP266TRI602222	contig_48	600	No terminal repeats	NA	2	11	0.9468	NA	2	2.6986	Viruses;Duplodnaviria;Heunggongvirae;Uroviricota;Caudoviricetes;;
ISP266TRI602222	contig_69	238	No terminal repeats	NA	1	11	0.9393	NA	1	1.2922	Viruses;Duplodnaviria;Heunggongvirae;Uroviricota;Caudoviricetes;;
ISP266TRI602222	contig_70	238	No terminal repeats	NA	1	11	0.9381	NA	1	1.2922	Viruses;Duplodnaviria;Heunggongvirae;Uroviricota;Caudoviricetes;;
ISP266TRI602222	contig_36	1416	No terminal repeats	NA	1	11	0.9197	NA	1	1.3602	Viruses;Duplodnaviria;Heunggongvirae;Uroviricota;Caudoviricetes;;
ISP266TRI602222	contig_35	1416	No terminal repeats	NA	1	11	0.9152	NA	1	1.3602	Viruses;Duplodnaviria;Heunggongvirae;Uroviricota;Caudoviricetes;;
ISP266TRI602222	contig_29	2802	No terminal repeats	NA	6	11	0.8895	NA	4	5.4075	Viruses;Duplodnaviria;Heunggongvirae;Uroviricota;Caudoviricetes;;
ISP266TRI602222	contig_31	1738	No terminal repeats	NA	2	11	0.8606	NA	1	1.4689	Viruses;Duplodnaviria;Heunggongvirae;Uroviricota;Caudoviricetes;;
ISP266TRI602222	contig_49	491	No terminal repeats	NA	2	11	0.8497	NA	1	1.4509	Viruses;Duplodnaviria;Heunggongvirae;Uroviricota;Caudoviricetes;;
ISP266TRI602222	contig_53	362	No terminal repeats	NA	2	11	0.7247	NA	1	1.1132	Viruses;Duplodnaviria;Heunggongvirae;Uroviricota;Caudoviricetes;;
ISP266TRI602222	contig_55	337	No terminal repeats	NA	1	11	0.7189	NA	1	1.3331	Viruses;Duplodnaviria;Heunggongvirae;Uroviricota;Caudoviricetes;;
ISP266TRI602222	contig_56	337	No terminal repeats	NA	1	11	0.7165	NA	1	1.3331	Viruses;Duplodnaviria;Heunggongvirae;Uroviricota;Caudoviricetes;;
ISP267TRI430622	contig_32	2425	No terminal repeats	NA	3	11	0.9789	NA	2	4.7360	Viruses;Duplodnaviria;Heunggongvirae;Uroviricota;Caudoviricetes;;
ISP267TRI430622	contig_31	2458	No terminal repeats	NA	3	11	0.9756	NA	2	4.7360	Viruses;Duplodnaviria;Heunggongvirae;Uroviricota;Caudoviricetes;;
ISP267TRI430622	contig_20|provirus_70315_80804	10490	Provirus	70315-80804	10	11	0.9739	NA	5	9.9164	Viruses;Duplodnaviria;Heunggongvirae;Uroviricota;Caudoviricetes;;
ISP267TRI430622	contig_6|provirus_198_14571	14374	Provirus	198-14571	18	11	0.9719	NA	6	17.2942	Viruses;Duplodnaviria;Heunggongvirae;Uroviricota;Caudoviricetes;;
ISP267TRI430622	contig_29	4875	No terminal repeats	NA	5	11	0.9715	NA	4	5.4114	Viruses;Duplodnaviria;Heunggongvirae;Uroviricota;Caudoviricetes;;
ISP267TRI430622	contig_12|provirus_145205_160076	14872	Provirus	145205-160076	19	11	0.9710	NA	5	18.5230	Viruses;Duplodnaviria;Heunggongvirae;Uroviricota;Caudoviricetes;;
ISP267TRI430622	contig_1|provirus_79055_121102	42048	Provirus	79055-121102	56	11	0.9674	NA	13	56.2879	Viruses;Duplodnaviria;Heunggongvirae;Uroviricota;Caudoviricetes;;
ISP267TRI430622	contig_1|provirus_416901_451853	34953	Provirus	416901-451853	45	11	0.9666	NA	18	44.3271	Viruses;Duplodnaviria;Heunggongvirae;Uroviricota;Caudoviricetes;;
ISP267TRI430622	contig_35	1366	No terminal repeats	NA	3	11	0.9611	NA	2	3.9747	Viruses;Duplodnaviria;Heunggongvirae;Uroviricota;Caudoviricetes;;
ISP267TRI430622	contig_38	835	No terminal repeats	NA	3	11	0.9608	NA	2	4.4752	Viruses;Duplodnaviria;Heunggongvirae;Uroviricota;Caudoviricetes;;
ISP267TRI430622	contig_39	835	No terminal repeats	NA	3	11	0.9602	NA	2	4.4752	Viruses;Duplodnaviria;Heunggongvirae;Uroviricota;Caudoviricetes;;
ISP267TRI430622	contig_30	4127	No terminal repeats	NA	7	11	0.9555	NA	6	8.1706	Viruses;Duplodnaviria;Heunggongvirae;Uroviricota;Caudoviricetes;;
ISP267TRI430622	contig_28	5109	No terminal repeats	NA	7	11	0.9516	NA	5	8.0158	Viruses;Duplodnaviria;Heunggongvirae;Uroviricota;Caudoviricetes;;
ISP267TRI430622	contig_44	554	No terminal repeats	NA	2	11	0.8717	NA	1	1.6493	Viruses;Duplodnaviria;Heunggongvirae;Uroviricota;Caudoviricetes;;
ISP267TRI430622	contig_45	554	No terminal repeats	NA	2	11	0.8570	NA	1	1.6493	Viruses;Duplodnaviria;Heunggongvirae;Uroviricota;Caudoviricetes;;
ISP267TRI430622	contig_51	357	No terminal repeats	NA	1	11	0.7821	NA	1	1.3140	Viruses;Duplodnaviria;Heunggongvirae;Uroviricota;Caudoviricetes;;
ISP267TRI430622	contig_50	357	No terminal repeats	NA	1	11	0.7782	NA	1	1.3140	Viruses;Duplodnaviria;Heunggongvirae;Uroviricota;Caudoviricetes;;
ISP290TRI602222	contig_2|provirus_149443_201665	52223	Provirus	149443-201665	83	11	0.9756	NA	13	88.8245	Viruses;Duplodnaviria;Heunggongvirae;Uroviricota;Caudoviricetes;;
ISP290TRI602222	contig_3|provirus_306464_348904	42441	Provirus	306464-348904	52	11	0.9660	NA	22	51.6524	Viruses;Duplodnaviria;Heunggongvirae;Uroviricota;Caudoviricetes;;
ISP307TRI602222	contig_10|provirus_14633_66855	52223	Provirus	14633-66855	83	11	0.9756	NA	13	88.8245	Viruses;Duplodnaviria;Heunggongvirae;Uroviricota;Caudoviricetes;;
ISP307TRI602222	contig_5|provirus_147362_189802	42441	Provirus	147362-189802	52	11	0.9641	NA	22	51.6524	Viruses;Duplodnaviria;Heunggongvirae;Uroviricota;Caudoviricetes;;
ISP79c21ISP79A01DraMat2020	contig_1|provirus_710043_750837	40795	Provirus	710043-750837	71	11	0.9793	NA	12	81.5472	Viruses;Duplodnaviria;Heunggongvirae;Uroviricota;Caudoviricetes;;
ISP79c21ISP79A01DraMat2020	contig_2|provirus_234122_279847	45726	Provirus	234122-279847	64	11	0.9758	NA	18	76.0612	Viruses;Duplodnaviria;Heunggongvirae;Uroviricota;Caudoviricetes;;
ISP79c21ISP79A01DraMat2020	contig_5|provirus_290412_304998	14587	Provirus	290412-304998	22	11	0.9576	NA	15	27.6597	Viruses;Duplodnaviria;Heunggongvirae;Uroviricota;Caudoviricetes;;
ISP88A10SE162020	contig_15|provirus_35703_57597	21895	Provirus	35703-57597	33	11	0.9755	NA	17	38.4952	Viruses;Duplodnaviria;Heunggongvirae;Uroviricota;Caudoviricetes;;
ISP88A10SE162020	contig_1|provirus_1461881_1502718	40838	Provirus	1461881-1502718	55	11	0.9748	NA	8	58.9796	Viruses;Duplodnaviria;Heunggongvirae;Uroviricota;Caudoviricetes;;
ISP88A10SE162020	contig_1|provirus_24487_66002	41516	Provirus	24487-66002	61	11	0.9747	NA	13	71.7322	Viruses;Duplodnaviria;Heunggongvirae;Uroviricota;Caudoviricetes;;
ISP88A10SE162020	contig_8|provirus_3_8661	8659	Provirus	3-8661	8	11	0.9604	NA	4	7.7490	Viruses;Duplodnaviria;Heunggongvirae;Uroviricota;Caudoviricetes;;
ISP88A10SE162020	contig_1|provirus_755551_791204	35654	Provirus	755551-791204	51	11	0.9566	NA	11	34.7549	Viruses;Duplodnaviria;Heunggongvirae;Uroviricota;Caudoviricetes;;
ISP88A10SE162020	contig_1|provirus_883992_899774	15783	Provirus	883992-899774	24	11	0.9176	NA	1	13.3825	Viruses;Duplodnaviria;Heunggongvirae;Uroviricota;Caudoviricetes;;
ISP88A10SE162020	contig_2|provirus_639923_647223	7301	Provirus	639923-647223	10	11	0.8955	NA	2	6.9523	Viruses;Duplodnaviria;Heunggongvirae;Uroviricota;Caudoviricetes;;
ISP95A17DRA20	contig_25	2458	No terminal repeats	NA	3	11	0.9785	NA	2	4.7360	Viruses;Duplodnaviria;Heunggongvirae;Uroviricota;Caudoviricetes;;
ISP95A17DRA20	contig_26	2425	No terminal repeats	NA	3	11	0.9783	NA	2	4.7360	Viruses;Duplodnaviria;Heunggongvirae;Uroviricota;Caudoviricetes;;
ISP95A17DRA20	contig_5|provirus_2_10491	10490	Provirus	2-10491	10	11	0.9732	NA	5	9.9164	Viruses;Duplodnaviria;Heunggongvirae;Uroviricota;Caudoviricetes;;
ISP95A17DRA20	contig_23	4875	No terminal repeats	NA	5	11	0.9720	NA	4	5.4114	Viruses;Duplodnaviria;Heunggongvirae;Uroviricota;Caudoviricetes;;
ISP95A17DRA20	contig_4|provirus_198_14571	14374	Provirus	198-14571	18	11	0.9719	NA	6	17.2942	Viruses;Duplodnaviria;Heunggongvirae;Uroviricota;Caudoviricetes;;
ISP95A17DRA20	contig_12|provirus_2_14873	14872	Provirus	2-14873	19	11	0.9695	NA	5	18.5230	Viruses;Duplodnaviria;Heunggongvirae;Uroviricota;Caudoviricetes;;
ISP95A17DRA20	contig_3|provirus_318135_353087	34953	Provirus	318135-353087	45	11	0.9692	NA	18	44.3271	Viruses;Duplodnaviria;Heunggongvirae;Uroviricota;Caudoviricetes;;
ISP95A17DRA20	contig_5|provirus_160240_202287	42048	Provirus	160240-202287	56	11	0.9674	NA	13	56.2879	Viruses;Duplodnaviria;Heunggongvirae;Uroviricota;Caudoviricetes;;
ISP95A17DRA20	contig_29	1366	No terminal repeats	NA	3	11	0.9636	NA	2	3.9747	Viruses;Duplodnaviria;Heunggongvirae;Uroviricota;Caudoviricetes;;
ISP95A17DRA20	contig_33	835	No terminal repeats	NA	3	11	0.9608	NA	2	4.4752	Viruses;Duplodnaviria;Heunggongvirae;Uroviricota;Caudoviricetes;;
ISP95A17DRA20	contig_32	835	No terminal repeats	NA	3	11	0.9602	NA	2	4.4752	Viruses;Duplodnaviria;Heunggongvirae;Uroviricota;Caudoviricetes;;
ISP95A17DRA20	contig_22	5109	No terminal repeats	NA	7	11	0.9576	NA	5	8.0158	Viruses;Duplodnaviria;Heunggongvirae;Uroviricota;Caudoviricetes;;
ISP95A17DRA20	contig_24	4127	No terminal repeats	NA	7	11	0.9536	NA	6	8.1706	Viruses;Duplodnaviria;Heunggongvirae;Uroviricota;Caudoviricetes;;
ISP95A17DRA20	contig_38	554	No terminal repeats	NA	2	11	0.8673	NA	1	1.6493	Viruses;Duplodnaviria;Heunggongvirae;Uroviricota;Caudoviricetes;;
ISP95A17DRA20	contig_37	554	No terminal repeats	NA	2	11	0.8364	NA	1	1.6493	Viruses;Duplodnaviria;Heunggongvirae;Uroviricota;Caudoviricetes;;
ISP95A17DRA20	contig_41	357	No terminal repeats	NA	1	11	0.7821	NA	1	1.3140	Viruses;Duplodnaviria;Heunggongvirae;Uroviricota;Caudoviricetes;;
ISP95A17DRA20	contig_42	357	No terminal repeats	NA	1	11	0.7782	NA	1	1.3140	Viruses;Duplodnaviria;Heunggongvirae;Uroviricota;Caudoviricetes;;
merged_143	contig_24	2458	No terminal repeats	NA	3	11	0.9785	NA	2	4.7360	Viruses;Duplodnaviria;Heunggongvirae;Uroviricota;Caudoviricetes;;
merged_143	contig_25	2425	No terminal repeats	NA	3	11	0.9783	NA	2	4.7360	Viruses;Duplodnaviria;Heunggongvirae;Uroviricota;Caudoviricetes;;
merged_143	contig_1|provirus_1248302_1258791	10490	Provirus	1248302-1258791	10	11	0.9738	NA	5	9.9164	Viruses;Duplodnaviria;Heunggongvirae;Uroviricota;Caudoviricetes;;
merged_143	contig_22	4708	No terminal repeats	NA	5	11	0.9733	NA	4	5.4114	Viruses;Duplodnaviria;Heunggongvirae;Uroviricota;Caudoviricetes;;
merged_143	contig_3|provirus_198_14571	14374	Provirus	198-14571	18	11	0.9719	NA	6	17.2942	Viruses;Duplodnaviria;Heunggongvirae;Uroviricota;Caudoviricetes;;
merged_143	contig_1|provirus_1056506_1098553	42048	Provirus	1056506-1098553	56	11	0.9707	NA	13	56.2879	Viruses;Duplodnaviria;Heunggongvirae;Uroviricota;Caudoviricetes;;
merged_143	contig_10|provirus_2_14873	14872	Provirus	2-14873	19	11	0.9695	NA	5	18.5230	Viruses;Duplodnaviria;Heunggongvirae;Uroviricota;Caudoviricetes;;
merged_143	contig_1|provirus_725349_760301	34953	Provirus	725349-760301	45	11	0.9692	NA	18	44.3271	Viruses;Duplodnaviria;Heunggongvirae;Uroviricota;Caudoviricetes;;
merged_143	contig_28	1366	No terminal repeats	NA	3	11	0.9611	NA	2	3.9747	Viruses;Duplodnaviria;Heunggongvirae;Uroviricota;Caudoviricetes;;
merged_143	contig_32	835	No terminal repeats	NA	3	11	0.9609	NA	2	4.4752	Viruses;Duplodnaviria;Heunggongvirae;Uroviricota;Caudoviricetes;;
merged_143	contig_31	835	No terminal repeats	NA	3	11	0.9602	NA	2	4.4752	Viruses;Duplodnaviria;Heunggongvirae;Uroviricota;Caudoviricetes;;
merged_143	contig_21	5109	No terminal repeats	NA	7	11	0.9576	NA	5	8.0158	Viruses;Duplodnaviria;Heunggongvirae;Uroviricota;Caudoviricetes;;
merged_143	contig_23	4113	No terminal repeats	NA	7	11	0.9539	NA	6	8.1706	Viruses;Duplodnaviria;Heunggongvirae;Uroviricota;Caudoviricetes;;
merged_143	contig_36	554	No terminal repeats	NA	2	11	0.8673	NA	1	1.6493	Viruses;Duplodnaviria;Heunggongvirae;Uroviricota;Caudoviricetes;;
merged_143	contig_37	554	No terminal repeats	NA	2	11	0.8364	NA	1	1.6493	Viruses;Duplodnaviria;Heunggongvirae;Uroviricota;Caudoviricetes;;
merged_143	contig_39	357	No terminal repeats	NA	1	11	0.7950	NA	1	1.3140	Viruses;Duplodnaviria;Heunggongvirae;Uroviricota;Caudoviricetes;;
merged_143	contig_40	357	No terminal repeats	NA	1	11	0.7782	NA	1	1.3140	Viruses;Duplodnaviria;Heunggongvirae;Uroviricota;Caudoviricetes;;
merged_212	contig_31	2425	No terminal repeats	NA	3	11	0.9789	NA	2	4.7360	Viruses;Duplodnaviria;Heunggongvirae;Uroviricota;Caudoviricetes;;
merged_212	contig_30	2458	No terminal repeats	NA	3	11	0.9785	NA	2	4.7360	Viruses;Duplodnaviria;Heunggongvirae;Uroviricota;Caudoviricetes;;
merged_212	contig_23	11725	No terminal repeats	NA	16	11	0.9744	NA	5	18.4381	Viruses;Duplodnaviria;Heunggongvirae;Uroviricota;Caudoviricetes;;
merged_212	contig_8|provirus_183690_198063	14374	Provirus	183690-198063	18	11	0.9737	NA	6	17.2942	Viruses;Duplodnaviria;Heunggongvirae;Uroviricota;Caudoviricetes;;
merged_212	contig_24	5524	No terminal repeats	NA	6	11	0.9735	NA	4	6.5688	Viruses;Duplodnaviria;Heunggongvirae;Uroviricota;Caudoviricetes;;
merged_212	contig_27	4708	No terminal repeats	NA	5	11	0.9733	NA	4	5.4114	Viruses;Duplodnaviria;Heunggongvirae;Uroviricota;Caudoviricetes;;
merged_212	contig_1|provirus_541193_583240	42048	Provirus	541193-583240	56	11	0.9707	NA	13	56.2879	Viruses;Duplodnaviria;Heunggongvirae;Uroviricota;Caudoviricetes;;
merged_212	contig_1|provirus_210036_244988	34953	Provirus	210036-244988	45	11	0.9692	NA	18	44.3271	Viruses;Duplodnaviria;Heunggongvirae;Uroviricota;Caudoviricetes;;
merged_212	contig_29	2638	No terminal repeats	NA	4	11	0.9634	NA	1	3.6772	Viruses;Duplodnaviria;Heunggongvirae;Uroviricota;Caudoviricetes;;
merged_212	contig_34	1366	No terminal repeats	NA	3	11	0.9611	NA	2	3.9747	Viruses;Duplodnaviria;Heunggongvirae;Uroviricota;Caudoviricetes;;
merged_212	contig_38	835	No terminal repeats	NA	3	11	0.9608	NA	2	4.4752	Viruses;Duplodnaviria;Heunggongvirae;Uroviricota;Caudoviricetes;;
merged_212	contig_37	835	No terminal repeats	NA	3	11	0.9602	NA	2	4.4752	Viruses;Duplodnaviria;Heunggongvirae;Uroviricota;Caudoviricetes;;
merged_212	contig_28	4113	No terminal repeats	NA	7	11	0.9582	NA	6	8.1706	Viruses;Duplodnaviria;Heunggongvirae;Uroviricota;Caudoviricetes;;
merged_212	contig_26	5109	No terminal repeats	NA	7	11	0.9576	NA	5	8.0158	Viruses;Duplodnaviria;Heunggongvirae;Uroviricota;Caudoviricetes;;
merged_212	contig_42	554	No terminal repeats	NA	2	11	0.8673	NA	1	1.6493	Viruses;Duplodnaviria;Heunggongvirae;Uroviricota;Caudoviricetes;;
merged_212	contig_43	554	No terminal repeats	NA	2	11	0.8364	NA	1	1.6493	Viruses;Duplodnaviria;Heunggongvirae;Uroviricota;Caudoviricetes;;
merged_212	contig_46	357	No terminal repeats	NA	1	11	0.7821	NA	1	1.3140	Viruses;Duplodnaviria;Heunggongvirae;Uroviricota;Caudoviricetes;;
merged_212	contig_45	357	No terminal repeats	NA	1	11	0.7782	NA	1	1.3140	Viruses;Duplodnaviria;Heunggongvirae;Uroviricota;Caudoviricetes;;
merged_212_C	contig_24	2568	No terminal repeats	NA	3	11	0.9788	NA	2	4.7360	Viruses;Duplodnaviria;Heunggongvirae;Uroviricota;Caudoviricetes;;
merged_212_C	contig_19	11862	No terminal repeats	NA	16	11	0.9752	NA	5	18.4381	Viruses;Duplodnaviria;Heunggongvirae;Uroviricota;Caudoviricetes;;
merged_212_C	contig_21	4708	No terminal repeats	NA	5	11	0.9733	NA	4	5.4114	Viruses;Duplodnaviria;Heunggongvirae;Uroviricota;Caudoviricetes;;
merged_212_C	contig_3|provirus_70315_106033	35719	Provirus	70315-106033	44	11	0.9727	NA	22	48.7959	Viruses;Duplodnaviria;Heunggongvirae;Uroviricota;Caudoviricetes;;
merged_212_C	contig_1|provirus_649292_691339	42048	Provirus	649292-691339	56	11	0.9707	NA	13	56.2879	Viruses;Duplodnaviria;Heunggongvirae;Uroviricota;Caudoviricetes;;
merged_212_C	contig_1|provirus_318135_353087	34953	Provirus	318135-353087	45	11	0.9692	NA	18	44.3271	Viruses;Duplodnaviria;Heunggongvirae;Uroviricota;Caudoviricetes;;
merged_212_C	contig_23	2638	No terminal repeats	NA	4	11	0.9653	NA	1	3.6772	Viruses;Duplodnaviria;Heunggongvirae;Uroviricota;Caudoviricetes;;
merged_212_C	contig_28	1070	No terminal repeats	NA	3	11	0.9640	NA	2	4.4752	Viruses;Duplodnaviria;Heunggongvirae;Uroviricota;Caudoviricetes;;
merged_212_C	contig_27	1366	No terminal repeats	NA	3	11	0.9636	NA	2	3.9747	Viruses;Duplodnaviria;Heunggongvirae;Uroviricota;Caudoviricetes;;
merged_212_C	contig_22	4113	No terminal repeats	NA	7	11	0.9582	NA	6	8.1706	Viruses;Duplodnaviria;Heunggongvirae;Uroviricota;Caudoviricetes;;
merged_212_C	contig_31	739	No terminal repeats	NA	2	11	0.8756	NA	1	1.6493	Viruses;Duplodnaviria;Heunggongvirae;Uroviricota;Caudoviricetes;;
merged_95	contig_26	2425	No terminal repeats	NA	3	11	0.9789	NA	2	4.7360	Viruses;Duplodnaviria;Heunggongvirae;Uroviricota;Caudoviricetes;;
merged_95	contig_25	2458	No terminal repeats	NA	3	11	0.9756	NA	2	4.7360	Viruses;Duplodnaviria;Heunggongvirae;Uroviricota;Caudoviricetes;;
merged_95	contig_23	4708	No terminal repeats	NA	5	11	0.9733	NA	4	5.4114	Viruses;Duplodnaviria;Heunggongvirae;Uroviricota;Caudoviricetes;;
merged_95	contig_1|provirus_2_10491	10490	Provirus	2-10491	10	11	0.9732	NA	5	9.9164	Viruses;Duplodnaviria;Heunggongvirae;Uroviricota;Caudoviricetes;;
merged_95	contig_2|provirus_198_14571	14374	Provirus	198-14571	18	11	0.9719	NA	6	17.2942	Viruses;Duplodnaviria;Heunggongvirae;Uroviricota;Caudoviricetes;;
merged_95	contig_11|provirus_145380_160251	14872	Provirus	145380-160251	19	11	0.9710	NA	5	18.5230	Viruses;Duplodnaviria;Heunggongvirae;Uroviricota;Caudoviricetes;;
merged_95	contig_1|provirus_160240_202287	42048	Provirus	160240-202287	56	11	0.9674	NA	13	56.2879	Viruses;Duplodnaviria;Heunggongvirae;Uroviricota;Caudoviricetes;;
merged_95	contig_1|provirus_498492_533444	34953	Provirus	498492-533444	45	11	0.9666	NA	18	44.3271	Viruses;Duplodnaviria;Heunggongvirae;Uroviricota;Caudoviricetes;;
merged_95	contig_29	1366	No terminal repeats	NA	3	11	0.9636	NA	2	3.9747	Viruses;Duplodnaviria;Heunggongvirae;Uroviricota;Caudoviricetes;;
merged_95	contig_33	835	No terminal repeats	NA	3	11	0.9608	NA	2	4.4752	Viruses;Duplodnaviria;Heunggongvirae;Uroviricota;Caudoviricetes;;
merged_95	contig_32	835	No terminal repeats	NA	3	11	0.9606	NA	2	4.4752	Viruses;Duplodnaviria;Heunggongvirae;Uroviricota;Caudoviricetes;;
merged_95	contig_22	5109	No terminal repeats	NA	7	11	0.9576	NA	5	8.0158	Viruses;Duplodnaviria;Heunggongvirae;Uroviricota;Caudoviricetes;;
merged_95	contig_24	4113	No terminal repeats	NA	7	11	0.9539	NA	6	8.1706	Viruses;Duplodnaviria;Heunggongvirae;Uroviricota;Caudoviricetes;;
merged_95	contig_37	554	No terminal repeats	NA	2	11	0.8717	NA	1	1.6493	Viruses;Duplodnaviria;Heunggongvirae;Uroviricota;Caudoviricetes;;
merged_95	contig_38	554	No terminal repeats	NA	2	11	0.8570	NA	1	1.6493	Viruses;Duplodnaviria;Heunggongvirae;Uroviricota;Caudoviricetes;;
merged_95	contig_41	357	No terminal repeats	NA	1	11	0.7950	NA	1	1.3140	Viruses;Duplodnaviria;Heunggongvirae;Uroviricota;Caudoviricetes;;
merged_95	contig_40	357	No terminal repeats	NA	1	11	0.7782	NA	1	1.3140	Viruses;Duplodnaviria;Heunggongvirae;Uroviricota;Caudoviricetes;;
MRG05AA1TBR118	contig_7|provirus_72592_114489	41898	Provirus	72592-114489	61	11	0.9746	NA	21	65.9164	Viruses;Duplodnaviria;Heunggongvirae;Uroviricota;Caudoviricetes;;
MRG05AA1TBR118	contig_1|provirus_616534_630887	14354	Provirus	616534-630887	18	11	0.9199	NA	3	10.9373	Viruses;Duplodnaviria;Heunggongvirae;Uroviricota;Caudoviricetes;;
MRG08A2TBR218	contig_6|provirus_189663_222109	32447	Provirus	189663-222109	42	11	0.9790	NA	15	49.3766	Viruses;Duplodnaviria;Heunggongvirae;Uroviricota;Caudoviricetes;;
MRG08A2TBR218	contig_1|provirus_429_42174	41746	Provirus	429-42174	63	11	0.9759	NA	18	64.7910	Viruses;Duplodnaviria;Heunggongvirae;Uroviricota;Caudoviricetes;;
MRG08A2TBR218	contig_3|provirus_61420_79237	17818	Provirus	61420-79237	26	11	0.9556	NA	5	20.4764	Viruses;Duplodnaviria;Heunggongvirae;Uroviricota;Caudoviricetes;;
RunII_barcode01	contig_1|provirus_1555444_1592670	37227	Provirus	1555444-1592670	56	11	0.9660	NA	27	60.6080	Viruses;Duplodnaviria;Heunggongvirae;Uroviricota;Caudoviricetes;;
RunII_barcode01	contig_1|provirus_422350_430909	8560	Provirus	422350-430909	11	11	0.9370	NA	3	7.7689	Viruses;Duplodnaviria;Heunggongvirae;Uroviricota;Caudoviricetes;;
RunII_barcode02	contig_1|provirus_1527292_1565223	37932	Provirus	1527292-1565223	56	11	0.9712	NA	20	62.4579	Viruses;Duplodnaviria;Heunggongvirae;Uroviricota;Caudoviricetes;;
RunII_barcode02	contig_1|provirus_3299729_3324014	24286	Provirus	3299729-3324014	39	11	0.9495	NA	5	28.9774	Viruses;Duplodnaviria;Heunggongvirae;Uroviricota;Caudoviricetes;;
RunII_barcode03	contig_1|provirus_1948381_1991630	43250	Provirus	1948381-1991630	70	11	0.9726	NA	14	66.6907	Viruses;Duplodnaviria;Heunggongvirae;Uroviricota;Caudoviricetes;;
RunII_barcode03	contig_1|provirus_421711_463526	41816	Provirus	421711-463526	64	11	0.9638	NA	25	60.4441	Viruses;Duplodnaviria;Heunggongvirae;Uroviricota;Caudoviricetes;;
RunII_barcode04	contig_2	31245	No terminal repeats	NA	50	11	0.9777	NA	27	62.9033	Viruses;Duplodnaviria;Heunggongvirae;Uroviricota;Caudoviricetes;;
RunII_barcode04	contig_1|provirus_1187774_1222351	34578	Provirus	1187774-1222351	51	11	0.9734	NA	26	54.6514	Viruses;Duplodnaviria;Heunggongvirae;Uroviricota;Caudoviricetes;;
RunII_barcode04	contig_1|provirus_1710673_1743552	32880	Provirus	1710673-1743552	48	11	0.9712	NA	20	52.2591	Viruses;Duplodnaviria;Heunggongvirae;Uroviricota;Caudoviricetes;;
RunII_barcode04	contig_1|provirus_3296453_3330219	33767	Provirus	3296453-3330219	50	11	0.9711	NA	23	56.7401	Viruses;Duplodnaviria;Heunggongvirae;Uroviricota;Caudoviricetes;;
RunII_barcode04	contig_3	2109	No terminal repeats	NA	4	11	0.9624	NA	2	5.0641	Viruses;Duplodnaviria;Heunggongvirae;Uroviricota;Caudoviricetes;;
RunII_barcode04	contig_1|provirus_1372954_1425309	52356	Provirus	1372954-1425309	80	11	0.9498	NA	10	53.6048	Viruses;Duplodnaviria;Heunggongvirae;Uroviricota;Caudoviricetes;;
RunII_barcode05	contig_1|provirus_2186856_2218496	31641	Provirus	2186856-2218496	45	11	0.9747	NA	25	52.0798	Viruses;Duplodnaviria;Heunggongvirae;Uroviricota;Caudoviricetes;;
RunII_barcode05	contig_1|provirus_1962704_1993348	30645	Provirus	1962704-1993348	55	11	0.9585	NA	12	46.1129	Viruses;Duplodnaviria;Heunggongvirae;Uroviricota;Caudoviricetes;;
RunII_barcode05	contig_1|provirus_2318306_2338069	19764	Provirus	2318306-2338069	31	11	0.9172	NA	3	12.6372	Viruses;Duplodnaviria;Heunggongvirae;Uroviricota;Caudoviricetes;;
RunII_barcode05	contig_1|provirus_942931_955522	12592	Provirus	942931-955522	16	11	0.8925	NA	1	6.3961	Viruses;Duplodnaviria;Heunggongvirae;Uroviricota;Caudoviricetes;;
RunII_barcode06	contig_1|provirus_2606526_2643374	36849	Provirus	2606526-2643374	65	11	0.9782	NA	23	68.2895	Viruses;Duplodnaviria;Heunggongvirae;Uroviricota;Caudoviricetes;;
RunII_barcode06	contig_1|provirus_1183158_1233120	49963	Provirus	1183158-1233120	77	11	0.9547	NA	13	57.7495	Viruses;Duplodnaviria;Heunggongvirae;Uroviricota;Caudoviricetes;;
RunII_barcode07	contig_1|provirus_320583_352474	31892	Provirus	320583-352474	46	11	0.9725	NA	22	49.7199	Viruses;Duplodnaviria;Heunggongvirae;Uroviricota;Caudoviricetes;;
RunII_barcode08	contig_2|provirus_1409462_1460246	50785	Provirus	1409462-1460246	92	11	0.9726	NA	13	92.4768	Viruses;Duplodnaviria;Heunggongvirae;Uroviricota;Caudoviricetes;;
RunII_barcode08	contig_1|provirus_600982_632687	31706	Provirus	600982-632687	46	11	0.8832	NA	15	31.0096	Viruses;Duplodnaviria;Heunggongvirae;Uroviricota;Caudoviricetes;;
RunII_barcode09	contig_3|provirus_542499_578516	36018	Provirus	542499-578516	58	11	0.9676	NA	26	56.9241	Viruses;Duplodnaviria;Heunggongvirae;Uroviricota;Caudoviricetes;;
RunII_barcode09	contig_3|provirus_1200131_1237046	36916	Provirus	1200131-1237046	17	11	0.9200	NA	0	6.7059	Viruses;Duplodnaviria;Heunggongvirae;Uroviricota;Caudoviricetes;;
RunII_barcode10	contig_2|provirus_426256_460013	33758	Provirus	426256-460013	58	11	0.9622	NA	23	50.9402	Viruses;Duplodnaviria;Heunggongvirae;Uroviricota;Caudoviricetes;;
RunII_barcode10	contig_2|provirus_1794175_1843955	49781	Provirus	1794175-1843955	89	11	0.9591	NA	22	60.3578	Viruses;Duplodnaviria;Heunggongvirae;Uroviricota;Caudoviricetes;;
RunII_barcode10	contig_1|provirus_51710_77859	26150	Provirus	51710-77859	35	11	0.9412	NA	6	17.9781	Viruses;Duplodnaviria;Heunggongvirae;Uroviricota;Caudoviricetes;;
RunII_barcode10	contig_2|provirus_1490476_1510613	20138	Provirus	1490476-1510613	39	11	0.9198	NA	0	20.1372	Viruses;Duplodnaviria;Heunggongvirae;Uroviricota;Caudoviricetes;;
RunII_barcode11	contig_1|provirus_311671_347581	35911	Provirus	311671-347581	56	11	0.9694	NA	24	56.0584	Viruses;Duplodnaviria;Heunggongvirae;Uroviricota;Caudoviricetes;;
RunII_barcode13	contig_1|provirus_1214150_1260256	46107	Provirus	1214150-1260256	78	11	0.9616	NA	22	73.7466	Viruses;Duplodnaviria;Heunggongvirae;Uroviricota;Caudoviricetes;;
RunII_barcode14	contig_2|provirus_709782_755891	46110	Provirus	709782-755891	76	11	0.9611	NA	23	70.1016	Viruses;Duplodnaviria;Heunggongvirae;Uroviricota;Caudoviricetes;;
RunII_barcode15	contig_1|provirus_2605992_2644006	38015	Provirus	2605992-2644006	68	11	0.9779	NA	26	71.3502	Viruses;Duplodnaviria;Heunggongvirae;Uroviricota;Caudoviricetes;;
RunII_barcode15	contig_1|provirus_1183193_1234773	51581	Provirus	1183193-1234773	82	11	0.9522	NA	14	62.5250	Viruses;Duplodnaviria;Heunggongvirae;Uroviricota;Caudoviricetes;;
RunII_barcode16	contig_1|provirus_2605541_2643739	38199	Provirus	2605541-2643739	70	11	0.9755	NA	23	69.6959	Viruses;Duplodnaviria;Heunggongvirae;Uroviricota;Caudoviricetes;;
RunII_barcode16	contig_1|provirus_1182933_1233584	50652	Provirus	1182933-1233584	78	11	0.9474	NA	12	56.9976	Viruses;Duplodnaviria;Heunggongvirae;Uroviricota;Caudoviricetes;;
RunII_barcode17	contig_4|provirus_328943_346365	17423	Provirus	328943-346365	27	11	0.9096	NA	7	14.5219	Viruses;Duplodnaviria;Heunggongvirae;Uroviricota;Caudoviricetes;;
RunII_barcode18	contig_1|provirus_2606255_2644245	37991	Provirus	2606255-2644245	71	11	0.9764	NA	24	71.5688	Viruses;Duplodnaviria;Heunggongvirae;Uroviricota;Caudoviricetes;;
RunII_barcode18	contig_1|provirus_1182751_1233849	51099	Provirus	1182751-1233849	79	11	0.9511	NA	12	60.7303	Viruses;Duplodnaviria;Heunggongvirae;Uroviricota;Caudoviricetes;;
RunII_barcode19	contig_2|provirus_3214741_3267852	53112	Provirus	3214741-3267852	88	11	0.9748	NA	15	84.5924	Viruses;Duplodnaviria;Heunggongvirae;Uroviricota;Caudoviricetes;;
RunII_barcode19	contig_2|provirus_1792013_1799685	7673	Provirus	1792013-1799685	12	11	0.9290	NA	2	11.5053	Viruses;Duplodnaviria;Heunggongvirae;Uroviricota;Caudoviricetes;;
RunII_barcode20	contig_1	31246	No terminal repeats	NA	51	11	0.9748	NA	23	59.1310	Viruses;Duplodnaviria;Heunggongvirae;Uroviricota;Caudoviricetes;;
RunII_barcode20	contig_2|provirus_1453868_1488115	34248	Provirus	1453868-1488115	49	11	0.9744	NA	22	55.4642	Viruses;Duplodnaviria;Heunggongvirae;Uroviricota;Caudoviricetes;;
RunII_barcode20	contig_2|provirus_3561819_3596395	34577	Provirus	3561819-3596395	49	11	0.9716	NA	24	51.8712	Viruses;Duplodnaviria;Heunggongvirae;Uroviricota;Caudoviricetes;;
RunII_barcode20	contig_2|provirus_3038841_3073449	34609	Provirus	3038841-3073449	46	11	0.9700	NA	20	48.1140	Viruses;Duplodnaviria;Heunggongvirae;Uroviricota;Caudoviricetes;;
RunII_barcode20	contig_2|provirus_3358853_3411200	52348	Provirus	3358853-3411200	77	11	0.9599	NA	12	53.6976	Viruses;Duplodnaviria;Heunggongvirae;Uroviricota;Caudoviricetes;;
RunII_barcode20	contig_2|provirus_4112099_4119739	7641	Provirus	4112099-4119739	11	11	0.9326	NA	2	11.5053	Viruses;Duplodnaviria;Heunggongvirae;Uroviricota;Caudoviricetes;;
RunII_barcode21	contig_10|provirus_42801_74805	32005	Provirus	42801-74805	45	11	0.9744	NA	24	49.7737	Viruses;Duplodnaviria;Heunggongvirae;Uroviricota;Caudoviricetes;;
RunII_barcode21	contig_9|provirus_38158_68604	30447	Provirus	38158-68604	52	11	0.9562	NA	13	37.2143	Viruses;Duplodnaviria;Heunggongvirae;Uroviricota;Caudoviricetes;;
RunII_barcode21	contig_1|provirus_378165_397460	19296	Provirus	378165-397460	31	11	0.9035	NA	3	13.2313	Viruses;Duplodnaviria;Heunggongvirae;Uroviricota;Caudoviricetes;;
RunII_barcode22	contig_1	31251	No terminal repeats	NA	47	11	0.9751	NA	23	54.0010	Viruses;Duplodnaviria;Heunggongvirae;Uroviricota;Caudoviricetes;;
RunII_barcode22	contig_2|provirus_1238934_1273548	34615	Provirus	1238934-1273548	47	11	0.9742	NA	20	50.6310	Viruses;Duplodnaviria;Heunggongvirae;Uroviricota;Caudoviricetes;;
RunII_barcode22	contig_2|provirus_3823429_3855999	32571	Provirus	3823429-3855999	51	11	0.9729	NA	23	59.6753	Viruses;Duplodnaviria;Heunggongvirae;Uroviricota;Caudoviricetes;;
RunII_barcode22	contig_2|provirus_1761349_1796456	35108	Provirus	1761349-1796456	50	11	0.9704	NA	23	50.5595	Viruses;Duplodnaviria;Heunggongvirae;Uroviricota;Caudoviricetes;;
RunII_barcode22	contig_2|provirus_1558939_1611460	52522	Provirus	1558939-1611460	78	11	0.9593	NA	14	50.1642	Viruses;Duplodnaviria;Heunggongvirae;Uroviricota;Caudoviricetes;;
RunII_barcode24	contig_3|provirus_363546_397770	34225	Provirus	363546-397770	48	11	0.9738	NA	23	55.3780	Viruses;Duplodnaviria;Heunggongvirae;Uroviricota;Caudoviricetes;;
RunII_barcode24	contig_3|provirus_2423143_2457942	34800	Provirus	2423143-2457942	56	11	0.9704	NA	28	55.7896	Viruses;Duplodnaviria;Heunggongvirae;Uroviricota;Caudoviricetes;;
RunII_barcode24	contig_1|provirus_726_35842	35117	Provirus	726-35842	50	11	0.9695	NA	12	46.7827	Viruses;Duplodnaviria;Heunggongvirae;Uroviricota;Caudoviricetes;;
RunII_barcode24	contig_1|provirus_329465_363657	34193	Provirus	329465-363657	48	11	0.9683	NA	18	46.1078	Viruses;Duplodnaviria;Heunggongvirae;Uroviricota;Caudoviricetes;;
RunII_barcode24	contig_3|provirus_2608539_2615821	7283	Provirus	2608539-2615821	14	11	0.9663	NA	1	12.0761	Viruses;Duplodnaviria;Heunggongvirae;Uroviricota;Caudoviricetes;;
RunIII_barcode01	contig_1|provirus_1188394_1224112	35719	Provirus	1188394-1224112	44	11	0.9739	NA	22	48.7959	Viruses;Duplodnaviria;Heunggongvirae;Uroviricota;Caudoviricetes;;
RunIII_barcode01	contig_1|provirus_3298840_3333108	34269	Provirus	3298840-3333108	47	11	0.9730	NA	21	52.2977	Viruses;Duplodnaviria;Heunggongvirae;Uroviricota;Caudoviricetes;;
RunIII_barcode01	contig_1|provirus_1373861_1415908	42048	Provirus	1373861-1415908	56	11	0.9674	NA	13	56.2879	Viruses;Duplodnaviria;Heunggongvirae;Uroviricota;Caudoviricetes;;
RunIII_barcode01	contig_1|provirus_1712113_1747065	34953	Provirus	1712113-1747065	45	11	0.9666	NA	18	44.3271	Viruses;Duplodnaviria;Heunggongvirae;Uroviricota;Caudoviricetes;;
RunIII_barcode02	contig_2|provirus_2042447_2076716	34270	Provirus	2042447-2076716	48	11	0.9728	NA	23	54.5280	Viruses;Duplodnaviria;Heunggongvirae;Uroviricota;Caudoviricetes;;
RunIII_barcode02	contig_2|provirus_4151446_4161121	9676	Provirus	4151446-4161121	9	11	0.9722	NA	5	8.7590	Viruses;Duplodnaviria;Heunggongvirae;Uroviricota;Caudoviricetes;;
RunIII_barcode02	contig_2|provirus_3959649_4001697	42049	Provirus	3959649-4001697	57	11	0.9708	NA	13	56.2879	Viruses;Duplodnaviria;Heunggongvirae;Uroviricota;Caudoviricetes;;
RunIII_barcode02	contig_2|provirus_3628493_3663444	34952	Provirus	3628493-3663444	46	11	0.9685	NA	18	44.3271	Viruses;Duplodnaviria;Heunggongvirae;Uroviricota;Caudoviricetes;;
RunIII_barcode02	contig_1	2119	No terminal repeats	NA	4	11	0.9664	NA	1	5.1764	Viruses;Duplodnaviria;Heunggongvirae;Uroviricota;Caudoviricetes;;
RunIII_barcode02	contig_2|provirus_378_15241	14864	Provirus	378-15241	19	11	0.9655	NA	6	17.2942	Viruses;Duplodnaviria;Heunggongvirae;Uroviricota;Caudoviricetes;;
RunIII_barcode03	contig_3	31274	No terminal repeats	NA	44	11	0.9759	NA	21	52.2128	Viruses;Duplodnaviria;Heunggongvirae;Uroviricota;Caudoviricetes;;
RunIII_barcode03	contig_4|provirus_4140906_4161370	20465	Provirus	4140906-4161370	32	11	0.9736	NA	13	36.4254	Viruses;Duplodnaviria;Heunggongvirae;Uroviricota;Caudoviricetes;;
RunIII_barcode03	contig_4|provirus_2077982_2113700	35719	Provirus	2077982-2113700	44	11	0.9727	NA	22	48.7959	Viruses;Duplodnaviria;Heunggongvirae;Uroviricota;Caudoviricetes;;
RunIII_barcode03	contig_4|provirus_1886186_1928233	42048	Provirus	1886186-1928233	56	11	0.9707	NA	13	56.2879	Viruses;Duplodnaviria;Heunggongvirae;Uroviricota;Caudoviricetes;;
RunIII_barcode03	contig_4|provirus_1555029_1589981	34953	Provirus	1555029-1589981	45	11	0.9692	NA	18	44.3271	Viruses;Duplodnaviria;Heunggongvirae;Uroviricota;Caudoviricetes;;
RunIII_barcode03	contig_1	6659	No terminal repeats	NA	11	11	0.9661	NA	6	11.6428	Viruses;Duplodnaviria;Heunggongvirae;Uroviricota;Caudoviricetes;;
RunIII_barcode03	contig_2	6515	No terminal repeats	NA	8	11	0.9421	NA	4	7.7886	Viruses;Duplodnaviria;Heunggongvirae;Uroviricota;Caudoviricetes;;
RunIII_barcode04	contig_1|provirus_425366_459634	34269	Provirus	425366-459634	47	11	0.9731	NA	21	52.2977	Viruses;Duplodnaviria;Heunggongvirae;Uroviricota;Caudoviricetes;;
RunIII_barcode04	contig_1|provirus_2534361_2570079	35719	Provirus	2534361-2570079	44	11	0.9727	NA	22	48.7959	Viruses;Duplodnaviria;Heunggongvirae;Uroviricota;Caudoviricetes;;
RunIII_barcode04	contig_1|provirus_2342565_2384612	42048	Provirus	2342565-2384612	56	11	0.9707	NA	13	56.2879	Viruses;Duplodnaviria;Heunggongvirae;Uroviricota;Caudoviricetes;;
RunIII_barcode04	contig_1|provirus_2011408_2046360	34953	Provirus	2011408-2046360	45	11	0.9692	NA	18	44.3271	Viruses;Duplodnaviria;Heunggongvirae;Uroviricota;Caudoviricetes;;
RunIII_barcode04	contig_3	3916	No terminal repeats	NA	7	11	0.9546	NA	6	8.1706	Viruses;Duplodnaviria;Heunggongvirae;Uroviricota;Caudoviricetes;;
RunIII_barcode05	contig_1|provirus_2369985_2416148	46164	Provirus	2369985-2416148	64	11	0.9610	NA	20	64.2697	Viruses;Duplodnaviria;Heunggongvirae;Uroviricota;Caudoviricetes;;
RunIII_barcode07	contig_10	14463	No terminal repeats	NA	21	11	0.9618	NA	9	17.6727	Viruses;Duplodnaviria;Heunggongvirae;Uroviricota;Caudoviricetes;;
RunIII_barcode07	contig_5|provirus_2421604_2432515	10912	Provirus	2421604-2432515	16	11	0.9541	NA	2	12.8249	Viruses;Duplodnaviria;Heunggongvirae;Uroviricota;Caudoviricetes;;
RunIII_barcode07	contig_7|provirus_397_5135	4739	Provirus	397-5135	10	11	0.8813	NA	0	5.4226	Viruses;Duplodnaviria;Heunggongvirae;Uroviricota;Caudoviricetes;;
RunIII_barcode08	contig_62|provirus_20046_35429	15384	Provirus	20046-35429	20	11	0.9738	NA	5	19.4941	Viruses;Duplodnaviria;Heunggongvirae;Uroviricota;Caudoviricetes;;
RunIII_barcode08	contig_99|provirus_6476_40931	34456	Provirus	6476-40931	46	11	0.9706	NA	8	26.4714	Viruses;Duplodnaviria;Heunggongvirae;Uroviricota;Caudoviricetes;;
RunIII_barcode09	contig_3|provirus_3732430_3770586	38157	Provirus	3732430-3770586	51	11	0.9743	NA	19	60.6353	Viruses;Duplodnaviria;Heunggongvirae;Uroviricota;Caudoviricetes;;
RunIII_barcode09	contig_3|provirus_47150_64965	17816	Provirus	47150-64965	27	11	0.9618	NA	5	18.7694	Viruses;Duplodnaviria;Heunggongvirae;Uroviricota;Caudoviricetes;;
RunIII_barcode11	contig_4|provirus_44225_55678	11454	Provirus	44225-55678	13	11	0.9787	NA	7	15.2890	Viruses;Duplodnaviria;Heunggongvirae;Uroviricota;Caudoviricetes;;
RunIII_barcode11	contig_4|provirus_811196_831392	20197	Provirus	811196-831392	25	11	0.9716	NA	6	35.7808	Viruses;Duplodnaviria;Heunggongvirae;Uroviricota;Caudoviricetes;;
RunIII_barcode12	contig_7|provirus_514911_546921	32011	Provirus	514911-546921	45	11	0.9764	NA	22	50.4251	Viruses;Duplodnaviria;Heunggongvirae;Uroviricota;Caudoviricetes;;
RunIII_barcode12	contig_5|provirus_101089_139167	38079	Provirus	101089-139167	51	11	0.9633	NA	22	50.7494	Viruses;Duplodnaviria;Heunggongvirae;Uroviricota;Caudoviricetes;;
RunIII_barcode12	contig_6|provirus_317211_334655	17445	Provirus	317211-334655	28	11	0.9461	NA	3	11.0783	Viruses;Duplodnaviria;Heunggongvirae;Uroviricota;Caudoviricetes;;
RunIII_barcode12	contig_5|provirus_1778_9203	7426	Provirus	1778-9203	15	11	0.8475	NA	0	6.3615	Viruses;Duplodnaviria;Heunggongvirae;Uroviricota;Caudoviricetes;;
RunIII_barcode13	contig_5|provirus_32384_67199	34816	Provirus	32384-67199	47	11	0.9711	NA	24	53.0895	Viruses;Duplodnaviria;Heunggongvirae;Uroviricota;Caudoviricetes;;
RunIII_barcode13	contig_10|provirus_33553_51366	17814	Provirus	33553-51366	26	11	0.9535	NA	4	17.7755	Viruses;Duplodnaviria;Heunggongvirae;Uroviricota;Caudoviricetes;;
RunIII_barcode14	contig_15|provirus_32794_67608	34815	Provirus	32794-67608	47	11	0.9712	NA	24	53.0895	Viruses;Duplodnaviria;Heunggongvirae;Uroviricota;Caudoviricetes;;
RunIII_barcode14	contig_23|provirus_113650_131463	17814	Provirus	113650-131463	26	11	0.9535	NA	4	17.7755	Viruses;Duplodnaviria;Heunggongvirae;Uroviricota;Caudoviricetes;;
RunIII_barcode15	contig_3|provirus_309212_343539	34328	Provirus	309212-343539	43	11	0.9717	NA	21	51.7585	Viruses;Duplodnaviria;Heunggongvirae;Uroviricota;Caudoviricetes;;
RunIII_barcode16	contig_1|provirus_808001_841131	33131	Provirus	808001-841131	45	11	0.9763	NA	21	50.6702	Viruses;Duplodnaviria;Heunggongvirae;Uroviricota;Caudoviricetes;;
RunIII_barcode16	contig_1|provirus_1549716_1594945	45230	Provirus	1549716-1594945	73	11	0.9601	NA	20	64.8874	Viruses;Duplodnaviria;Heunggongvirae;Uroviricota;Caudoviricetes;;
RunIII_barcode17	contig_10|provirus_776527_796378	19852	Provirus	776527-796378	22	11	0.9652	NA	15	28.7758	Viruses;Duplodnaviria;Heunggongvirae;Uroviricota;Caudoviricetes;;
RunIII_barcode17	contig_14|provirus_1_30397	30397	Provirus	1-30397	35	11	0.7601	NA	2	8.9664	Viruses;Duplodnaviria;Heunggongvirae;Uroviricota;Caudoviricetes;;
RunIII_barcode19	contig_1|provirus_3341443_3374245	32803	Provirus	3341443-3374245	42	11	0.9754	NA	16	51.0949	Viruses;Duplodnaviria;Heunggongvirae;Uroviricota;Caudoviricetes;;
RunIII_barcode19	contig_1|provirus_2690903_2737499	46597	Provirus	2690903-2737499	68	11	0.9707	NA	20	62.0181	Viruses;Duplodnaviria;Heunggongvirae;Uroviricota;Caudoviricetes;;
RunIII_barcode19	contig_1|provirus_1257829_1290463	32635	Provirus	1257829-1290463	44	11	0.9690	NA	22	49.2743	Viruses;Duplodnaviria;Heunggongvirae;Uroviricota;Caudoviricetes;;
RunIII_barcode19	contig_1|provirus_2241478_2259295	17818	Provirus	2241478-2259295	25	11	0.9531	NA	4	19.4824	Viruses;Duplodnaviria;Heunggongvirae;Uroviricota;Caudoviricetes;;
RunIII_barcode20	contig_3|provirus_681309_722350	41042	Provirus	681309-722350	61	11	0.9737	NA	11	66.8754	Viruses;Duplodnaviria;Heunggongvirae;Uroviricota;Caudoviricetes;;
RunIII_barcode20	contig_1|provirus_2886495_2920832	34338	Provirus	2886495-2920832	46	11	0.9692	NA	21	49.8525	Viruses;Duplodnaviria;Heunggongvirae;Uroviricota;Caudoviricetes;;
RunIII_barcode20	contig_1|provirus_1262637_1283266	20630	Provirus	1262637-1283266	29	11	0.9532	NA	16	33.4838	Viruses;Duplodnaviria;Heunggongvirae;Uroviricota;Caudoviricetes;;
RunIII_barcode20	contig_1|provirus_212416_226240	13825	Provirus	212416-226240	14	11	0.8940	NA	2	3.7743	Viruses;Duplodnaviria;Heunggongvirae;Uroviricota;Caudoviricetes;;Drexlerviridae
RunIII_barcode20	contig_2	2234	No terminal repeats	NA	4	11	0.8702	NA	1	5.2941	Viruses;Duplodnaviria;Heunggongvirae;Uroviricota;Caudoviricetes;;
RunIII_barcode21	contig_8|provirus_500363_533618	33256	Provirus	500363-533618	46	11	0.9736	NA	21	47.8578	Viruses;Duplodnaviria;Heunggongvirae;Uroviricota;Caudoviricetes;;
RunIII_barcode21	contig_8|provirus_431999_446590	14592	Provirus	431999-446590	17	11	0.7286	NA	2	5.0863	Viruses;Duplodnaviria;Heunggongvirae;Uroviricota;Caudoviricetes;;
RunIII_barcode22	contig_1|provirus_811844_846540	34697	Provirus	811844-846540	46	11	0.9663	NA	21	50.0857	Viruses;Duplodnaviria;Heunggongvirae;Uroviricota;Caudoviricetes;;
RunIII_barcode23	contig_1|provirus_1633551_1674591	41041	Provirus	1633551-1674591	61	11	0.9720	NA	11	66.8754	Viruses;Duplodnaviria;Heunggongvirae;Uroviricota;Caudoviricetes;;
RunIII_barcode23	contig_1|provirus_765638_799565	33928	Provirus	765638-799565	46	11	0.9700	NA	21	49.8525	Viruses;Duplodnaviria;Heunggongvirae;Uroviricota;Caudoviricetes;;
RunIII_barcode23	contig_1|provirus_3617634_3638263	20630	Provirus	3617634-3638263	29	11	0.9532	NA	16	33.4838	Viruses;Duplodnaviria;Heunggongvirae;Uroviricota;Caudoviricetes;;
RunIII_barcode23	contig_1|provirus_2567422_2581245	13824	Provirus	2567422-2581245	15	11	0.8063	NA	2	3.7743	Viruses;Duplodnaviria;Heunggongvirae;Uroviricota;Caudoviricetes;;Drexlerviridae
RunI_LR_HA1	contig_1|provirus_2135472_2174861	39390	Provirus	2135472-2174861	54	11	0.9793	NA	15	55.5878	Viruses;Duplodnaviria;Heunggongvirae;Uroviricota;Caudoviricetes;;
RunI_LR_HA1	contig_1|provirus_2568997_2628462	59466	Provirus	2568997-2628462	98	11	0.9730	NA	16	91.4744	Viruses;Duplodnaviria;Heunggongvirae;Uroviricota;Caudoviricetes;;
RunI_LR_HA1	contig_1|provirus_3217642_3259156	41515	Provirus	3217642-3259156	54	11	0.9720	NA	10	58.3251	Viruses;Duplodnaviria;Heunggongvirae;Uroviricota;Caudoviricetes;;
RunI_LR_HA1	contig_1|provirus_2219045_2269537	50493	Provirus	2219045-2269537	72	11	0.9606	NA	17	59.8751	Viruses;Duplodnaviria;Heunggongvirae;Uroviricota;Caudoviricetes;;
RunI_LR_HA1	contig_3|provirus_110878_164571	53694	Provirus	110878-164571	60	11	0.9491	NA	15	47.0550	Viruses;Duplodnaviria;Heunggongvirae;Uroviricota;Caudoviricetes;;
RunI_LR_HA1	contig_1|provirus_2456241_2477560	21320	Provirus	2456241-2477560	30	11	0.9441	NA	11	24.7223	Viruses;Duplodnaviria;Heunggongvirae;Uroviricota;Caudoviricetes;;
RunI_LR_HA1	contig_1|provirus_1155873_1169659	13787	Provirus	1155873-1169659	25	11	0.9144	NA	0	8.2821	Viruses;Duplodnaviria;Heunggongvirae;Uroviricota;Caudoviricetes;;
RunI_LR_HA1	contig_4|provirus_5765_32686	26922	Provirus	5765-32686	32	11	0.8974	NA	5	10.4887	Viruses;Duplodnaviria;Heunggongvirae;Uroviricota;Caudoviricetes;;
RunI_LR_HA2	contig_1|provirus_2135470_2174859	39390	Provirus	2135470-2174859	54	11	0.9793	NA	15	55.5878	Viruses;Duplodnaviria;Heunggongvirae;Uroviricota;Caudoviricetes;;
RunI_LR_HA2	contig_1|provirus_2569335_2628800	59466	Provirus	2569335-2628800	98	11	0.9730	NA	16	91.4744	Viruses;Duplodnaviria;Heunggongvirae;Uroviricota;Caudoviricetes;;
RunI_LR_HA2	contig_1|provirus_3217980_3259494	41515	Provirus	3217980-3259494	54	11	0.9720	NA	10	58.3251	Viruses;Duplodnaviria;Heunggongvirae;Uroviricota;Caudoviricetes;;
RunI_LR_HA2	contig_1|provirus_2219043_2269875	50833	Provirus	2219043-2269875	72	11	0.9529	NA	17	59.8751	Viruses;Duplodnaviria;Heunggongvirae;Uroviricota;Caudoviricetes;;
RunI_LR_HA2	contig_3|provirus_110864_164559	53696	Provirus	110864-164559	61	11	0.9473	NA	15	46.7247	Viruses;Duplodnaviria;Heunggongvirae;Uroviricota;Caudoviricetes;;
RunI_LR_HA2	contig_1|provirus_2456579_2477898	21320	Provirus	2456579-2477898	30	11	0.9441	NA	11	24.7223	Viruses;Duplodnaviria;Heunggongvirae;Uroviricota;Caudoviricetes;;
RunI_LR_HA2	contig_1|provirus_1155871_1169657	13787	Provirus	1155871-1169657	25	11	0.9144	NA	0	8.2821	Viruses;Duplodnaviria;Heunggongvirae;Uroviricota;Caudoviricetes;;
RunI_LR_HA2	contig_4|provirus_5765_33116	27352	Provirus	5765-33116	31	11	0.9084	NA	5	10.4887	Viruses;Duplodnaviria;Heunggongvirae;Uroviricota;Caudoviricetes;;
RunI_LR_HA3	contig_1|provirus_813399_844520	31122	Provirus	813399-844520	43	11	0.9754	NA	22	50.5345	Viruses;Duplodnaviria;Heunggongvirae;Uroviricota;Caudoviricetes;;
RunI_LR_HA3	contig_1|provirus_1145811_1186648	40838	Provirus	1145811-1186648	55	11	0.9747	NA	8	58.9796	Viruses;Duplodnaviria;Heunggongvirae;Uroviricota;Caudoviricetes;;
RunI_LR_HA3	contig_1|provirus_2583370_2624885	41516	Provirus	2583370-2624885	61	11	0.9744	NA	13	71.7322	Viruses;Duplodnaviria;Heunggongvirae;Uroviricota;Caudoviricetes;;
RunI_LR_HA3	contig_1|provirus_1857323_1892976	35654	Provirus	1857323-1892976	51	11	0.9588	NA	11	34.7549	Viruses;Duplodnaviria;Heunggongvirae;Uroviricota;Caudoviricetes;;
RunI_LR_HA3	contig_1|provirus_1748754_1764536	15783	Provirus	1748754-1764536	24	11	0.9260	NA	1	13.3825	Viruses;Duplodnaviria;Heunggongvirae;Uroviricota;Caudoviricetes;;
RunI_LR_HA3	contig_1|provirus_2769902_2777202	7301	Provirus	2769902-2777202	10	11	0.9203	NA	2	6.9523	Viruses;Duplodnaviria;Heunggongvirae;Uroviricota;Caudoviricetes;;
RunI_LR_HA4	contig_1|provirus_628153_662421	34269	Provirus	628153-662421	47	11	0.9731	NA	21	52.2977	Viruses;Duplodnaviria;Heunggongvirae;Uroviricota;Caudoviricetes;;
RunI_LR_HA4	contig_1|provirus_2737153_2772871	35719	Provirus	2737153-2772871	44	11	0.9727	NA	22	48.7959	Viruses;Duplodnaviria;Heunggongvirae;Uroviricota;Caudoviricetes;;
RunI_LR_HA4	contig_1|provirus_2545357_2587404	42048	Provirus	2545357-2587404	56	11	0.9707	NA	13	56.2879	Viruses;Duplodnaviria;Heunggongvirae;Uroviricota;Caudoviricetes;;
RunI_LR_HA4	contig_1|provirus_2214200_2249152	34953	Provirus	2214200-2249152	45	11	0.9692	NA	18	44.3271	Viruses;Duplodnaviria;Heunggongvirae;Uroviricota;Caudoviricetes;;
RunI_LR_HA5	contig_1|provirus_1790943_1832367	41425	Provirus	1790943-1832367	62	11	0.9764	NA	18	64.7910	Viruses;Duplodnaviria;Heunggongvirae;Uroviricota;Caudoviricetes;;
RunI_LR_HA5	contig_1|provirus_651460_684269	32810	Provirus	651460-684269	43	11	0.9715	NA	15	49.3766	Viruses;Duplodnaviria;Heunggongvirae;Uroviricota;Caudoviricetes;;
RunI_LR_HA5	contig_1|provirus_1707971_1725788	17818	Provirus	1707971-1725788	26	11	0.9603	NA	5	20.4764	Viruses;Duplodnaviria;Heunggongvirae;Uroviricota;Caudoviricetes;;
RunI_LR_HA5	contig_6	6401	No terminal repeats	NA	10	11	0.8196	NA	0	1.7183	Viruses;Duplodnaviria;Heunggongvirae;Uroviricota;Caudoviricetes;;
RunI_LR_HA6	contig_1|provirus_628201_662469	34269	Provirus	628201-662469	47	11	0.9731	NA	21	52.2977	Viruses;Duplodnaviria;Heunggongvirae;Uroviricota;Caudoviricetes;;
RunI_LR_HA6	contig_1|provirus_2737195_2772913	35719	Provirus	2737195-2772913	44	11	0.9727	NA	22	48.7959	Viruses;Duplodnaviria;Heunggongvirae;Uroviricota;Caudoviricetes;;
RunI_LR_HA6	contig_1|provirus_2545400_2587447	42048	Provirus	2545400-2587447	56	11	0.9707	NA	13	56.2879	Viruses;Duplodnaviria;Heunggongvirae;Uroviricota;Caudoviricetes;;
RunI_LR_HA6	contig_1|provirus_2214244_2249196	34953	Provirus	2214244-2249196	45	11	0.9692	NA	18	44.3271	Viruses;Duplodnaviria;Heunggongvirae;Uroviricota;Caudoviricetes;;
RunI_LR_HA7	contig_1|provirus_628197_662465	34269	Provirus	628197-662465	47	11	0.9731	NA	21	52.2977	Viruses;Duplodnaviria;Heunggongvirae;Uroviricota;Caudoviricetes;;
RunI_LR_HA7	contig_1|provirus_2737179_2772897	35719	Provirus	2737179-2772897	44	11	0.9727	NA	22	48.7959	Viruses;Duplodnaviria;Heunggongvirae;Uroviricota;Caudoviricetes;;
RunI_LR_HA7	contig_1|provirus_2545383_2587430	42048	Provirus	2545383-2587430	56	11	0.9707	NA	13	56.2879	Viruses;Duplodnaviria;Heunggongvirae;Uroviricota;Caudoviricetes;;
RunI_LR_HA7	contig_1|provirus_2214227_2249179	34953	Provirus	2214227-2249179	45	11	0.9692	NA	18	44.3271	Viruses;Duplodnaviria;Heunggongvirae;Uroviricota;Caudoviricetes;;
RunI_LR_HA8	contig_1|provirus_628200_662468	34269	Provirus	628200-662468	47	11	0.9731	NA	21	52.2977	Viruses;Duplodnaviria;Heunggongvirae;Uroviricota;Caudoviricetes;;
RunI_LR_HA8	contig_1|provirus_2736776_2772493	35718	Provirus	2736776-2772493	44	11	0.9727	NA	22	48.7959	Viruses;Duplodnaviria;Heunggongvirae;Uroviricota;Caudoviricetes;;
RunI_LR_HA8	contig_1|provirus_2544982_2587029	42048	Provirus	2544982-2587029	56	11	0.9707	NA	13	56.2879	Viruses;Duplodnaviria;Heunggongvirae;Uroviricota;Caudoviricetes;;
RunI_LR_HA8	contig_1|provirus_2213825_2248777	34953	Provirus	2213825-2248777	45	11	0.9692	NA	18	44.3271	Viruses;Duplodnaviria;Heunggongvirae;Uroviricota;Caudoviricetes;;
RunIV_barcode07	contig_1|provirus_103762_138030	34269	Provirus	103762-138030	43	11	0.9413	NA	11	33.3686	Viruses;Duplodnaviria;Heunggongvirae;Uroviricota;Caudoviricetes;;
RunIV_barcode08	contig_1|provirus_2876614_2891996	15383	Provirus	2876614-2891996	18	11	0.9745	NA	6	15.4815	Viruses;Duplodnaviria;Heunggongvirae;Uroviricota;Caudoviricetes;;
RunIV_barcode08	contig_1|provirus_193299_227742	34444	Provirus	193299-227742	50	11	0.9704	NA	8	29.5438	Viruses;Duplodnaviria;Heunggongvirae;Uroviricota;Caudoviricetes;;
RunIV_barcode12	contig_1|provirus_716414_748423	32010	Provirus	716414-748423	45	11	0.9751	NA	22	50.4251	Viruses;Duplodnaviria;Heunggongvirae;Uroviricota;Caudoviricetes;;
RunIV_barcode12	contig_1|provirus_1737281_1774977	37697	Provirus	1737281-1774977	48	11	0.9651	NA	22	49.3508	Viruses;Duplodnaviria;Heunggongvirae;Uroviricota;Caudoviricetes;;
RunIV_barcode12	contig_1|provirus_1616875_1645395	28521	Provirus	1616875-1645395	42	11	0.9412	NA	2	12.3286	Viruses;Duplodnaviria;Heunggongvirae;Uroviricota;Caudoviricetes;;
RunIV_barcode14	contig_2|provirus_32792_67605	34814	Provirus	32792-67605	47	11	0.9733	NA	24	54.7933	Viruses;Duplodnaviria;Heunggongvirae;Uroviricota;Caudoviricetes;;
RunIV_barcode14	contig_3|provirus_1706217_1724030	17814	Provirus	1706217-1724030	26	11	0.9535	NA	4	17.7755	Viruses;Duplodnaviria;Heunggongvirae;Uroviricota;Caudoviricetes;;
RunIV_barcode15	contig_1|provirus_2321857_2356182	34326	Provirus	2321857-2356182	43	11	0.9713	NA	21	51.7585	Viruses;Duplodnaviria;Heunggongvirae;Uroviricota;Caudoviricetes;;
RunIV_barcode17	contig_2|provirus_1783192_1832885	49694	Provirus	1783192-1832885	54	11	0.9129	NA	17	39.1179	Viruses;Duplodnaviria;Heunggongvirae;Uroviricota;Caudoviricetes;;
RunIV_barcode21	contig_1|provirus_717480_750835	33356	Provirus	717480-750835	43	11	0.9751	NA	23	48.4085	Viruses;Duplodnaviria;Heunggongvirae;Uroviricota;Caudoviricetes;;
RunIV_barcode21	contig_1|provirus_804606_819197	14592	Provirus	804606-819197	17	11	0.7209	NA	2	5.0863	Viruses;Duplodnaviria;Heunggongvirae;Uroviricota;Caudoviricetes;;
RunIV_barcode26	contig_3|provirus_3370272_3409460	39189	Provirus	3370272-3409460	51	11	0.9585	NA	24	49.5342	Viruses;Duplodnaviria;Heunggongvirae;Uroviricota;Caudoviricetes;;
RunIV_barcode26	contig_3|provirus_159064_193332	34269	Provirus	159064-193332	43	11	0.9413	NA	11	33.3686	Viruses;Duplodnaviria;Heunggongvirae;Uroviricota;Caudoviricetes;;
RunIV_barcode27	contig_1|provirus_1285946_1293891	7946	Provirus	1285946-1293891	13	11	0.9760	NA	6	13.8601	Viruses;Duplodnaviria;Heunggongvirae;Uroviricota;Caudoviricetes;;
RunIV_barcode27	contig_1|provirus_1219532_1255442	35911	Provirus	1219532-1255442	46	11	0.9716	NA	23	49.5879	Viruses;Duplodnaviria;Heunggongvirae;Uroviricota;Caudoviricetes;;
RunIV_barcode27	contig_1|provirus_2257493_2313503	56011	Provirus	2257493-2313503	87	11	0.9687	NA	9	80.1419	Viruses;Duplodnaviria;Heunggongvirae;Uroviricota;Caudoviricetes;;
