"Gene","Annotation"
"cdiA_2","hypothetical protein"
"ndvB","Cyclic beta-(1,2)-glucan synthase NdvB"
"group_1006","hypothetical protein"
"copA","Copper-exporting P-type ATPase"
"pilQ","Type IV pilus biogenesis and competence protein PilQ"
"emrB_1","Multidrug export protein EmrB"
"yncE_1","putative protein YncE"
"fadH","2,4-dienoyl-CoA reductase"
"lysO","Lysine exporter LysO"
"group_1022","hypothetical protein"
"group_1023","hypothetical protein"
"amiB","hypothetical protein"
"group_1025","hypothetical protein"
"group_1027","hypothetical protein"
"eae_2","hypothetical protein"
"ppsA","Phosphoenolpyruvate synthase"
"sufB","FeS cluster assembly protein SufB"
"glgX_1","Glycogen operon protein GlgX"
"ydbD","putative manganese catalase"
"group_1033","hypothetical protein"
"dtpA","Dipeptide and tripeptide permease A"
"pyrG_2","CTP synthase"
"tyrR","Transcriptional regulatory protein TyrR"
"sdaA","L-serine dehydratase 1"
"group_1042","hypothetical protein"
"mdoH","Glucans biosynthesis glucosyltransferase H"
"fabB_2","3-oxoacyl-[acyl-carrier-protein] synthase 1"
"tsr_2","Methyl-accepting chemotaxis protein I"
"group_1047","L-gulono-1,4-lactone dehydrogenase"
"puuR","HTH-type transcriptional regulator PuuR"
"yajO_1","1-deoxyxylulose-5-phosphate synthase YajO"
"entF","Enterobactin synthase component F"
"baeS","Signal transduction histidine-protein kinase BaeS"
"group_1051","hypothetical protein"
"apbE_1","FAD:protein FMN transferase"
"nuoL","NADH-quinone oxidoreductase subunit L"
"aroC","Chorismate synthase"
"yhjX","putative MFS-type transporter YhjX"
"dgcM_1","hypothetical protein"
"glrK","Sensor histidine kinase GlrK"
"lepA","Elongation factor 4"
"aceK","Isocitrate dehydrogenase kinase/phosphatase"
"group_1063","hypothetical protein"
"kdsD","Arabinose 5-phosphate isomerase KdsD"
"sgrR_2","HTH-type transcriptional regulator SgrR"
"leuB","3-isopropylmalate dehydratase large subunit 1"
"fhuD","Iron(3+)-hydroxamate-binding protein FhuD"
"ycgZ_2","hypothetical protein"
"mntB_4","Manganese transport system ATP-binding protein MntB"
"group_1070","HTH-type transcriptional regulator DmlR"
"dgcC","putative diguanylate cyclase DgcC"
"group_1074","hypothetical protein"
"group_1075","hypothetical protein"
"group_1077","hypothetical protein"
"dmlR_12","HTH-type transcriptional regulator DmlR"
"group_1080","hypothetical protein"
"group_1081","2-nitroimidazole transporter"
"hxlR","HTH-type transcriptional activator HxlR"
"group_1086","tRNA 5-methylaminomethyl-2-thiouridine biosynthesis bifunctional protein MnmC"
"mscM","Miniconductance mechanosensitive channel MscM"
"group_1088","hypothetical protein"
"group_1089","hypothetical protein"
"bglF_1","PTS system beta-glucoside-specific EIIBCA component"
"dnaG","DNA primase"
"metK","S-adenosylmethionine synthase"
"recD","RecBCD enzyme subunit RecD"
"cysG_2","Siroheme synthase"
"group_1096","hypothetical protein"
"rutD_2","Putative aminoacrylate hydrolase RutD"
"argD","Acetylornithine/succinyldiaminopimelate aminotransferase"
"gyrB","DNA gyrase subunit B"
"atpA","ATP synthase subunit alpha"
"rbsR_1","Ribose operon repressor"
"kbl","L-threonine 3-dehydrogenase"
"metL","Bifunctional aspartokinase/homoserine dehydrogenase 2"
"ppc","Phosphoenolpyruvate carboxylase"
"eptA","Phosphoethanolamine transferase EptA"
"ushA","Protein UshA"
"cfa","Cyclopropane-fatty-acyl-phospholipid synthase"
"yecM","Protein YecM"
"cueO","Blue copper oxidase CueO"
"hepA","Heterocyst differentiation ATP-binding protein HepA"
"group_113","hypothetical protein"
"pepT_2","Peptidase T"
"aceF","Dihydrolipoyllysine-residue acetyltransferase component of pyruvate dehydrogenase complex"
"pepA","Cytosol aminopeptidase"
"group_1137","putative signaling protein"
"group_1138","hypothetical protein"
"prc","Tail-specific protease"
"mdtB_1","Multidrug resistance protein MdtB"
"tolA","hypothetical protein"
"group_1143","hypothetical protein"
"ybdL_1","Methionine aminotransferase"
"uhpB","Signal transduction histidine-protein kinase/phosphatase UhpB"
"ydjE","Inner membrane metabolite transport protein YdjE"
"perR_1","HTH-type transcriptional regulator PerR"
"gcvP","Glycine dehydrogenase (decarboxylating)"
"radD","Putative DNA repair helicase RadD"
"malQ_2","4-alpha-glucanotransferase"
"group_1150","hypothetical protein"
"golD","NAD-dependent glycerol dehydrogenase"
"ydiV","Anti-FlhC(2)FlhD(4) factor YdiV"
"ydhC","Inner membrane transport protein YdhC"
"yahB","putative HTH-type transcriptional regulator YahB"
"uvsE","UV DNA damage endonuclease"
"lapB","Lipopolysaccharide assembly protein B"
"rpnA","ISNCY family transposase ISSen7"
"pgpB","Phosphatidylglycerophosphatase B"
"trpE","Anthranilate synthase component 1"
"manX","PTS system mannose-specific EIIAB component"
"yceF","7-methyl-GTP pyrophosphatase"
"group_1166","hypothetical protein"
"pncB","Nicotinate phosphoribosyltransferase"
"aspC","Aspartate aminotransferase"
"rarA","Replication-associated recombination protein A"
"ydcV","Inner membrane ABC transporter permease protein YdcV"
"potH","Putrescine transport system permease protein PotH"
"yliI","Aldose sugar dehydrogenase YliI"
"bioA","Adenosylmethionine-8-amino-7-oxononanoate aminotransferase"
"galM","Galactokinase"
"ogt","Methylated-DNA--protein-cysteine methyltransferase, constitutive"
"pcp","Pyrrolidone-carboxylate peptidase"
"group_1178","hypothetical protein"
"hcaD","3-phenylpropionate/cinnamic acid dioxygenase ferredoxin--NAD(+) reductase component"
"patB","Cystathionine beta-lyase PatB"
"yejK","Nucleoid-associated protein YejK"
"mdoD","Glucans biosynthesis protein D"
"folC","Dihydrofolate synthase/folylpolyglutamate synthase"
"ptsI","Phosphoenolpyruvate-protein phosphotransferase"
"cysT","Sulfate/thiosulfate import ATP-binding protein CysA"
"ppx","Exopolyphosphatase"
"group_1189","hypothetical protein"
"murP","PTS system N-acetylmuramic acid-specific EIIBC component"
"aspA","Aspartate ammonia-lyase"
"entE","Enterobactin synthase component E"
"entS_2","Enterobactin exporter EntS"
"argF","Ornithine carbamoyltransferase subunit F"
"livF_3","High-affinity branched-chain amino acid transport ATP-binding protein LivF"
"group_1200","hypothetical protein"
"ftsI_2","Peptidoglycan D,D-transpeptidase FtsI"
"group_1202","hypothetical protein"
"group_1203","hypothetical protein"
"group_1205","hypothetical protein"
"malF","Maltose/maltodextrin transport system permease protein MalF"
"group_1211","hypothetical protein"
"mreC","Rod shape-determining protein MreD"
"yjiG","hypothetical protein"
"rutD_1","Putative aminoacrylate hydrolase RutD"
"xypA_1","Xylitol-binding protein"
"group_1222","hypothetical protein"
"iolI","Inosose isomerase"
"glgB","1,4-alpha-glucan branching enzyme GlgB"
"group_1225","hypothetical protein"
"fadB_2","Fatty acid oxidation complex subunit alpha"
"group_1228","hypothetical protein"
"wecC","UDP-N-acetyl-D-mannosamine dehydrogenase"
"tabA","Toxin-antitoxin biofilm protein TabA"
"xylB_1","Xylulose kinase"
"yihX","Alpha-D-glucose 1-phosphate phosphatase YihX"
"hexR_2","HTH-type transcriptional regulator HexR"
"group_1244","Alcohol dehydrogenase"
"srlR_2","Glucitol operon repressor"
"nicT","Putative metabolite transport protein NicT"
"ydaP","Putative thiamine pyrophosphate-containing protein YdaP"
"tsr_3","Methyl-accepting chemotaxis protein I"
"nrdE","Ribonucleoside-diphosphate reductase 2 subunit alpha"
"exoI","hypothetical protein"
"betB_1","NAD/NADP-dependent betaine aldehyde dehydrogenase"
"licR","putative licABCH operon regulator"
"ynfM_1","putative transporter"
"dmlR_3","HTH-type transcriptional regulator DmlR"
"adh","Aldehyde dehydrogenase"
"mtnB","Methylthioribulose-1-phosphate dehydratase"
"gyrA","DNA gyrase subunit A"
"roxA","50S ribosomal protein L16 3-hydroxylase"
"group_1286","hypothetical protein"
"group_1288","hypothetical protein"
"selO","Protein adenylyltransferase SelO"
"mglA_3","Galactose/methyl galactoside import ATP-binding protein MglA"
"namA_1","NADPH dehydrogenase"
"ynfM","Inner membrane transport protein YnfM"
"hdfR_4","HTH-type transcriptional regulator HdfR"
"tar","Methyl-accepting chemotaxis protein II"
"cysB_1","HTH-type transcriptional regulator CysB"
"srmB_2","ATP-dependent RNA helicase SrmB"
"zitB","Zinc transporter ZitB"
"trpC","Tryptophan biosynthesis protein TrpCF"
"cah","Carbonic anhydrase"
"lpxM","Lipid A biosynthesis myristoyltransferase"
"group_1304","hypothetical protein"
"solA","N-methyl-L-tryptophan oxidase"
"group_1306","hypothetical protein"
"group_1307","Outer membrane protein OprM"
"group_1309","Putative aminoacrylate hydrolase RutD"
"rlmL","Ribosomal RNA large subunit methyltransferase K/L"
"group_1311","putative phosphatase"
"rhtA","Threonine/homoserine exporter RhtA"
"iolT_1","Major myo-inositol transporter IolT"
"yhhS_1","putative MFS-type transporter YhhS"
"modA","Molybdate-binding protein ModA"
"nadA","Quinolinate synthase A"
"miaB","tRNA-2-methylthio-N(6)-dimethylallyladenosine synthase"
"cof","HMP-PP phosphatase"
"mtnA","Methylthioribose-1-phosphate isomerase"
"hyuA","hypothetical protein"
"argS","Arginine--tRNA ligase"
"motA","Motility protein A"
"rbsA_2","Ribose import ATP-binding protein RbsA"
"yeeZ","Protein YeeZ"
"hisD","Histidinol dehydrogenase"
"wzc","Tyrosine-protein kinase wzc"
"mglA_1","Galactose/methyl galactoside import ATP-binding protein MglA"
"yusV","Hemin transport system permease protein HmuU"
"bepC","Outer membrane efflux protein BepC"
"mntH","Divalent metal cation transporter MntH"
"dppB_2","Dipeptide transport system permease protein DppB"
"actP","Cation/acetate symporter ActP"
"gdhI_1","Glucose 1-dehydrogenase 1"
"dmlR_9","HTH-type transcriptional regulator DmlR"
"group_1340","hypothetical protein"
"mdoB","Phosphoglycerol transferase I"
"nadR","Trifunctional NAD biosynthesis/regulator protein NadR"
"rbsK_2","Ribokinase"
"dgt","Deoxyguanosinetriphosphate triphosphohydrolase"
"degP","Periplasmic serine endoprotease DegP"
"dxr","1-deoxy-D-xylulose 5-phosphate reductoisomerase"
"ldcC","Constitutive lysine decarboxylase"
"yofA","HTH-type transcriptional regulator YofA"
"paoB","Aldehyde oxidoreductase FAD-binding subunit PaoB"
"moxC","Putative monooxygenase MoxC"
"group_1362","hypothetical protein"
"crtX","Zeaxanthin glucosyltransferase"
"queG","Epoxyqueuosine reductase"
"group_1365","hypothetical protein"
"hldE","Bifunctional protein HldE"
"pheC","Cyclohexadienyl dehydratase"
"dctM","hypothetical protein"
"group_1369","hypothetical protein"
"bdlA","Biofilm dispersion protein BdlA"
"acuI","Acrylyl-CoA reductase AcuI"
"epd","D-erythrose-4-phosphate dehydrogenase"
"kdpD","Sensor protein KdpD"
"nhaP","K(+)/H(+) antiporter NhaP"
"arfA","Alternative ribosome-rescue factor A"
"yigB","Tyrosine recombinase XerC"
"rho","Transcription termination factor Rho"
"avtA","Valine--pyruvate aminotransferase"
"glnL","Sensory histidine kinase/phosphatase NtrB"
"spoT","Bifunctional (p)ppGpp synthase/hydrolase SpoT"
"argH","Argininosuccinate lyase"
"cdh_1","CDP-diacylglycerol pyrophosphatase"
"xylG_1","hypothetical protein"
"dadD","8-oxoguanine deaminase"
"nagE","PTS system N-acetylglucosamine-specific EIICBA component"
"amaB","N-carbamoyl-L-amino acid hydrolase"
"group_142","Acetyltransferase"
"rhtC_2","Threonine efflux protein"
"rhaR_1","HTH-type transcriptional activator RhaR"
"nemA_4","N-ethylmaleimide reductase"
"group_1428","hypothetical protein"
"codA","Cytosine deaminase"
"ilvI","Acetolactate synthase isozyme 3 large subunit"
"helD","DNA helicase IV"
"gcd_2","Quinoprotein glucose dehydrogenase"
"mltG","Endolytic murein transglycosylase"
"proP_4","Proline/betaine transporter"
"ybjJ_1","Inner membrane protein YbjJ"
"rfaC","Lipopolysaccharide heptosyltransferase 1"
"group_1444","hypothetical protein"
"clpV1","Protein ClpV1"
"pknD_2","Serine/threonine-protein kinase PknD"
"group_1448","putative ketoamine kinase"
"thrS","Threonine--tRNA ligase"
"fumC","Fumarate hydratase class II"
"ulaA_1","Ascorbate-specific PTS system EIIC component"
"guaD","Guanine deaminase"
"osmW","Osmoprotectant import ATP-binding protein OsmV"
"group_1454","hypothetical protein"
"group_1455","hypothetical protein"
"malX_1","PTS system maltose-specific EIICB component"
"tsaB","tRNA threonylcarbamoyladenosine biosynthesis protein TsaB"
"group_1459","hypothetical protein"
"group_146","hypothetical protein"
"kdgR_1","Transcriptional regulator KdgR"
"rluC","Ribosomal large subunit pseudouridine synthase C"
"group_1464","hypothetical protein"
"mdoG","Glucans biosynthesis protein G"
"rutG","Putative pyrimidine permease RutG"
"group_1467","hypothetical protein"
"ycbB","putative L,D-transpeptidase YcbB"
"aroA","3-phosphoshikimate 1-carboxyvinyltransferase"
"artQ","Arginine ABC transporter permease protein ArtQ"
"rimK","Ribosomal protein S6--L-glutamate ligase"
"emrB_2","Multidrug export protein EmrB"
"yehY","Glycine betaine uptake system ATP-binding protein YehX"
"group_1474","Trehalase"
"cysA_2","Sulfate/thiosulfate import ATP-binding protein CysA"
"cydA","Cytochrome bd-I ubiquinol oxidase subunit 1"
"holA","DNA polymerase III subunit delta"
"pht5","hypothetical protein"
"group_1479","hypothetical protein"
"group_148","hypothetical protein"
"ampG","Anhydromuropeptide permease"
"yhdG","putative amino acid permease YhdG"
"group_1486","hypothetical protein"
"wcaJ","hypothetical protein"
"rspR_1","HTH-type transcriptional repressor RspR"
"cdd","Cytidine deaminase"
"maeA","NAD-dependent malic enzyme"
"lysP","Lysine-specific permease"
"pdeN_2","putative cyclic di-GMP phosphodiesterase PdeN"
"fadL","Long-chain fatty acid transport protein"
"gltX","Glutamate--tRNA ligase"
"cysZ","Sulfate transporter CysZ"
"hemF","Oxygen-dependent coproporphyrinogen-III oxidase"
"purM","Phosphoribosylformylglycinamidine cyclo-ligase"
"group_1502","hypothetical protein"
"qseG","Quorum-sensing regulator protein G"
"yfhL","Ferredoxin YfhL"
"ddpA_2","putative D,D-dipeptide-binding periplasmic protein DdpA"
"rocC","Amino-acid permease RocC"
"group_1508","hypothetical protein"
"phnR","Putative transcriptional regulator of 2-aminoethylphosphonate degradation operons"
"ais","Aconitate isomerase"
"iaaH","Indole-3-acetyl-aspartic acid hydrolase"
"yghU","hypothetical protein"
"fepA","Ferrienterobactin receptor"
"nrdD","Anaerobic ribonucleoside-triphosphate reductase"
"mdtA_1","Multidrug resistance protein MdtA"
"uhpC","Membrane sensor protein UhpC"
"mdeA","L-methionine gamma-lyase"
"group_1518","hypothetical protein"
"pgrR_8","HTH-type transcriptional regulator PgrR"
"map_2","Methionine aminopeptidase"
"ddc_2","L-2,4-diaminobutyrate decarboxylase"
"group_1526","hypothetical protein"
"bglG","Cryptic beta-glucoside bgl operon antiterminator"
"group_1528","hypothetical protein"
"group_1529","hypothetical protein"
"scmP_3","hypothetical protein"
"mnmC_2","tRNA 5-methylaminomethyl-2-thiouridine biosynthesis bifunctional protein MnmC"
"xecA1","2-hydroxypropyl-CoM lyase"
"rng","Ribonuclease G"
"miaA","tRNA dimethylallyltransferase"
"cpdB","2',3'-cyclic-nucleotide 2'-phosphodiesterase/3'-nucleotidase"
"sstT","Serine/threonine transporter SstT"
"group_154","hypothetical protein"
"cpdA_1","hypothetical protein"
"dmlR_6","HTH-type transcriptional regulator DmlR"
"yqgF","hypothetical protein"
"serA","D-3-phosphoglycerate dehydrogenase"
"ilvG","Acetolactate synthase isozyme 2 large subunit"
"pgrR_3","HTH-type transcriptional regulator PgrR"
"kdpC","Potassium-transporting ATPase KdpC subunit"
"ugpC_1","sn-glycerol-3-phosphate import ATP-binding protein UgpC"
"fadA","3-ketoacyl-CoA thiolase"
"glpT","Glycerol-3-phosphate transporter"
"adeP_2","Adenine permease AdeP"
"viaA","Protein ViaA"
"hemN","Oxygen-independent coproporphyrinogen III oxidase"
"group_1563","hypothetical protein"
"group_1564","hypothetical protein"
"xanP_1","Xanthine permease XanP"
"trmH","tRNA (guanosine(18)-2'-O)-methyltransferase"
"pfkA_1","ATP-dependent 6-phosphofructokinase isozyme 1"
"sthA","Soluble pyridine nucleotide transhydrogenase"
"dagK","Diacylglycerol kinase"
"folK","2-amino-4-hydroxy-6-hydroxymethyldihydropteridine pyrophosphokinase"
"pnp","Polyribonucleotide nucleotidyltransferase"
"yddG","Methyl viologen resistance protein YddG"
"pitA_2","Low-affinity inorganic phosphate transporter 1"
"group_159","hypothetical protein"
"sutR_2","HTH-type transcriptional regulator SutR"
"dltA","hypothetical protein"
"rlpA","Endolytic peptidoglycan transglycosylase RlpA"
"ipdC","Indole-3-pyruvate decarboxylase"
"group_1610","Putative thiamine biosynthesis protein"
"arcB","Aerobic respiration control sensor protein ArcB"
"bglH","Aryl-phospho-beta-D-glucosidase BglH"
"glpR_3","Glycerol-3-phosphate regulon repressor"
"dorA","Dimethyl sulfoxide/trimethylamine N-oxide reductase"
"mqo_1","Malate:quinone oxidoreductase"
"rlmN","Dual-specificity RNA methyltransferase RlmN"
"tauA","Taurine-binding periplasmic protein"
"kdgK_2","2-dehydro-3-deoxygluconokinase"
"rcsC_1","Sensor histidine kinase RcsC"
"guaA_1","hypothetical protein"
"group_1629","hypothetical protein"
"ompF_1","Outer membrane porin F"
"astA","Arginine N-succinyltransferase"
"ydiK_1","Putative transport protein YdiK"
"sufS","Cysteine desulfurase"
"treZ","Malto-oligosyltrehalose trehalohydrolase"
"rsxG","Ion-translocating oxidoreductase complex subunit G"
"yecD","Isochorismatase family protein YecD"
"pfkA_2","ATP-dependent 6-phosphofructokinase"
"oxyR_2","putative hydrogen peroxide-inducible genes activator"
"exuT_1","Hexuronate transporter"
"group_1643","hypothetical protein"
"ldhA","D-lactate dehydrogenase"
"mppA","Periplasmic murein peptide-binding protein"
"sapA","Peptide transport periplasmic protein SapA"
"kdgT","2-keto-3-deoxygluconate permease"
"trpB","Tryptophan synthase beta chain"
"galU","UTP--glucose-1-phosphate uridylyltransferase"
"group_1651","hypothetical protein"
"mepM","Murein DD-endopeptidase MepM"
"znuA","High-affinity zinc uptake system protein ZnuA"
"acpP_2","hypothetical protein"
"group_1657","hypothetical protein"
"pqiB_1","Intermembrane transport protein PqiB"
"uup","ABC transporter ATP-binding protein uup"
"rfbX","Putative O-antigen transporter"
"ssuA_1","Putative aliphatic sulfonates-binding protein"
"hutH_1","Histidine ammonia-lyase"
"group_1663","hypothetical protein"
"tolB_1","Tol-Pal system protein TolB"
"sucD","Succinate--CoA ligase [ADP-forming] subunit alpha"
"sucB","Dihydrolipoyllysine-residue succinyltransferase component of 2-oxoglutarate dehydrogenase complex"
"gltA","Citrate synthase"
"nei","Endonuclease 8"
"pgm","Phosphoglucomutase"
"ybjI","5-amino-6-(5-phospho-D-ribitylamino)uracil phosphatase YbjI"
"group_1671","hypothetical protein"
"mdlB","Multidrug resistance-like ATP-binding protein MdlB"
"sbnA","N-(2-amino-2-carboxyethyl)-L-glutamate synthase"
"cyoA","Cytochrome bo(3) ubiquinol oxidase subunit 1"
"ispA","Farnesyl diphosphate synthase"
"dxs","1-deoxy-D-xylulose-5-phosphate synthase"
"aroL","Shikimate kinase 2"
"mtnK","Methylthioribose kinase"
"cbl","HTH-type transcriptional regulator cbl"
"puuA","Gamma-glutamylputrescine synthetase PuuA"
"group_1689","hypothetical protein"
"lacC","Multiphosphoryl transfer protein"
"nikA_1","hypothetical protein"
"ompC","Outer membrane porin C"
"gpr","L-glyceraldehyde 3-phosphate reductase"
"tktB","Transketolase 2"
"ampH","D-alanyl-D-alanine-carboxypeptidase/endopeptidase AmpH"
"group_1698","hypothetical protein"
"nadB","L-aspartate oxidase"
"nimT_2","hypothetical protein"
"pgi","Glucose-6-phosphate isomerase"
"aqpZ","Aquaporin Z"
"sbmA","Peptide antibiotic transporter SbmA"
"pgrR_2","HTH-type transcriptional regulator PgrR"
"group_1704","hypothetical protein"
"dsbD_1","Thiol:disulfide interchange protein DsbD"
"murA","UDP-N-acetylglucosamine 1-carboxyvinyltransferase"
"fepG","Ferric enterobactin transport system permease protein FepD"
"mbtH","Protein MbtH"
"fes","Enterochelin esterase"
"group_1710","hypothetical protein"
"group_1711","hypothetical protein"
"thiQ","Thiamine import ATP-binding protein ThiQ"
"ftsL","Ribosomal RNA small subunit methyltransferase H"
"murE","UDP-N-acetylmuramoyl-tripeptide--D-alanyl-D-alanine ligase"
"repB_1","RepFIB replication protein A"
"group_1717","Major myo-inositol transporter IolT"
"group_1718","hypothetical protein"
"group_1719","hypothetical protein"
"pgrR_7","HTH-type transcriptional regulator PgrR"
"rluF","Dual-specificity RNA pseudouridine synthase RluF"
"ybiV","Sugar phosphatase YbiV"
"yybR","hypothetical protein"
"tcyC","L-cystine import ATP-binding protein TcyC"
"ssuC_2","hypothetical protein"
"todT_2","Response regulator protein TodT"
"metI_3","D-methionine transport system permease protein MetI"
"oleB","Cis-3-alkyl-4-alkyloxetan-2-one decarboxylase"
"yciC","Putative metal chaperone YciC"
"aaeB_1","p-hydroxybenzoic acid efflux pump subunit AaeB"
"group_1739","hypothetical protein"
"group_174","hypothetical protein"
"dauA_1","C4-dicarboxylic acid transporter DauA"
"nudF","ADP-ribose pyrophosphatase"
"proP_2","Proline/betaine transporter"
"appB","Cytochrome bd-II ubiquinol oxidase subunit 2"
"tas","Protein tas"
"queE","7-carboxy-7-deazaguanine synthase"
"rpoS","RNA polymerase sigma factor RpoS"
"ilvA","L-threonine dehydratase biosynthetic IlvA"
"ilvC","Ketol-acid reductoisomerase (NADP(+))"
"fabG_1","3-oxoacyl-[acyl-carrier-protein] reductase FabG"
"prlC","Oligopeptidase A"
"group_1753","hypothetical protein"
"proP_1","Proline/betaine transporter"
"gntR","HTH-type transcriptional regulator GntR"
"secY","Protein translocase subunit SecY"
"rsmB","Ribosomal RNA small subunit methyltransferase B"
"aroE","Shikimate dehydrogenase (NADP(+))"
"ubiD","3-octaprenyl-4-hydroxybenzoate carboxy-lyase"
"group_176","hypothetical protein"
"ubiB","putative protein kinase UbiB"
"recQ","ATP-dependent DNA helicase RecQ"
"ppiC","Peptidyl-prolyl cis-trans isomerase C"
"dppD_2","Dipeptide transport ATP-binding protein DppD"
"group_1764","hypothetical protein"
"dgdA","2,2-dialkylglycine decarboxylase"
"recF","DNA replication and repair protein RecF"
"nagC_3","N-acetylglucosamine repressor"
"rbsA_3","Ribose import ATP-binding protein RbsA"
"carB_1","Carbamoyl-phosphate synthase large chain"
"group_179","hypothetical protein"
"apc3","Acetophenone carboxylase gamma subunit"
"group_1793","hypothetical protein"
"group_1804","hypothetical protein"
"codB","Cytosine permease"
"tonB","Protein TonB"
"perR_2","HTH-type transcriptional regulator PerR"
"mutS","DNA mismatch repair protein MutS"
"vldW","Validamycin A dioxygenase"
"yhgF","Protein YhgF"
"gltC_1","HTH-type transcriptional regulator GltC"
"iolI_2","hypothetical protein"
"yahK_2","Aldehyde reductase YahK"
"gor","Glutathione reductase"
"nudK_2","GDP-mannose pyrophosphatase NudK"
"group_1838","hypothetical protein"
"ftsW","putative peptidoglycan glycosyltransferase FtsW"
"deaD","ATP-dependent RNA helicase DeaD"
"group_1842","hypothetical protein"
"nucM","Nuclease NucM"
"cysI","Sulfite reductase [NADPH] hemoprotein beta-component"
"lolC","Lipoprotein-releasing system transmembrane protein LolC"
"group_1846","hypothetical protein"
"ispE","4-diphosphocytidyl-2-C-methyl-D-erythritol kinase"
"prmC","Release factor glutamine methyltransferase"
"ohrR_1","Organic hydroperoxide resistance transcriptional regulator"
"nemA_1","N-ethylmaleimide reductase"
"bar","Phosphinothricin N-acetyltransferase"
"group_1853","hypothetical protein"
"zinT","Metal-binding protein ZinT"
"yjbR_1","putative protein YjbR"
"comR_2","HTH-type transcriptional repressor ComR"
"group_1858","hypothetical protein"
"hipA","Serine/threonine-protein kinase toxin HipA"
"blaSE","hypothetical protein"
"group_1863","Methyl-accepting chemotaxis protein III"
"yciK","putative oxidoreductase YciK"
"ompW","Outer membrane protein W"
"manZ","PTS system mannose-specific EIID component"
"leuE","Leucine efflux protein"
"ptsG","PTS system glucose-specific EIICB component"
"group_1872","hypothetical protein"
"group_1873","hypothetical protein"
"group_1874","hypothetical protein"
"pqiA","Intermembrane transport protein PqiA"
"ssuB_1","Aliphatic sulfonates import ATP-binding protein SsuB"
"lpxK","Tetraacyldisaccharide 4'-kinase"
"dadD_1","8-oxoguanine deaminase"
"yehZ","Glycine betaine-binding protein YehZ"
"uvrB","UvrABC system protein B"
"bioC","Malonyl-[acyl-carrier protein] O-methyltransferase"
"cydB","Cytochrome bd-I ubiquinol oxidase subunit 2"
"lnt","Apolipoprotein N-acyltransferase"
"dacA","D-alanyl-D-alanine carboxypeptidase DacA"
"glnQ_5","Glutamine transport ATP-binding protein GlnQ"
"group_1887","hypothetical protein"
"cueR","HTH-type transcriptional regulator CueR"
"metR_1","HTH-type transcriptional regulator MetR"
"clpX","ATP-dependent Clp protease ATP-binding subunit ClpX"
"ribD","Riboflavin biosynthesis protein RibD"
"proY","Proline-specific permease ProY"
"psiF","Phosphate starvation-inducible protein PsiF"
"group_1895","hypothetical protein"
"pepD","Cytosol non-specific dipeptidase"
"otsA_1","Trehalose-6-phosphate synthase"
"ompR_2","Transcriptional regulatory protein OmpR"
"phnD","Phosphate-import protein PhnD"
"udk","Uridine kinase"
"rlhA","23S rRNA 5-hydroxycytidine synthase"
"ahpF","Alkyl hydroperoxide reductase subunit F"
"nuoJ","NADH-quinone oxidoreductase subunit I"
"nuoC","NADH-quinone oxidoreductase subunit C/D"
"hisQ","Histidine transport system permease protein HisQ"
"pdxB","Erythronate-4-phosphate dehydrogenase"
"prmB","50S ribosomal protein L3 glutamine methyltransferase"
"cysK","Cysteine synthase A"
"narQ","Nitrate/nitrite sensor protein NarQ"
"group_1921","hypothetical protein"
"emrA_1","Multidrug export protein EmrA"
"aceA","Isocitrate lyase"
"dusA","tRNA-dihydrouridine(20/20a) synthase"
"yteT","Putative oxidoreductase YteT"
"group_1926","Putative acetyltransferase OgpAT"
"dcuA","Anaerobic C4-dicarboxylate transporter DcuA"
"mlaF","Intermembrane phospholipid transport system ATP-binding protein MlaF"
"group_1929","hypothetical protein"
"group_193","hypothetical protein"
"lptF","Lipopolysaccharide export system permease protein LptF"
"group_1931","hypothetical protein"
"uhpT","Hexose-6-phosphate:phosphate antiporter"
"ccpA_1","Catabolite control protein A"
"thrB","Homoserine kinase"
"thrC","Threonine synthase"
"dnaJ","Chaperone protein DnaJ"
"rluA_2","Dual-specificity RNA pseudouridine synthase RluA"
"ampD","Protein AmpE"
"glnD","Bifunctional uridylyltransferase/uridylyl-removing enzyme"
"proS","Proline--tRNA ligase"
"sigK","ECF RNA polymerase sigma factor SigK"
"gsiC_4","Glutathione transport system permease protein GsiC"
"bluR_2","hypothetical protein"
"pdeR","Cyclic di-GMP phosphodiesterase PdeR"
"group_1953","hypothetical protein"
"sad_2","Succinate semialdehyde dehydrogenase [NAD(P)+] Sad"
"clcB","Voltage-gated ClC-type chloride channel ClcB"
"yebZ","Inner membrane protein YebZ"
"parC","DNA topoisomerase 4 subunit A"
"exuT_2","Hexuronate transporter"
"rdgB","dITP/XTP pyrophosphatase"
"pepP","Xaa-Pro aminopeptidase"
"gcvT","Aminomethyltransferase"
"nlpD","Murein hydrolase activator NlpD"
"yhjD","Inner membrane protein YhjD"
"rhaS_6","hypothetical protein"
"iolS_1","Aldo-keto reductase IolS"
"yhhS_2","putative MFS-type transporter YhhS"
"iolB","5-deoxy-glucuronate isomerase"
"iolC","5-dehydro-2-deoxygluconokinase"
"group_1974","hypothetical protein"
"madA","Acetyl-S-ACP:malonate ACP transferase"
"group_1976","hypothetical protein"
"hslR","Heat shock protein 15"
"kefC","Glutathione-regulated potassium-efflux system protein KefC"
"agp","Glucose-1-phosphatase"
"fusA","Elongation factor G"
"rpoA","DNA-directed RNA polymerase subunit alpha"
"metE_2","5-methyltetrahydropteroyltriglutamate--homocysteine methyltransferase"
"cyaA","Adenylate cyclase"
"group_1984","hypothetical protein"
"group_1985","Putative tartrate transporter"
"pstC","Phosphate transport system permease protein PstC"
"atpC","ATP synthase epsilon chain"
"putA","Bifunctional protein PutA"
"recG","ATP-dependent DNA helicase RecG"
"rph","Ribonuclease PH"
"yijD","HTH-type transcriptional repressor FabR"
"purD","Phosphoribosylamine--glycine ligase"
"pasT","Persistence and stress-resistance toxin PasT"
"tam","Trans-aconitate 2-methyltransferase"
"tenA","Aminopyrimidine aminohydrolase"
"narG","Respiratory nitrate reductase 1 alpha chain"
"hdfR_3","HTH-type transcriptional regulator HdfR"
"zntA","Zinc/cadmium/lead-transporting P-type ATPase"
"occM_1","hypothetical protein"
"wecA","Undecaprenyl-phosphate alpha-N-acetylglucosaminyl 1-phosphate transferase"
"pgrR_1","HTH-type transcriptional regulator PgrR"
"gfo","Glucose--fructose oxidoreductase"
"alkA","putative bifunctional transcriptional activator/DNA repair enzyme AlkA"
"pntA","NAD(P) transhydrogenase subunit alpha"
"ddpC_1","putative D,D-dipeptide transport system permease protein DdpC"
"rhlE","ATP-dependent RNA helicase RhlE"
"ycfS","putative L,D-transpeptidase YcfS"
"btuR","Corrinoid adenosyltransferase"
"kdpA","Potassium-transporting ATPase potassium-binding subunit"
"glmS","Glutamine--fructose-6-phosphate aminotransferase [isomerizing]"
"sbcB","Exodeoxyribonuclease I"
"group_2056","hypothetical protein"
"ldcA","Murein tetrapeptide carboxypeptidase"
"ompA_1","Outer membrane protein A"
"group_206","hypothetical protein"
"chaA","Sodium-potassium/proton antiporter ChaA"
"group_2063","hypothetical protein"
"mdtK","Multidrug resistance protein MdtK"
"group_2065","hypothetical protein"
"fruK","Fructose import ATP-binding protein FruK"
"pqqE","PqqA peptide cyclase"
"apsI","D-apiose isomerase"
"pstC1","hypothetical protein"
"group_2070","HTH-type transcriptional repressor CytR"
"mlc","Protein mlc"
"yodB","Cytochrome b561"
"bhsA_4","Multiple stress resistance protein BhsA"
"fabI","Enoyl-[acyl-carrier-protein] reductase [NADH] FabI"
"group_2076","hypothetical protein"
"btuD_6","Vitamin B12 import ATP-binding protein BtuD"
"tilS","tRNA(Ile)-lysidine synthase"
"rnd","Ribonuclease D"
"cmoB","tRNA U34 carboxymethyltransferase"
"yesR","Unsaturated rhamnogalacturonyl hydrolase YesR"
"murJ","putative lipid II flippase MurJ"
"yceM","Putative oxidoreductase YceM"
"mdoC","Glucans biosynthesis protein C"
"group_2088","hypothetical protein"
"uvrY","Response regulator UvrY"
"sad_1","Succinate semialdehyde dehydrogenase [NAD(P)+] Sad"
"artM_2","Arginine ABC transporter permease protein ArtM"
"potA_2","Spermidine/putrescine import ATP-binding protein PotA"
"group_2093","hypothetical protein"
"gsiD_3","Glutathione transport system permease protein GsiD"
"hipO_2","Hippurate hydrolase"
"bioF","8-amino-7-oxononanoate synthase"
"group_2097","hypothetical protein"
"nagC_1","N-acetylglucosamine repressor"
"ubiF","3-demethoxyubiquinol 3-hydroxylase"
"wecD_1","dTDP-fucosamine acetyltransferase"
"sdaC","Serine transporter"
"fdm","putative zinc-binding alcohol dehydrogenase"
"group_2103","hypothetical protein"
"smc","hypothetical protein"
"tesB","Acyl-CoA thioesterase 2"
"virS","HTH-type transcriptional regulator VirS"
"mak","Fructokinase"
"rdgC","Recombination-associated protein RdgC"
"group_211","hypothetical protein"
"hdfR_5","HTH-type transcriptional regulator HdfR"
"frsA","hypothetical protein"
"pucI","putative allantoin permease"
"group_2114","hypothetical protein"
"adeP_1","Adenine permease AdeP"
"ftsY","Signal recognition particle receptor FtsY"
"phnP","Phosphoribosyl 1,2-cyclic phosphate phosphodiesterase"
"apc4","Acetophenone carboxylase delta subunit"
"gabD","Succinate-semialdehyde dehydrogenase [NADP(+)] GabD"
"yncE_3","hypothetical protein"
"lacI_1","Lactose operon repressor"
"hisF","Imidazole glycerol phosphate synthase subunit HisF"
"wzxC_2","Lipopolysaccharide biosynthesis protein WzxC"
"oprB","Porin B"
"rspA","D-galactonate dehydratase family member"
"group_2131","hypothetical protein"
"mglC","Galactoside transport system permease protein MglC"
"gltR","HTH-type transcriptional regulator GltR"
"yeiP","Elongation factor P-like protein"
"hxpA","Hexitol phosphatase A"
"hisP","Histidine transport ATP-binding protein HisP"
"purF","Amidophosphoribosyltransferase"
"truA","tRNA pseudouridine synthase A"
"nimR_1","HTH-type transcriptional regulator NimR"
"epmC","hypothetical protein"
"group_2141","hypothetical protein"
"ligA","DNA ligase"
"group_2145","hypothetical protein"
"bamB","Outer membrane protein assembly factor BamB"
"recN","DNA repair protein RecN"
"pssA","CDP-diacylglycerol--serine O-phosphatidyltransferase"
"dinF","DNA damage-inducible protein F"
"dnaB","Replicative DNA helicase"
"group_2156","hypothetical protein"
"acs","Acetyl-coenzyme A synthetase"
"group_2158","Gluconate 2-dehydrogenase subunit 3"
"nagC_2","N-acetylglucosamine repressor"
"ngcG","Diacetylchitobiose uptake system permease protein NgcG"
"dmlA","D-malate dehydrogenase [decarboxylating]"
"rapZ","RNase adapter protein RapZ"
"yrbG","Inner membrane protein YrbG"
"fepB","Ferrienterobactin-binding periplasmic protein"
"nlpI","Lipoprotein NlpI"
"group_2166","hypothetical protein"
"lptG","Lipopolysaccharide export system permease protein LptG"
"group_2170","hypothetical protein"
"amiC_2","Aliphatic amidase expression-regulating protein"
"mraY","Phospho-N-acetylmuramoyl-pentapeptide-transferase"
"coaE","Dephospho-CoA kinase"
"epsF","Type II secretion system protein F"
"ugpC_2","sn-glycerol-3-phosphate import ATP-binding protein UgpC"
"lppC","hypothetical protein"
"group_2187","hypothetical protein"
"dmlR_5","HTH-type transcriptional regulator DmlR"
"group_2189","Hexuronate transporter"
"rpoD","RNA polymerase sigma factor RpoD"
"group_2191","HTH-type transcriptional regulator NorG"
"scmP_1","N-acetylcysteine deacetylase"
"treF","Cytoplasmic trehalase"
"rpiA","Ribose-5-phosphate isomerase A"
"amiC_1","N-acetylmuramoyl-L-alanine amidase AmiC"
"narK","Nitrate/nitrite transporter NarK"
"group_2201","hypothetical protein"
"yqjG_1","Glutathionyl-hydroquinone reductase YqjG"
"group_2203","hypothetical protein"
"group_2206","hypothetical protein"
"ycjM","Glucosylglycerate phosphorylase"
"envZ","Osmolarity sensor protein EnvZ"
"cydD","ATP-binding/permease protein CydD"
"tauD","Alpha-ketoglutarate-dependent taurine dioxygenase"
"rffH","dTDP-fucosamine acetyltransferase"
"axeA1","hypothetical protein"
"rutE","putative malonic semialdehyde reductase RutE"
"tag","DNA-3-methyladenine glycosylase 1"
"typA","GTP-binding protein TypA/BipA"
"group_2218","hypothetical protein"
"rfaQ_1","Lipopolysaccharide core heptosyltransferase RfaQ"
"frc","Formyl-CoA:oxalate CoA-transferase"
"rfaF","ADP-heptose--LPS heptosyltransferase 2"
"hslU","ATP-dependent protease ATPase subunit HslU"
"argE","Acetylornithine deacetylase"
"argC","N-acetyl-gamma-glutamyl-phosphate reductase"
"coxM","hypothetical protein"
"queC","7-cyano-7-deazaguanine synthase"
"crtE","Geranylgeranyl diphosphate synthase"
"fucO_1","Lactaldehyde reductase"
"group_2271","hypothetical protein"
"aaaT_1","L-amino acid N-acetyltransferase AaaT"
"rsmJ","Ribosomal RNA small subunit methyltransferase J"
"sbcC","hypothetical protein"
"rob_1","Right origin-binding protein"
"secD","Protein translocase subunit SecD"
"ttcA","tRNA-cytidine(32) 2-sulfurtransferase"
"group_23","hypothetical protein"
"loiP","Metalloprotease LoiP"
"ggt","Glutathione hydrolase proenzyme"
"nimT_1","2-nitroimidazole transporter"
"group_2307","hypothetical protein"
"group_2311","Deacetylase"
"fucP","L-fucose-proton symporter"
"group_2317","putative protein"
"group_2318","hypothetical protein"
"infB","Translation initiation factor IF-2"
"group_2322","hypothetical protein"
"aptA_1","Apulose-4-phosphate transketolase subunit A"
"aplK","Apulose kinase"
"treA","Periplasmic trehalase"
"ychQ","Protein YchQ"
"fhuA_2","Ferrichrome outer membrane transporter/phage receptor"
"group_2330","hypothetical protein"
"group_2332","Ribose import ATP-binding protein RbsA"
"ppsR","Phosphoenolpyruvate synthase regulatory protein"
"mepH","Murein DD-endopeptidase MepH"
"ydhF","Oxidoreductase YdhF"
"ydaD","General stress protein 39"
"nth","Endonuclease III"
"manA","Mannose-6-phosphate isomerase"
"acrA_1","Multidrug efflux pump subunit AcrA"
"dnaE","DNA polymerase III subunit alpha"
"btuF_1","Vitamin B12-binding protein"
"group_2342","hypothetical protein"
"zntB","Zinc transport protein ZntB"
"ycjG_1","L-Ala-D/L-Glu epimerase"
"ycjX","putative protein YcjX"
"sohB","putative protease SohB"
"group_2348","hypothetical protein"
"yebC","putative transcriptional regulatory protein YebC"
"mdfA_2","Multidrug transporter MdfA"
"gldA_2","Glycerol dehydrogenase"
"group_2351","hypothetical protein"
"group_2353","hypothetical protein"
"mgsA","Methylglyoxal synthase"
"ycaD_2","putative MFS-type transporter YcaD"
"artI","Arginine transport ATP-binding protein ArtP"
"gsiC_3","Glutathione transport system permease protein GsiC"
"iaaA","Isoaspartyl peptidase"
"moaB","GTP 3',8-cyclase"
"ybhK","Putative gluconeogenesis factor"
"modE","DNA-binding transcriptional dual regulator ModE"
"pxpB","5-oxoprolinase subunit B"
"lipA","Lipoyl synthase"
"priC","Primosomal replication protein N''"
"ppiD","Peptidyl-prolyl cis-trans isomerase D"
"phoR","Phosphate regulon sensor protein PhoR"
"group_2370","hypothetical protein"
"iraP_2","Anti-adapter protein IraP"
"lldD","L-lactate dehydrogenase"
"cheV","Chemotaxis protein CheV"
"proA_1","Gamma-glutamyl phosphate reductase"
"ybdL_2","Methionine aminotransferase"
"phnM","Alpha-D-ribose 1-methylphosphonate 5-triphosphate diphosphatase"
"phnJ","Alpha-D-ribose 1-methylphosphonate 5-phosphate C-P lyase"
"mshA_2","D-inositol-3-phosphate glycosyltransferase"
"group_2382","hypothetical protein"
"yejE","Inner membrane ABC transporter permease protein YejE"
"bcr_1","Bicyclomycin resistance protein"
"yejM","Inner membrane protein YejM"
"nrdA","Ribonucleoside-diphosphate reductase 1 subunit alpha"
"nuoM","NADH-quinone oxidoreductase subunit M"
"nuoG","NADH-quinone oxidoreductase subunit G"
"ccmC","Heme exporter protein C"
"ypdA","Sensor histidine kinase YpdA"
"yffB","Protein YffB"
"mgtE","Magnesium transporter MgtE"
"recO","DNA repair protein RecO"
"yfiF","putative tRNA/rRNA methyltransferase YfiF"
"kgtP_2","Alpha-ketoglutarate permease"
"group_2397","hypothetical protein"
"yfcG","Disulfide-bond oxidoreductase YfcG"
"aer","Aerotaxis receptor"
"iolG_1","Inositol 2-dehydrogenase/D-chiro-inositol 3-dehydrogenase"
"fepC","Ferric enterobactin transport ATP-binding protein FepC"
"group_2404","Gluconate 2-dehydrogenase flavoprotein"
"ydfJ","Putative transporter YdfJ"
"ytjB","putative inner membrane protein Smp"
"ettA","Energy-dependent translational throttle protein EttA"
"mshA_1","hypothetical protein"
"talB","Transaldolase B"
"murD","UDP-N-acetylmuramoylalanine--D-glutamate ligase"
"yicJ","Inner membrane symporter YicJ"
"aroP","Aromatic amino acid transport protein AroP"
"aceE","Pyruvate dehydrogenase E1 component"
"lpdA","Dihydrolipoyl dehydrogenase"
"panC","Pantothenate synthetase"
"group_2418","hypothetical protein"
"nfrA2","FMN reductase [NAD(P)H]"
"ascG","HTH-type transcriptional regulator AscG"
"ydjH","putative sugar kinase YdjH"
"sugA","Trehalose transport system permease protein SugA"
"gdhA","Glutamate dehydrogenase"
"group_2427","hypothetical protein"
"group_2430","hypothetical protein"
"group_2439","hypothetical protein"
"rlmB","23S rRNA (guanosine-2'-O-)-methyltransferase RlmB"
"pmbA","Metalloprotease PmbA"
"uppP","Undecaprenyl-diphosphatase"
"group_2443","hypothetical protein"
"cydA_2","hypothetical protein"
"hemW","Heme chaperone HemW"
"speB","Agmatinase"
"glvR","HTH-type transcriptional regulator GlvR"
"ssb","Single-stranded DNA-binding protein"
"cysN","Sulfate adenylyltransferase subunit 2"
"alaS","Alanine--tRNA ligase"
"comM","Competence protein ComM"
"dmlR_1","HTH-type transcriptional regulator DmlR"
"rihB_2","Pyrimidine-specific ribonucleoside hydrolase RihB"
"uxuA","Mannonate dehydratase"
"yrfG","GMP/IMP nucleotidase YrfG"
"nudE","ADP compounds hydrolase NudE"
"aroB","3-dehydroquinate synthase"
"yheS","putative ABC transporter ATP-binding protein YheS"
"rplD","50S ribosomal protein L4"
"fmt","Methionyl-tRNA formyltransferase"
"dprA","hypothetical protein"
"yrdA","Protein YrdA"
"rhlB","ATP-dependent RNA helicase RhlB"
"rep","ATP-dependent DNA helicase Rep"
"dppA_3","Periplasmic dipeptide transport protein"
"mtlA","PTS system mannitol-specific EIICBA component"
"glyS","Glycine--tRNA ligase beta subunit"
"yidC","Membrane protein insertase YidC"
"mnmG","tRNA uridine 5-carboxymethylaminomethyl modification enzyme MnmG"
"dcp","Dipeptidyl carboxypeptidase"
"gmk","Guanylate kinase"
"wzxC_1","Lipopolysaccharide biosynthesis protein WzxC"
"group_2482","hypothetical protein"
"nupC_1","Nucleoside permease NupC"
"waaA","3-deoxy-D-manno-octulosonic acid transferase"
"group_2485","hypothetical protein"
"cysE","Serine acetyltransferase"
"group_2487","hypothetical protein"
"group_2488","hypothetical protein"
"glpX","Fructose-1,6-bisphosphatase 1 class 2"
"argB","Acetylglutamate kinase"
"argG","Argininosuccinate synthase"
"murB","UDP-N-acetylenolpyruvoylglucosamine reductase"
"cph2","hypothetical protein"
"phnI","Alpha-D-ribose 1-methylphosphonate 5-triphosphate synthase subunit PhnI"
"flgE","Flagellar hook protein FlgE"
"fadJ","Fatty acid oxidation complex subunit alpha"
"nudJ","Phosphatase NudJ"
"tar_6","hypothetical protein"
"sigF","hypothetical protein"
"mntB_3","Manganese transport system membrane protein MntB"
"modF","ABC transporter ATP-binding protein ModF"
"lptD","LPS-assembly protein LptD"
"moaC","Cyclic pyranopterin monophosphate synthase"
"group_2562","hypothetical protein"
"hprA","Putative 2-hydroxyacid dehydrogenase"
"group_2576","hypothetical protein"
"group_2578","hypothetical protein"
"hcaT","putative 3-phenylpropionic acid transporter"
"bluF_1","Blue light- and temperature-regulated antirepressor BluF"
"phnF","putative transcriptional regulator PhnF"
"ygfZ","tRNA-modifying protein YgfZ"
"wecB","UDP-N-acetylglucosamine 2-epimerase"
"group_2586","hypothetical protein"
"curA","NADPH-dependent curcumin reductase"
"lpoA","Penicillin-binding protein activator LpoA"
"cpoB","Cell division coordinator CpoB"
"group_259","hypothetical protein"
"malE","Maltose/maltodextrin-binding periplasmic protein"
"pglH","GalNAc-alpha-(1->4)-GalNAc-alpha-(1->3)-diNAcBac-PP-undecaprenol alpha-1,4-N-acetyl-D-galactosaminyltransferase"
"serC","Phosphoserine aminotransferase"
"lolD_1","Lipoprotein-releasing system ATP-binding protein LolD"
"cobB","NAD-dependent protein deacylase"
"phoQ","Virulence sensor histidine kinase PhoQ"
"group_2596","hypothetical protein"
"group_2597","hypothetical protein"
"ycgR","Flagellar brake protein YcgR"
"srlR_1","Glucitol operon repressor"
"group_260","hypothetical protein"
"rbsB_3","Ribose import binding protein RbsB"
"fabG_2","3-oxoacyl-[acyl-carrier-protein] reductase FabG"
"gstA","Glutathione S-transferase GstA"
"gudX_2","Glucarate dehydratase-related protein"
"araA","L-arabinose isomerase"
"ydgA","Protein YdgA"
"group_2606","putative HTH-type transcriptional regulator"
"group_2607","hypothetical protein"
"group_2608","hypothetical protein"
"sotB","Sugar efflux transporter"
"gbpR","HTH-type transcriptional regulator GbpR"
"pntB","NAD(P) transhydrogenase subunit beta"
"ypwA","Thermostable carboxypeptidase 1"
"sapB","Putrescine export system permease protein SapB"
"lapA","Lipopolysaccharide assembly protein A"
"clsA","Cardiolipin synthase A"
"oppA_1","Periplasmic oligopeptide-binding protein"
"group_2622","hypothetical protein"
"hns_1","DNA-binding protein H-NS"
"betA","Oxygen-dependent choline dehydrogenase"
"group_2628","hypothetical protein"
"exoX","Exodeoxyribonuclease 10"
"ruvB","Holliday junction ATP-dependent DNA helicase RuvB"
"flgK","Flagellar hook-associated protein 1"
"clsC","Cardiolipin synthase C"
"cycA","D-serine/D-alanine/glycine transporter"
"ycbX","putative protein YcbX"
"asnS","Asparagine--tRNA ligase"
"focA_2","putative formate transporter 1"
"serS","Serine--tRNA ligase"
"aat","Leucyl/phenylalanyl-tRNA--protein transferase"
"poxB","Pyruvate dehydrogenase [ubiquinone]"
"group_2643","hypothetical protein"
"gsiB_3","Glutathione-binding protein GsiB"
"ybiT","putative ABC transporter ATP-binding protein YbiT"
"glnH","Glutamine-binding periplasmic protein"
"yehW","Glycine betaine uptake system permease protein YehW"
"idi","Isopentenyl-diphosphate Delta-isomerase"
"pbpG","D-alanyl-D-alanine endopeptidase"
"pitA_1","Low-affinity inorganic phosphate transporter 1"
"dusC","tRNA-dihydrouridine(16) synthase"
"bioB","Biotin synthase"
"sucC","Succinate--CoA ligase [ADP-forming] subunit beta"
"sdhA","Succinate dehydrogenase flavoprotein subunit"
"nagB","Glucosamine-6-phosphate deaminase"
"sbcD","Nuclease SbcCD subunit D"
"xynR","HTH-type transcriptional regulator XynR"
"group_2660","hypothetical protein"
"dinB","DNA polymerase IV"
"hcaB","3-phenylpropionate-dihydrodiol/cinnamic acid-dihydrodiol dehydrogenase"
"rbsC_2","Ribose import permease protein RbsC"
"yeeA","Inner membrane protein YeeA"
"puuB_1","Gamma-glutamylputrescine oxidoreductase"
"group_2672","hypothetical protein"
"apbC","Iron-sulfur cluster carrier protein"
"group_2674","hypothetical protein"
"yeiG","S-formylglutathione hydrolase YeiG"
"group_2676","hypothetical protein"
"alkB","Alpha-ketoglutarate-dependent dioxygenase AlkB"
"yfcA","putative membrane transporter protein YfcA"
"ccmB","Heme exporter protein B"
"group_2680","hypothetical protein"
"group_2681","hypothetical protein"
"hda","DnaA regulatory inactivator Hda"
"uraA","Uracil permease"
"ppk","Polyphosphate kinase"
"sseA","3-mercaptopyruvate sulfurtransferase"
"pepB","Peptidase B"
"glyA","Serine hydroxymethyltransferase"
"group_2689","hypothetical protein"
"murQ","N-acetylmuramic acid 6-phosphate etherase"
"group_2692","Enterobactin exporter EntS"
"group_2693","hypothetical protein"
"rhaS_1","HTH-type transcriptional activator RhaS"
"group_2695","Gluconate 2-dehydrogenase subunit 3"
"trmL_2","tRNA (cytidine(34)-2'-O)-methyltransferase"
"dapB","4-hydroxy-tetrahydrodipicolinate reductase"
"group_2698","hypothetical protein"
"setA","Sugar efflux transporter A"
"ulaC_1","hypothetical protein"
"cra_1","Catabolite repressor/activator"
"rpsB","30S ribosomal protein S2"
"gmhB","D-glycero-beta-D-manno-heptose-1,7-bisphosphate 7-phosphatase"
"aptB_2","Apulose-4-phosphate transketolase subunit B"
"group_2707","hypothetical protein"
"group_2708","hypothetical protein"
"pcpR_2","PCP degradation transcriptional activation protein"
"group_2710","hypothetical protein"
"group_2713","hypothetical protein"
"nanK","N-acetylmannosamine kinase"
"glsA2","Glutaminase 2"
"ytfJ_2","putative protein YtfJ"
"carB_2","Carbamoyl-phosphate synthase large chain"
"group_2720","hypothetical protein"
"occP_2","Octopine permease ATP-binding protein P"
"gltJ_1","hypothetical protein"
"accC","Biotin carboxylase"
"csrD","RNase E specificity factor CsrD"
"yhdE","dTTP/UTP pyrophosphatase"
"psd","Phosphatidylserine decarboxylase proenzyme"
"ytfJ_1","putative protein YtfJ"
"yhaJ_1","HTH-type transcriptional regulator YhaJ"
"osmY_3","hypothetical protein"
"yqjD","Protein YqjC"
"iolU_2","scyllo-inositol 2-dehydrogenase (NADP(+)) IolU"
"hel","Lipoprotein E"
"ddlA","D-alanine--D-alanine ligase A"
"group_2737","hypothetical protein"
"deoB","Phosphopentomutase"
"ubiH","2-octaprenyl-6-methoxyphenol hydroxylase"
"fldB","Flavodoxin 2"
"prfB","Peptide chain release factor RF2"
"lysS","Lysine--tRNA ligase"
"occR","Octopine catabolism/uptake operon regulatory protein OccR"
"lutR_2","HTH-type transcriptional regulator LutR"
"thyA","Thymidylate synthase"
"group_2749","Cyclic di-GMP phosphodiesterase"
"group_275","Trehalase"
"rbn","Ribonuclease BN"
"livH","High-affinity branched-chain amino acid transport system permease protein LivH"
"group_2752","hypothetical protein"
"livF_1","High-affinity branched-chain amino acid transport ATP-binding protein LivF"
"lacG","Lactose transport system permease protein LacG"
"gntU","Low-affinity gluconate transporter"
"nirD","Nitrite reductase (NADH) small subunit"
"nasD","Nitrite reductase [NAD(P)H]"
"ppiA","Peptidyl-prolyl cis-trans isomerase A"
"eamB","Cysteine/O-acetylserine efflux protein"
"mdtC_1","Multidrug resistance protein MdtC"
"group_2760","Putative aliphatic sulfonates transport permease protein SsuC"
"slyD","hypothetical protein"
"group_2762","hypothetical protein"
"pepE","Peptidase E"
"tatA_2","Sec-independent protein translocase protein TatA"
"metR_2","HTH-type transcriptional regulator MetR"
"yhjJ","Protein YhjJ"
"fdhE","Protein FdhE"
"yiaD","putative lipoprotein YiaD"
"pstS_2","Phosphate-binding protein PstS"
"atpD","ATP synthase subunit beta"
"atpG","ATP synthase gamma chain"
"ravA","ATPase RavA"
"group_2776","hypothetical protein"
"rfaG","Lipopolysaccharide core biosynthesis protein RfaG"
"gpsA","Glycerol-3-phosphate dehydrogenase [NAD(P)+]"
"metB","Cystathionine gamma-synthase"
"umuC_1","Protein UmuC"
"oxyR_1","Hydrogen peroxide-inducible genes activator"
"coaA","Pantothenate kinase"
"group_279","hypothetical protein"
"group_2795","hypothetical protein"
"ygiD","4,5-DOPA dioxygenase extradiol"
"group_280","hypothetical protein"
"group_2808","hypothetical protein"
"deoR_1","Deoxyribonucleoside regulator"
"ttr","Acetyltransferase"
"ptrB","Protease 2"
"scaC","Manganese import ATP-binding protein ScaC"
"mdtD","Putative multidrug resistance protein MdtD"
"fadE","Acyl-coenzyme A dehydrogenase"
"hemG","Protoporphyrinogen IX dehydrogenase [menaquinone]"
"ghrA_1","Glyoxylate/hydroxypyruvate reductase A"
"lpxH","UDP-2,3-diacylglucosamine hydrolase"
"ybfF","Esterase YbfF"
"group_2866","hypothetical protein"
"dnaK_1","Chaperone protein DnaK"
"fhuB","Iron(3+)-hydroxamate import system permease protein FhuB"
"pdeD","putative cyclic di-GMP phosphodiesterase PdeD"
"bglA","6-phospho-beta-glucosidase BglA"
"group_2882","hypothetical protein"
"recJ","Single-stranded-DNA-specific exonuclease RecJ"
"rsmA","Ribosomal RNA small subunit methyltransferase A"
"mrdA_2","Peptidoglycan D,D-transpeptidase MrdA"
"recA","Protein RecA"
"sutR_3","HTH-type transcriptional regulator SutR"
"rclR_1","RCS-specific HTH-type transcriptional activator RclR"
"group_29","Chromosome partition protein Smc"
"group_290","hypothetical protein"
"yfdC","Inner membrane protein YfdC"
"degS","Serine endoprotease DegS"
"priA","Primosomal protein N'"
"decR_1","DNA-binding transcriptional activator DecR"
"ywnA","hypothetical protein"
"wbgU","UDP-N-acetylglucosamine 4-epimerase"
"mltB","Membrane-bound lytic murein transglycosylase B"
"pdeK","putative cyclic di-GMP phosphodiesterase PdeK"
"araH","L-arabinose transport system permease protein AraH"
"yafJ","Putative glutamine amidotransferase YafJ"
"proC","Pyrroline-5-carboxylate reductase"
"metC","Cystathionine beta-lyase MetC"
"radA","DNA repair protein RadA"
"thiI","tRNA sulfurtransferase"
"purB","Adenylosuccinate lyase"
"ychF","Ribosome-binding ATPase YchF"
"group_2922","hypothetical protein"
"group_2923","hypothetical protein"
"cho","Excinuclease cho"
"tcyP","L-cystine uptake protein TcyP"
"ydjM","Inner membrane protein YdjM"
"group_2927","hypothetical protein"
"infC","Translation initiation factor IF-3"
"pheT","Phenylalanine--tRNA ligase beta subunit"
"btuC","Vitamin B12 import system permease protein BtuC"
"aroH","Phospho-2-dehydro-3-deoxyheptonate aldolase, Trp-sensitive"
"linX_1","Glucose 1-dehydrogenase"
"ybdG","Miniconductance mechanosensitive channel YbdG"
"group_2935","hypothetical protein"
"add","Adenosine deaminase"
"group_2937","hypothetical protein"
"gci","D-galactarolactone cycloisomerase"
"group_2939","hypothetical protein"
"rbsC_4","Ribose import permease protein RbsC"
"group_2941","HTH-type transcriptional activator RhaS"
"rhaT","L-rhamnose-proton symporter"
"pepT_1","Peptidase T"
"fnr","Fumarate and nitrate reduction regulatory protein"
"sapF","Peptide transport system ATP-binding protein SapF"
"rkpK","UDP-glucose 6-dehydrogenase"
"ycgL","Protein YcgL"
"htpX_1","Protease HtpX"
"znuC","Zinc import ATP-binding protein ZnuC"
"ruvA","Holliday junction ATP-dependent DNA helicase RuvA"
"nudB","Dihydroneopterin triphosphate diphosphatase"
"flgI","Flagellar P-ring protein"
"flgD","Basal-body rod modification protein FlgD"
"flgA","Flagella basal body P-ring formation protein FlgA"
"grxB","Glutaredoxin 2"
"pyrC","Dihydroorotase"
"yceI_2","Protein YceI"
"lpxL","Lipid A biosynthesis lauroyltransferase"
"rlmI","Ribosomal RNA large subunit methyltransferase I"
"sxy","Protein Sxy"
"mukF","Chromosome partition protein MukF"
"ltaE","Low specificity L-threonine aldolase"
"dacC","D-alanyl-D-alanine carboxypeptidase DacC"
"cynT","Carbonic anhydrase 1"
"group_2974","hypothetical protein"
"group_2975","hypothetical protein"
"pgl_2","6-phosphogluconolactonase"
"pnuC","Nicotinamide riboside transporter PnuC"
"sdhB","Succinate dehydrogenase iron-sulfur subunit"
"group_2979","hypothetical protein"
"glnQ_4","Glutamine transport ATP-binding protein GlnQ"
"mrdB","Peptidoglycan glycosyltransferase MrdB"
"group_2982","hypothetical protein"
"mntA","Manganese-binding lipoprotein MntA"
"yajO_2","1-deoxyxylulose-5-phosphate synthase YajO"
"phoB","Phosphate regulon transcriptional regulatory protein PhoB"
"group_2990","hypothetical protein"
"dbpA","ATP-dependent RNA helicase DbpA"
"group_2992","hypothetical protein"
"cheB","Protein-glutamate methylesterase/protein-glutamine glutaminase"
"phoH","Protein PhoH"
"putP","Sodium/proline symporter"
"rbsB_2","Ribose import binding protein RbsB"
"hisI","Histidine biosynthesis bifunctional protein HisIE"
"amsI","putative low molecular weight protein-tyrosine-phosphatase AmsI"
"dcd","dCTP deaminase"
"rsuA","Ribosomal small subunit pseudouridine synthase A"
"nuoN","NADH-quinone oxidoreductase subunit N"
"group_3012","hypothetical protein"
"ackA","Acetate kinase"
"yfcF","Glutathione S-transferase YfcF"
"cvpA","Colicin V production protein"
"emrA_2","Colistin resistance protein EmrA"
"ypeA","Acetyltransferase YpeA"
"ansP2","L-asparagine permease 2"
"tmcA","tRNA(Met) cytidine acetyltransferase TmcA"
"dapA_1","4-hydroxy-tetrahydrodipicolinate synthase"
"purN","Phosphoribosylglycinamide formyltransferase"
"der","GTPase Der"
"group_3023","hypothetical protein"
"trmJ","tRNA (cytidine/uridine-2'-O-)-methyltransferase TrmJ"
"hmp","Flavohemoprotein"
"rseB","Sigma-E factor regulatory protein RseB"
"rseA","Anti-sigma-E factor RseA"
"rpoE","ECF RNA polymerase sigma-E factor"
"rcsD","Phosphotransferase RcsD"
"mmuM","Homocysteine S-methyltransferase"
"zur","Zinc uptake regulation protein"
"tyrB","Aromatic-amino-acid aminotransferase"
"gltP","Proton/glutamate-aspartate symporter"
"malK_1","Maltose/maltodextrin import ATP-binding protein MalK"
"lacF","Lactose transport system permease protein LacF"
"obg","GTPase Obg"
"ftsI_1","Peptidoglycan D,D-transpeptidase FtsI"
"group_3042","hypothetical protein"
"group_3043","hypothetical protein"
"group_3044","Zinc-type alcohol dehydrogenase-like protein"
"rob_2","Right origin-binding protein"
"nhaA","Na(+)/H(+) antiporter NhaA"
"ribF","Bifunctional riboflavin kinase/FMN adenylyltransferase"
"ispH","4-hydroxy-3-methylbut-2-enyl diphosphate reductase"
"carA","Carbamoyl-phosphate synthase small chain"
"dppA_2","Periplasmic dipeptide transport protein"
"apaH","Bis(5'-nucleosyl)-tetraphosphatase [symmetrical]"
"surA","Chaperone SurA"
"djlA","Co-chaperone protein DjlA"
"murC","UDP-N-acetylmuramate--L-alanine ligase"
"secA","Protein translocase subunit SecA"
"pilE","hypothetical protein"
"sfsA","Sugar fermentation stimulation protein A"
"rof","Protein rof"
"parA_1","Plasmid partition protein A"
"pagP_2","Lipid A palmitoyltransferase PagP"
"group_3065","hypothetical protein"
"bcpB","Putative peroxiredoxin"
"occM_2","Octopine transport system permease protein OccM"
"occQ_2","Octopine transport system permease protein OccQ"
"group_3076","hypothetical protein"
"yhdY","Inner membrane amino-acid ABC transporter permease protein YhdY"
"yhdW","Putative amino-acid ABC transporter-binding protein YhdW"
"aaeA_1","p-hydroxybenzoic acid efflux pump subunit AaeA"
"fhuE_1","FhuE receptor"
"tsaE","tRNA threonylcarbamoyladenosine biosynthesis protein TsaE"
"fklB","FKBP-type 22 kDa peptidyl-prolyl cis-trans isomerase"
"rsmI","Ribosomal RNA small subunit methyltransferase I"
"tsaD","tRNA N6-adenosine threonylcarbamoyltransferase"
"plsY","putative glycerol-3-phosphate acyltransferase"
"cca","Multifunctional CCA protein"
"ftsP","Cell division protein FtsP"
"bepA","Beta-barrel assembly-enhancing protease"
"cytR_3","HTH-type transcriptional repressor CytR"
"group_3091","hypothetical protein"
"deoA","Thymidine phosphorylase"
"deoD","Purine nucleoside phosphorylase DeoD-type"
"yqjH","NADPH-dependent ferric-chelate reductase"
"tktA","Transketolase 1"
"group_3098","hypothetical protein"
"purL","Phosphoribosylformylglycinamidine synthase"
"surE","5'/3'-nucleotidase SurE"
"narH","Respiratory nitrate reductase 1 beta chain"
"narJ","Nitrate reductase molybdenum cofactor assembly chaperone NarJ"
"hdfR_1","HTH-type transcriptional regulator HdfR"
"ilvD","Dihydroxy-acid dehydratase"
"phzF","Trans-2,3-dihydro-3-hydroxyanthranilate isomerase"
"aceB","Malate synthase A"
"lgoR","putative HTH-type transcriptional regulator LgoR"
"dgcC_2","hypothetical protein"
"group_3112","hypothetical protein"
"ugpB","sn-glycerol-3-phosphate-binding periplasmic protein UgpB"
"glgA","Glycogen synthase"
"glpG","Rhomboid protease GlpG"
"trpS","Tryptophan--tRNA ligase"
"cytR_2","HTH-type transcriptional repressor CytR"
"bioP","Biotin transporter"
"pldB","Lysophospholipase L2"
"hemX","Protein HemX"
"sodA","Superoxide dismutase [Mn]"
"glcR_2","HTH-type transcriptional repressor GlcR"
"group_3127","hypothetical protein"
"eamA_1","putative amino-acid metabolite efflux pump"
"norG_2","HTH-type transcriptional regulator NorG"
"qseC","Sensor protein QseC"
"group_3136","hypothetical protein"
"PGdx","Hybrid peroxiredoxin hyPrx5"
"mobA_2","Molybdenum cofactor guanylyltransferase"
"purH","Bifunctional purine biosynthesis protein PurH"
"alaC","Glutamate-pyruvate aminotransferase AlaC"
"ygfA","5-formyltetrahydrofolate cyclo-ligase"
"gsiA_4","Glutathione import ATP-binding protein GsiA"
"rplE","50S ribosomal protein L5"
"trxA","Thioredoxin 1"
"group_31786","hypothetical protein"
"nuoK","NADH-quinone oxidoreductase subunit K"
"group_31788","hypothetical protein"
"cheY","Chemotaxis protein CheY"
"hupA","DNA-binding protein HU-alpha"
"rpoZ","DNA-directed RNA polymerase subunit omega"
"rpsN","30S ribosomal protein S14"
"group_31793","hypothetical protein"
"group_31794","hypothetical protein"
"rplJ","50S ribosomal protein L10"
"rpsF","30S ribosomal protein S6"
"ybaY","putative lipoprotein YbaY"
"sspB","Stringent starvation protein B"
"suhB","Inositol-1-monophosphatase"
"rbsC_3","Ribose import permease protein RbsC"
"rnhA","Ribonuclease HI"
"group_31803","putative protein"
"erpA","Iron-sulfur cluster insertion protein ErpA"
"group_31805","hypothetical protein"
"glmM","Phosphoglucosamine mutase"
"cysL","HTH-type transcriptional regulator CysL"
"yfcD","putative Nudix hydrolase YfcD"
"efp","Elongation factor P"
"pcm","Protein-L-isoaspartate O-methyltransferase"
"bfr","Bacterioferritin"
"purC","Phosphoribosylaminoimidazole-succinocarboxamide synthase"
"bcp","Peroxiredoxin Bcp"
"rplR","50S ribosomal protein L18"
"ribA","GTP cyclohydrolase-2"
"ohrB","Organic hydroperoxide resistance protein OhrB"
"hspQ","Heat shock protein HspQ"
"acrR","HTH-type transcriptional regulator AcrR"
"group_31821","hypothetical protein"
"panE_2","2-dehydropantoate 2-reductase"
"ispF","2-C-methyl-D-erythritol 2,4-cyclodiphosphate synthase"
"marA_2","Multiple antibiotic resistance protein MarA"
"group_31825","hypothetical protein"
"ppa","Inorganic pyrophosphatase"
"lspA","Lipoprotein signal peptidase"
"rplQ","50S ribosomal protein L17"
"mlaE","Intermembrane phospholipid transport system permease protein MlaE"
"zapA","Cell division protein ZapA"
"rpsR","30S ribosomal protein S18"
"rpsM","30S ribosomal protein S13"
"rplU","50S ribosomal protein L21"
"ybjN","putative protein YbjN"
"group_31838","hypothetical protein"
"group_31839","hypothetical protein"
"rsfS","Ribosomal silencing factor RsfS"
"cheZ_1","Protein phosphatase CheZ"
"ihfA","Integration host factor subunit alpha"
"tolQ","Tol-Pal system protein TolQ"
"phoU","Phosphate-specific transport system accessory protein PhoU"
"yahK_1","Aldehyde reductase YahK"
"nuoF","NADH-quinone oxidoreductase subunit F"
"glnK","Nitrogen regulatory protein P-II 2"
"atpH","ATP synthase subunit delta"
"smg","Protein Smg"
"group_31854","hypothetical protein"
"trxC","Thioredoxin 2"
"ibaG","Acid stress protein IbaG"
"yidD","Putative membrane protein insertion efficiency factor"
"rpsQ","30S ribosomal protein S17"
"ariR_1","putative two-component-system connector protein AriR"
"phnK","Putative phosphonates utilization ATP-binding protein PhnK"
"fabA","3-hydroxydecanoyl-[acyl-carrier-protein] dehydratase"
"lptB_3","Lipopolysaccharide export system ATP-binding protein LptB"
"group_31867","hypothetical protein"
"group_31868","hypothetical protein"
"group_31869","hypothetical protein"
"grxC","Glutaredoxin 3"
"zapB","Cell division protein ZapB"
"group_31873","hypothetical protein"
"group_31874","hypothetical protein"
"flgB","Flagellar basal body rod protein FlgB"
"group_31876","hypothetical protein"
"kdgR_2","HTH-type transcriptional regulator KdgR"
"group_31878","hypothetical protein"
"rpmA","50S ribosomal protein L27"
"osmB","Osmotically-inducible lipoprotein B"
"ybfE","putative protein YbfE"
"ilvM","Acetolactate synthase isozyme 2 small subunit"
"secB","Protein-export protein SecB"
"hisA","1-(5-phosphoribosyl)-5-[(5-phosphoribosylamino)methylideneamino] imidazole-4-carboxamide isomerase"
"nsrR","HTH-type transcriptional repressor NsrR"
"group_31889","hypothetical protein"
"rplP","50S ribosomal protein L16"
"group_31892","hypothetical protein"
"group_31893","hypothetical protein"
"yciI","Protein YciI"
"gmhA","Phosphoheptose isomerase"
"group_31898","hypothetical protein"
"narL_2","Nitrate/nitrite response regulator protein NarL"
"glnP","Glutamine transport system permease protein GlnP"
"group_31904","hypothetical protein"
"ddpF","putative D,D-dipeptide transport ATP-binding protein DdpF"
"group_31906","hypothetical protein"
"ygiN","putative quinol monooxygenase YgiN"
"ybhQ","Inner membrane protein YbhQ"
"ppiB","Peptidyl-prolyl cis-trans isomerase B"
"group_31910","hypothetical protein"
"group_31912","Purine nucleoside phosphoramidase"
"rpmG","50S ribosomal protein L33"
"apaG","Protein ApaG"
"group_31915","hypothetical protein"
"purE","N5-carboxyaminoimidazole ribonucleotide mutase"
"group_31917","hypothetical protein"
"group_31918","hypothetical protein"
"mliC","Membrane-bound lysozyme inhibitor of C-type lysozyme"
"group_3192","hypothetical protein"
"grcA","Autonomous glycyl radical cofactor"
"yceI_1","Protein YceI"
"dgaF","D-glucosaminate-6-phosphate ammonia lyase"
"ybiS","putative L,D-transpeptidase YbiS"
"glnE","Bifunctional glutamine synthetase adenylyltransferase/adenylyl-removing enzyme"
"rodZ","Cytoskeleton protein RodZ"
"ligB","DNA ligase B"
"group_327","hypothetical protein"
"group_3301","hypothetical protein"
"rbsC_6","Ribose import permease protein RbsC"
"ygiF","Inorganic triphosphatase"
"pspF","Psp operon transcriptional activator"
"fic_1","putative protein adenylyltransferase Fic"
"rarD","Protein RarD"
"proP_5","Proline/betaine transporter"
"group_3315","hypothetical protein"
"sotB_1","putative transporter"
"glpK","Glycerol kinase"
"group_332","hypothetical protein"
"group_3320","Acetyltransferase"
"prs","Ribose-phosphate pyrophosphokinase"
"pknD_1","Serine/threonine-protein kinase PknD"
"hxpB","Hexitol phosphatase B"
"group_3324","hypothetical protein"
"aaeA_2","p-hydroxybenzoic acid efflux pump subunit AaeA"
"rsxD","Ion-translocating oxidoreductase complex subunit D"
"araG","Arabinose import ATP-binding protein AraG"
"tus","DNA replication terminus site-binding protein"
"cysQ_2","3'(2'),5'-bisphosphate nucleotidase CysQ"
"comR_1","HTH-type transcriptional repressor ComR"
"rhaD","Rhamnulose-1-phosphate aldolase"
"group_3333","hypothetical protein"
"pspC","Phage shock protein C"
"sapC","Peptide transport system permease protein SapC"
"fadB_1","Fatty acid oxidation complex subunit alpha"
"rluB","Ribosomal large subunit pseudouridine synthase B"
"trpA","Tryptophan synthase alpha chain"
"rssB_1","Regulator of RpoS"
"proQ","RNA chaperone ProQ"
"group_3348","hypothetical protein"
"group_3349","hypothetical protein"
"purT","Formate-dependent phosphoribosylglycinamide formyltransferase"
"pykA","Pyruvate kinase II"
"mdfA_1","Multidrug transporter MdfA"
"group_3360","hypothetical protein"
"group_3361","hypothetical protein"
"anoI","Acyl-homoserine-lactone synthase"
"yccA","Modulator of FtsH protease YccA"
"cmoM","tRNA 5-carboxymethoxyuridine methyltransferase"
"group_3366","hypothetical protein"
"msbA","Lipid A export ATP-binding/permease protein MsbA"
"ybjG","Putative undecaprenyl-diphosphatase YbjG"
"acrB_2","Multidrug efflux pump subunit AcrB"
"galT","Galactose-1-phosphate uridylyltransferase"
"group_3374","hypothetical protein"
"sdhC","Succinate dehydrogenase cytochrome b556 subunit"
"pxpC","5-oxoprolinase subunit C"
"nagD","Ribonucleotide monophosphatase NagD"
"ptrA_1","hypothetical protein"
"corA_1","Cobalt/magnesium transport protein CorA"
"group_3383","hypothetical protein"
"lolD_2","Lipoprotein-releasing system ATP-binding protein LolD"
"ybbJ","Inner membrane protein YbbJ"
"tig","Trigger factor"
"thiL","Thiamine-monophosphate kinase"
"cysQ_3","3'(2'),5'-bisphosphate nucleotidase CysQ"
"brnQ","Branched-chain amino acid transport system 2 carrier protein"
"group_339","hypothetical protein"
"osmC","Peroxiredoxin OsmC"
"group_3392","hypothetical protein"
"group_3393","putative HTH-type transcriptional regulator"
"phoE","Outer membrane porin PhoE"
"pucG","(S)-ureidoglycine--glyoxylate transaminase"
"fliY_3","L-cystine-binding protein FliY"
"dnaQ","DNA polymerase III subunit epsilon"
"group_3399","hypothetical protein"
"ghrA_2","Glyoxylate/hydroxypyruvate reductase A"
"group_3400","HTH-type transcriptional regulator DmlR"
"flhC","Flagellar transcriptional regulator FlhC"
"msrA2","Peptide methionine sulfoxide reductase MsrA 2"
"phnC","Phosphate-import ATP-binding protein PhnC"
"phnN","Ribose 1,5-bisphosphate phosphokinase PhnN"
"gsiD_1","Glutathione transport system permease protein GsiD"
"mglA_2","Galactose/methyl galactoside import ATP-binding protein MglA"
"pucD","putative xanthine dehydrogenase subunit D"
"dacD","D-alanyl-D-alanine carboxypeptidase DacD"
"exuT_3","Hexuronate transporter"
"yohK_2","Inner membrane protein YohK"
"pta","Phosphate acetyltransferase"
"usg","USG-1 protein"
"fabB_1","3-oxoacyl-[acyl-carrier-protein] synthase 1"
"ydeP_1","Protein YdeP"
"focA_1","putative formate transporter 1"
"tal","Transaldolase"
"group_3423","hypothetical protein"
"srmB_1","ATP-dependent RNA helicase SrmB"
"nadK","NAD kinase"
"smpB","SsrA-binding protein"
"group_3428","hypothetical protein"
"panS","Pantothenate precursors transporter PanS"
"qorA","Quinone oxidoreductase 1"
"nepI_1","Purine ribonucleoside efflux pump NepI"
"qseB_1","Adaptive-response sensory-kinase SasA"
"group_3433","hypothetical protein"
"group_3434","hypothetical protein"
"group_3436","hypothetical protein"
"menI","1,4-dihydroxy-2-naphthoyl-CoA hydrolase"
"entC","Isochorismate synthase EntC"
"dacB","D-alanyl-D-alanine carboxypeptidase DacB"
"group_344","hypothetical protein"
"group_3440","hypothetical protein"
"yhbU","putative protease YhbU"
"group_3442","hypothetical protein"
"rsmC","Ribosomal RNA small subunit methyltransferase C"
"serB","Phosphoserine phosphatase"
"yjjX","Inosine/xanthosine triphosphatase"
"cobC","Adenosylcobalamin/alpha-ribazole phosphatase"
"arcA","Aerobic respiration control protein ArcA"
"yaaA","Peroxide stress resistance protein YaaA"
"pdxA","4-hydroxythreonine-4-phosphate dehydrogenase"
"ybeM","Deaminated glutathione amidase"
"yabI","Inner membrane protein YabI"
"group_3452","hypothetical protein"
"yadH","Inner membrane transport permease YadH"
"pcnB","Poly(A) polymerase I"
"lpxB","Lipid-A-disaccharide synthase"
"iolS_2","Aldo-keto reductase IolS"
"yecS_3","hypothetical protein"
"group_3465","hypothetical protein"
"mreB","Cell shape-determining protein MreB"
"entD","hypothetical protein"
"rsgA","Small ribosomal subunit biogenesis GTPase RsgA"
"orn","Oligoribonuclease"
"group_3473","hypothetical protein"
"ubiK","Ubiquinone biosynthesis accessory factor UbiK"
"ygiC","Putative acid--amine ligase YgiC"
"mdaB","NADPH:quinone oxidoreductase MdaB"
"dkgA","2,5-diketo-D-gluconic acid reductase A"
"exbB","Biopolymer transport protein ExbB"
"acrB_1","Multidrug efflux pump subunit AcrB"
"qorB","Quinone oxidoreductase 2"
"trmB","tRNA (guanine-N(7)-)-methyltransferase"
"yggS","Pyridoxal phosphate homeostasis protein"
"speA","Biosynthetic arginine decarboxylase"
"group_3484","26 kDa periplasmic immunogenic protein"
"dsbC","Thiol:disulfide interchange protein DsbC"
"ydhP_1","Inner membrane transport protein YdhP"
"rppH","RNA pyrophosphohydrolase"
"lgt","Phosphatidylglycerol--prolipoprotein diacylglyceryl transferase"
"gltB","hypothetical protein"
"rlmD","23S rRNA (uracil(1939)-C(5))-methyltransferase RlmD"
"pyrG_1","CTP synthase"
"group_3493","hypothetical protein"
"estB","Carboxylesterase 2"
"galP_1","Galactose-proton symporter"
"group_3496","hypothetical protein"
"rsmD","Ribosomal RNA small subunit methyltransferase D"
"citG","2-(5''-triphosphoribosyl)-3'-dephosphocoenzyme-A synthase"
"glpD","Aerobic glycerol-3-phosphate dehydrogenase"
"group_350","hypothetical protein"
"nfuA","Fe/S biogenesis protein NfuA"
"dam","DNA adenine methylase"
"zntR","HTH-type transcriptional regulator ZntR"
"clcD","Carboxymethylenebutenolidase"
"group_3505","Dipeptide transport system permease protein DppB"
"ohrR_2","Organic hydroperoxide resistance transcriptional regulator"
"yibF_2","putative GST-like protein YibF"
"cdhR_1","HTH-type transcriptional regulator CdhR"
"yidA","Sugar phosphatase YidA"
"thrA","Bifunctional aspartokinase/homoserine dehydrogenase 1"
"dnaC","DNA replication protein DnaC"
"yjhB","Putative metabolite transport protein YjhB"
"kup","Low affinity potassium transport system protein kup"
"rbsD","D-ribose pyranase"
"pdxI","Pyridoxine 4-dehydrogenase"
"srkA_1","Stress response kinase A"
"slmA","Nucleoid occlusion factor SlmA"
"emrD","Multidrug resistance protein D"
"glpF","Glycerol uptake facilitator protein"
"rraA","Regulator of ribonuclease activity A"
"hslV","ATP-dependent protease subunit HslV"
"oxyE","6-methylpretetramide 4-monooxygenase"
"hemE","Uroporphyrinogen decarboxylase"
"nfi","Endonuclease V"
"mltF","Membrane-bound lytic murein transglycosylase F"
"nikA","hypothetical protein"
"cidA","Holin-like protein CidA"
"scmP_2","N-acetylcysteine deacetylase"
"fruA_2","PTS system fructose-specific EIIB'BC component"
"ybjJ_2","Inner membrane protein YbjJ"
"dhaK","Dihydroxyacetone kinase"
"acnR","HTH-type transcriptional repressor AcnR"
"proW","Glycine betaine/proline betaine transport system permease protein ProW"
"aidB","Putative acyl-CoA dehydrogenase AidB"
"yehB","hypothetical protein"
"rimJ","[Ribosomal protein S5]-alanine N-acetyltransferase"
"mukE","Chromosome partition protein MukE"
"group_365","hypothetical protein"
"cybC","Soluble cytochrome b562"
"wecF","putative ECA polymerase"
"emrA_4","Multidrug export protein EmrA"
"wzxE","dTDP-4-amino-4,6-dideoxygalactose transaminase"
"bvgA","Virulence factors putative positive transcription regulator BvgA"
"pdxY","Pyridoxal kinase PdxY"
"ydiK_2","Putative transport protein YdiK"
"group_3702","hypothetical protein"
"group_3703","hypothetical protein"
"gnd","6-phosphogluconate dehydrogenase, decarboxylating"
"glmU","Bifunctional protein GlmU"
"basS","Sensor protein BasS"
"tsaR","HTH-type transcriptional regulator TsaR"
"rnb","Exoribonuclease 2"
"aaeB_3","p-hydroxybenzoic acid efflux pump subunit AaeB"
"mutY","Adenine DNA glycosylase"
"entA","2,3-dihydro-2,3-dihydroxybenzoate dehydrogenase"
"murG","UDP-N-acetylglucosamine--N-acetylmuramyl-(pentapeptide) pyrophosphoryl-undecaprenol N-acetylglucosamine transferase"
"gsiA_1","Glutathione import ATP-binding protein GsiA"
"damX","Cell division protein DamX"
"group_3725","hypothetical protein"
"aptB_1","Apulose-4-phosphate transketolase subunit B"
"olsG","Ornithine lipid N-methyltransferase"
"pstP","PP2C-family Ser/Thr phosphatase"
"pheS","Phenylalanine--tRNA ligase alpha subunit"
"btuE","Thioredoxin/glutathione peroxidase BtuE"
"grxD","Glutaredoxin 4"
"group_3733","hypothetical protein"
"ytfT","Inner membrane ABC transporter permease protein YtfT"
"yjfF","Inner membrane ABC transporter permease protein YjfF"
"pqqD","PqqA binding protein"
"group_3737","hypothetical protein"
"oppD_2","Oligopeptide transport ATP-binding protein OppD"
"hipB","Antitoxin HipB"
"yghA","putative oxidoreductase YghA"
"bioD1_1","ATP-dependent dethiobiotin synthetase BioD 1"
"mpaA","Murein peptide amidase A"
"sapD","Peptide transport system ATP-binding protein SapD"
"group_3747","hypothetical protein"
"yciB","putative intracellular septation protein A"
"group_3749","putative acyl-CoA thioester hydrolase"
"oppD_1","Oligopeptide transport ATP-binding protein OppD"
"ycgM","putative protein YcgM"
"minC","Septum site-determining protein MinC"
"nudL","putative Nudix hydrolase NudL"
"manY","PTS system mannose-specific EIIC component"
"ycaD_1","putative MFS-type transporter YcaD"
"mdtI","Spermidine export protein MdtI"
"holE","DNA polymerase III subunit theta"
"cmoA","Carboxy-S-adenosyl-L-methionine synthase"
"acpP_1","Acyl carrier protein"
"fabG_4","3-oxoacyl-[acyl-carrier-protein] reductase FabG"
"group_3766","hypothetical protein"
"wrbA","NAD(P)H dehydrogenase (quinone)"
"group_3768","hypothetical protein"
"zapC","Cell division protein ZapC"
"pyrD","Dihydroorotate dehydrogenase (quinone)"
"ihfB","Integration host factor subunit beta"
"rpsA","30S ribosomal protein S1"
"cmk","Cytidylate kinase"
"pflA","Pyruvate formate-lyase 1-activating enzyme"
"potF","Putrescine-binding periplasmic protein"
"aspT","Aspartate/alanine antiporter"
"rlmF","Ribosomal RNA large subunit methyltransferase F"
"ybiB","putative protein YbiB"
"moaE","Molybdopterin synthase catalytic subunit"
"pxpA","5-oxoprolinase subunit A"
"ybgI","GTP cyclohydrolase 1 type 2"
"gltI","Glutamate/aspartate import solute-binding protein"
"lipB","Octanoyltransferase"
"btuF_2","Vitamin B12-binding protein"
"tesA","Thioesterase 1/protease 1/lysophospholipase L1"
"hemH_1","Ferrochelatase"
"aldA","Lactaldehyde dehydrogenase"
"fadM","Long-chain acyl-CoA thioesterase FadM"
"yajL_1","Protein/nucleic acid deglycase 3"
"group_3794","hypothetical protein"
"mltD","Membrane-bound lytic murein transglycosylase D"
"cheR","Chemotaxis protein methyltransferase"
"efeB","Deferrochelatase/peroxidase EfeB"
"entS_1","Enterobactin exporter EntS"
"group_3806","hypothetical protein"
"argP_2","HTH-type transcriptional regulator ArgP"
"nicS","HTH-type transcriptional repressor NicS"
"cntO","Metal-pseudopaline receptor CntO"
"group_3810","hypothetical protein"
"plaP","Low-affinity putrescine importer PlaP"
"galE","UDP-glucose 4-epimerase"
"wfgD_1","hypothetical protein"
"yegS","putative lipid kinase YegS"
"prsE","Type I secretion system membrane fusion protein PrsE"
"elaA","Protein ElaA"
"group_3818","Epimerase family protein"
"hisM","Histidine transport system permease protein HisM"
"ubiX","Flavin prenyltransferase UbiX"
"nupC_2","Nucleoside permease NupC"
"crr","PTS system glucose-specific EIIA component"
"nudK_1","GDP-mannose pyrophosphatase NudK"
"bamC","Outer membrane protein assembly factor BamC"
"upp","Uracil phosphoribosyltransferase"
"ung","Uracil-DNA glycosylase"
"group_3830","hypothetical protein"
"dppD_1","Dipeptide transport ATP-binding protein DppD"
"group_3832","hypothetical protein"
"nrdF","Ribonucleoside-diphosphate reductase 2 subunit beta"
"gfcB","putative lipoprotein GfcB"
"psiE","Protein PsiE"
"group_3836","hypothetical protein"
"group_3837","hypothetical protein"
"yncE_2","putative protein YncE"
"group_3839","hypothetical protein"
"gcvA_2","Glycine cleavage system transcriptional activator"
"msmE","Multiple sugar-binding protein"
"epmA","Elongation factor P--(R)-beta-lysine ligase"
"cysJ_1","Sulfite reductase [NADPH] flavoprotein alpha-component"
"lptB_1","Lipopolysaccharide export system ATP-binding protein LptB"
"lptC","Lipopolysaccharide export system protein LptC"
"folP","Dihydropteroate synthase"
"rimP","Ribosome maturation factor RimP"
"ubiJ_1","Ubiquinone biosynthesis accessory factor UbiJ"
"pyrB","Aspartate carbamoyltransferase"
"fadD","Long-chain-fatty-acid--CoA ligase"
"uhpA","Transcriptional regulatory protein UhpA"
"group_3853","hypothetical protein"
"yjjG","Pyrimidine 5'-nucleotidase YjjG"
"deoR_2","Deoxyribose operon repressor"
"slt","Soluble lytic murein transglycosylase"
"group_3857","hypothetical protein"
"leuA_2","2-isopropylmalate synthase"
"mraZ","Transcriptional regulator MraZ"
"rsmF","Ribosomal RNA small subunit methyltransferase F"
"ddlB","D-alanine--D-alanine ligase B"
"ftsQ","Cell division protein FtsQ"
"zapD","Cell division protein ZapD"
"guaC","GMP reductase"
"hpt","Hypoxanthine phosphoribosyltransferase"
"hemL","Glutamate-1-semialdehyde 2,1-aminomutase"
"dapD","2,3,4,5-tetrahydropyridine-2,6-dicarboxylate N-succinyltransferase"
"emrA_3","hypothetical protein"
"tsf","Elongation factor Ts"
"rseP","Regulator of sigma-E protease RseP"
"fabZ","3-hydroxyacyl-[acyl-carrier-protein] dehydratase FabZ"
"group_3873","hypothetical protein"
"group_3874","Cytochrome c-554(548)"
"metN_1","Methionine import ATP-binding protein MetN"
"paoA","Aldehyde oxidoreductase iron-sulfur-binding subunit PaoA"
"yccF","Inner membrane protein YccS"
"crtB","15-cis-phytoene synthase"
"sutR_4","HTH-type transcriptional regulator SutR"
"prmA","Ribosomal protein L11 methyltransferase"
"ssuD","Alkanesulfonate monooxygenase"
"msrQ","Protein-methionine-sulfoxide reductase heme-binding subunit MsrQ"
"hflC","Modulator of FtsH protease HflC"
"group_3893","hypothetical protein"
"mpl","UDP-N-acetylmuramate--L-alanyl-gamma-D-glutamyl-meso-2,6-diaminoheptandioate ligase"
"yqjA","Inner membrane protein YqjA"
"rlmG","Ribosomal RNA large subunit methyltransferase G"
"group_390","hypothetical protein"
"folB","Dihydroneopterin aldolase"
"ribB","3,4-dihydroxy-2-butanone 4-phosphate synthase"
"group_3903","hypothetical protein"
"rhaS_3","HTH-type transcriptional activator RhaS"
"dctP","Solute-binding protein"
"group_3906","hypothetical protein"
"deoC","Deoxyribose-phosphate aldolase"
"gmuD","6-phospho-beta-glucosidase GmuD"
"rlmC","23S rRNA (uracil(747)-C(5))-methyltransferase RlmC"
"mazG","Nucleoside triphosphate pyrophosphohydrolase"
"ispD","2-C-methyl-D-erythritol 4-phosphate cytidylyltransferase"
"narI","Respiratory nitrate reductase 1 gamma chain"
"pncC_2","Nicotinamide-nucleotide amidohydrolase PncC"
"ilvE","Branched-chain-amino-acid aminotransferase"
"yhjE","Inner membrane metabolite transport protein YhjE"
"gstB_1","Glutathione S-transferase GstB"
"mntP","putative manganese efflux pump MntP"
"group_3918","HTH-type transcriptional regulator DmlR"
"uspA","Universal stress protein A"
"group_392","hypothetical protein"
"group_3920","putative protein"
"group_3921","hypothetical protein"
"group_3922","hypothetical protein"
"queH","Epoxyqueuosine reductase QueH"
"lldR_1","Putative L-lactate dehydrogenase operon regulatory protein"
"yhhQ","Queuosine precursor transporter"
"ftsE","Cell division ATP-binding protein FtsE"
"group_3928","hypothetical protein"
"fabD_2","Malonyl CoA-acyl carrier protein transacylase"
"glpR_1","Glycerol-3-phosphate regulon repressor"
"yhfA","Protein YhfA"
"ywrO","General stress protein 14"
"dauR","Transcriptional regulator DauR"
"rplC","50S ribosomal protein L3"
"tatD","3'-5' ssDNA/RNA exonuclease TatD"
"udp","Uridine phosphorylase"
"dapF","Diaminopimelate epimerase"
"hemY","Protein HemY"
"mtlD","Mannitol-1-phosphate 5-dehydrogenase"
"mtlR","Mannitol operon repressor"
"fdhD","Sulfur carrier protein FdhD"
"fdoI","Formate dehydrogenase, cytochrome b556(fdo) subunit"
"yieH","6-phosphogluconate phosphatase"
"mnmE","tRNA modification GTPase MnmE"
"xylA","Xylose isomerase"
"ygiW_1","Protein YgiW"
"yeiR","Zinc-binding GTPase YeiR"
"dsbA","Thiol:disulfide interchange protein DsbA"
"group_3958","hypothetical protein"
"group_3959","putative protein"
"lip-1","Lipase 1"
"fpr","Flavodoxin/ferredoxin--NADP reductase"
"trmA","tRNA/tmRNA (uracil-C(5))-methyltransferase"
"nusG","Transcription termination/antitermination protein NusG"
"cutC","Copper homeostasis protein CutC"
"uxaC","Uronate isomerase"
"group_3985","hypothetical protein"
"ndh","NADH dehydrogenase"
"fdoH","Formate dehydrogenase-O iron-sulfur subunit"
"recC","RecBCD enzyme subunit RecC"
"dtd","D-aminoacyl-tRNA deacylase"
"kdsB","3-deoxy-manno-octulosonate cytidylyltransferase"
"thiC","Phosphomethylpyrimidine synthase"
"btuB_2","Vitamin B12 transporter BtuB"
"ftsN","Cell division protein FtsN"
"group_416","hypothetical protein"
"rhaS_2","HTH-type transcriptional activator RhaS"
"metQ_3","D-methionine-binding lipoprotein MetQ"
"aspS","Aspartate--tRNA ligase"
"polB","DNA polymerase II"
"rne","Ribonuclease E"
"dmlR_2","HTH-type transcriptional regulator DmlR"
"gppA_1","Guanosine-5'-triphosphate,3'-diphosphate pyrophosphatase"
"group_4190","hypothetical protein"
"dedA","Protein DedA"
"ddpC_2","putative D,D-dipeptide transport system permease protein DdpC"
"group_4199","hypothetical protein"
"katE","Catalase HPII"
"mnmA","tRNA-specific 2-thiouridylase MnmA"
"group_4202","hypothetical protein"
"group_4203","hypothetical protein"
"emtA","Endo-type membrane-bound lytic murein transglycosylase A"
"group_4205","hypothetical protein"
"group_4207","hypothetical protein"
"chaC","Glutathione-specific gamma-glutamylcyclotransferase"
"astC","Succinylornithine transaminase"
"ttuB_1","Putative tartrate transporter"
"nadE","NH(3)-dependent NAD(+) synthetase"
"purR_1","HTH-type transcriptional repressor PurR"
"nemR_1","HTH-type transcriptional repressor NemR"
"ygdR_3","putative lipoprotein YgdR"
"tyrS","Tyrosine--tRNA ligase"
"group_4216","hypothetical protein"
"rsxA","Ion-translocating oxidoreductase complex subunit A"
"ytfQ","ABC transporter periplasmic-binding protein YtfQ"
"pabC","Aminodeoxychorismate lyase"
"pqqC","Pyrroloquinoline-quinone synthase"
"group_4221","hypothetical protein"
"rhaM","L-rhamnose mutarotase"
"uspE","Universal stress protein E"
"ydgI","Putative arginine/ornithine antiporter"
"yciO","putative protein YciO"
"tdk","Thymidine kinase"
"fabF_2","hypothetical protein"
"group_4230","putative NTE family protein"
"rlmA","23S rRNA (guanine(745)-N(1))-methyltransferase"
"group_4234","hypothetical protein"
"betI","HTH-type transcriptional regulator BetI"
"lpoB","Penicillin-binding protein activator LpoB"
"fabH","3-oxoacyl-[acyl-carrier-protein] synthase 3"
"group_424","hypothetical protein"
"plsX","Phosphate acyltransferase"
"flgL","Flagellar hook-associated protein 3"
"flgF","Flagellar basal-body rod protein FlgG"
"rutR","HTH-type transcriptional regulator RutR"
"matP","Macrodomain Ter protein"
"ssuE","FMN reductase (NADPH)"
"ybjP","putative lipoprotein YbjP"
"mukB","Chromosome partition protein MukB"
"moeB","Molybdopterin-synthase adenylyltransferase"
"group_4252","hypothetical protein"
"nagR","HTH-type transcriptional repressor NagR"
"bluR","HTH-type transcriptional repressor BluR"
"bioD1_2","ATP-dependent dethiobiotin synthetase BioD 1"
"nagA","N-acetylglucosamine-6-phosphate deacetylase"
"group_4259","hypothetical protein"
"tsr_1","hypothetical protein"
"folD","Bifunctional protein FolD protein"
"adk","Adenylate kinase"
"amtB","Ammonia channel"
"pgpA","Phosphatidylglycerophosphatase A"
"nusB","Transcription antitermination protein NusB"
"nrdR","Transcriptional repressor NrdR"
"queA","S-adenosylmethionine:tRNA ribosyltransferase-isomerase"
"proB","Glutamate 5-kinase"
"gpt","Xanthine phosphoribosyltransferase"
"atzE","1-carboxybiuret hydrolase subunit AtzE"
"group_4270","hypothetical protein"
"mtnD","Acireductone dioxygenase"
"group_4272","hypothetical protein"
"cheA","Motility protein B"
"davT","5-aminovalerate aminotransferase DavT"
"thpA","D-threitol-binding protein"
"group_4283","hypothetical protein"
"hisH","Imidazole glycerol phosphate synthase subunit HisH"
"galF","UTP--glucose-1-phosphate uridylyltransferase"
"thiD","Hydroxymethylpyrimidine/phosphomethylpyrimidine kinase"
"lpxT","Lipid A 1-diphosphate synthase"
"yejB","Inner membrane ABC transporter permease protein YejB"
"rplY","50S ribosomal protein L25"
"nuoH","NADH-quinone oxidoreductase subunit H"
"nuoE","NADH-quinone oxidoreductase subunit E"
"argT_1","Lysine/arginine/ornithine-binding periplasmic protein"
"accD","Acetyl-coenzyme A carboxylase carboxyl transferase subunit beta"
"sixA","Phosphohistidine phosphatase SixA"
"fadI","3-ketoacyl-CoA thiolase FadI"
"aam","Acylamidase"
"group_4300","hypothetical protein"
"ttgV","HTH-type transcriptional regulator TtgV"
"cynR_2","HTH-type transcriptional regulator CynR"
"cysM","Cysteine synthase B"
"group_4306","hypothetical protein"
"guaB","Inosine-5'-monophosphate dehydrogenase"
"qseF","Transcriptional regulatory protein QseF"
"murR","HTH-type transcriptional regulator MurR"
"hisB","Histidine biosynthesis bifunctional protein HisB"
"era","GTPase Era"
"group_4313","hypothetical protein"
"nhaK","Sodium, potassium, lithium and rubidium/H(+) antiporter"
"yjcH","Inner membrane protein YjcH"
"marA_1","Multiple antibiotic resistance protein MarA"
"mdtC_2","Multidrug resistance protein MdtC"
"groS","10 kDa chaperonin"
"groL","60 kDa chaperonin"
"epmB","L-lysine 2,3-aminomutase"
"group_4324","hypothetical protein"
"ptsN","Nitrogen regulatory protein"
"lptA","Lipopolysaccharide export system protein LptA"
"kdsC","3-deoxy-D-manno-octulosonate 8-phosphate phosphatase KdsC"
"rlmE","Ribosomal RNA large subunit methyltransferase E"
"nusA","Transcription termination/antitermination protein NusA"
"yhbO","Protein/nucleic acid deglycase 2"
"group_4331","hypothetical protein"
"rihB_1","Pyrimidine-specific ribonucleoside hydrolase RihB"
"holD","DNA polymerase III subunit psi"
"dnaK_2","Chaperone protein DnaK"
"folA","Dihydrofolate reductase"
"ftsA","Cell division protein FtsA"
"lpxC","UDP-3-O-acyl-N-acetylglucosamine deacetylase"
"nadC","Nicotinate-nucleotide pyrophosphorylase [carboxylating]"
"group_434","hypothetical protein"
"panB","3-methyl-2-oxobutanoate hydroxymethyltransferase"
"ispU","Ditrans,polycis-undecaprenyl-diphosphate synthase ((2E,6E)-farnesyl-diphosphate specific)"
"bamA","Outer membrane protein assembly factor BamA"
"skp","Chaperone protein Skp"
"metQ_1","D-methionine-binding lipoprotein MetQ"
"metI_1","D-methionine transport system permease protein MetI"
"group_4348","hypothetical protein"
"prtS","Exodeoxyribonuclease 7 large subunit"
"group_4351","dITP/XTP pyrophosphatase"
"malG_2","Maltose/maltodextrin transport system permease protein MalG"
"dusB","tRNA-dihydrouridine synthase B"
"tldD","Metalloprotease TldD"
"argR","Arginine repressor"
"menH","2-succinyl-6-hydroxy-2,4-cyclohexadiene-1-carboxylate synthase"
"mdh","Malate dehydrogenase"
"purA","Adenylosuccinate synthetase"
"cysQ_1","3'(2'),5'-bisphosphate nucleotidase CysQ"
"yhaK","Pirin-like protein YhaK"
"yqjG_2","Glutathionyl-hydroquinone reductase YqjG"
"yqjF","Inner membrane protein YqjF"
"yqjE","Inner membrane protein YqjE"
"lutR_1","HTH-type transcriptional regulator LutR"
"gabP","GABA permease"
"osmY_2","Osmotically-inducible protein Y"
"yciE","Protein YciE"
"mltC","Membrane-bound lytic murein transglycosylase C"
"sprT","Protein SprT"
"group_4375","hypothetical protein"
"fbaA_2","Fructose-bisphosphate aldolase class 2"
"lysA","Diaminopimelate decarboxylase"
"argA","Amino-acid acetyltransferase"
"padC_2","Phenolic acid decarboxylase PadC"
"crcB","Putative fluoride ion transporter CrcB"
"csgA","hypothetical protein"
"clcA","H(+)/Cl(-) exchange transporter ClcA"
"bauC","Putative 3-oxopropanoate dehydrogenase"
"iolD","3D-(3,5/4)-trihydroxycyclohexane-1,2-dione hydrolase"
"iolE_2","Inosose dehydratase"
"ugpQ","Glycerophosphodiester phosphodiesterase, cytoplasmic"
"gntK","Thermoresistant gluconokinase"
"madC","Malonyl-S-ACP:biotin-protein carboxyltransferase MADC"
"mdcC","Malonate decarboxylase acyl carrier protein"
"bioH","Pimeloyl-[acyl-carrier protein] methyl ester esterase"
"pckA","Phosphoenolpyruvate carboxykinase (ATP)"
"hslO","33 kDa chaperonin"
"aroK","Shikimate kinase 1"
"tsgA","Protein TsgA"
"cfxP","Phosphoribulokinase, plasmid"
"tusB","Protein TusB"
"rpsG","30S ribosomal protein S7"
"rplN","50S ribosomal protein L14"
"def","Peptide deformylase"
"tsaC","Threonylcarbamoyl-AMP synthase"
"yigZ","IMPACT family member YigZ"
"rhtB","Homoserine/homoserine lactone efflux protein"
"gppA_2","Guanosine-5'-triphosphate,3'-diphosphate pyrophosphatase"
"dctA","Aerobic C4-dicarboxylate transport protein"
"eptB","Kdo(2)-lipid A phosphoethanolamine 7''-transferase"
"glyQ","Glycine--tRNA ligase alpha subunit"
"wecH","O-acetyltransferase WecH"
"ghrB","Glyoxylate/hydroxypyruvate reductase B"
"group_4419","hypothetical protein"
"pstB","Phosphate import ATP-binding protein PstB"
"atpF","ATP synthase subunit b"
"qseB_2","Transcriptional regulatory protein QseB"
"rbsC_1","Ribose import permease protein RbsC"
"group_4425","Ribose import binding protein RbsB"
"pyrE","Orotate phosphoribosyltransferase"
"group_4431","hypothetical protein"
"yibN","putative protein YibN"
"thiE","Thiamine-phosphate synthase"
"rsd","Regulator of sigma D"
"nudC","NADH pyrophosphatase"
"fhuE_2","FhuE receptor"
"birA","Bifunctional ligase/repressor BirA"
"tehB","Tellurite methyltransferase"
"malP_3","Maltodextrin phosphorylase"
"betI_2","hypothetical protein"
"truD","tRNA pseudouridine synthase D"
"tamA","Translocation and assembly module subunit TamA"
"group_45","hypothetical protein"
"group_451","hypothetical protein"
"aroG","Phospho-2-dehydro-3-deoxyheptonate aldolase, Phe-sensitive"
"xpkA","Xylulose-5-phosphate phosphoketolase"
"outO","Type 4 prepilin-like proteins leader peptide-processing enzyme"
"hemC","Porphobilinogen deaminase"
"fdnG","Formate dehydrogenase, nitrate-inducible, major subunit"
"yggR","putative protein YggR"
"gloB_1","hypothetical protein"
"xanP_2","Xanthine permease XanP"
"ptsJ","Vitamin B6 salvage pathway transcriptional repressor PtsJ"
"coaD","Phosphopantetheine adenylyltransferase"
"group_468","putative protein"
"benM_1","HTH-type transcriptional regulator BenM"
"group_470","putative transporter"
"group_4728","hypothetical protein"
"ycaO","Ribosomal protein S12 methylthiotransferase accessory factor YcaO"
"metF","5,10-methylenetetrahydrofolate reductase"
"hflK","Modulator of FtsH protease HflK"
"oqxB26","multidrug efflux RND transporter permease subunit OqxB26"
"cynR_1","HTH-type transcriptional regulator CynR"
"yihU","3-sulfolactaldehyde reductase"
"lolE","Lipoprotein-releasing system transmembrane protein LolE"
"phoP","Virulence transcriptional regulatory protein PhoP"
"eamA_3","putative amino-acid metabolite efflux pump"
"group_4789","hypothetical protein"
"hemA","Glutamyl-tRNA reductase"
"spy","Periplasmic chaperone Spy"
"osmE","Osmotically-inducible putative lipoprotein OsmE"
"group_4795","hypothetical protein"
"group_4796","hypothetical protein"
"group_4797","hypothetical protein"
"rnt","Ribonuclease T"
"slyA_1","Transcriptional regulator SlyA"
"rbsK_1","Ribokinase"
"umuD_1","Protein UmuD"
"rsxE","Ion-translocating oxidoreductase complex subunit E"
"ydgK","Inner membrane protein YdgK"
"group_4805","hypothetical protein"
"group_4806","hypothetical protein"
"rpiR","HTH-type transcriptional regulator RpiR"
"araD","L-ribulose-5-phosphate 4-epimerase AraD"
"osmY_1","Osmoprotectant import permease protein OsmY"
"group_4811","hypothetical protein"
"tpx","Thiol peroxidase"
"group_4815","hypothetical protein"
"msrC","Free methionine-R-sulfoxide reductase"
"topA_2","DNA topoisomerase 1"
"ruvC","Crossover junction endodeoxyribonuclease RuvC"
"yecN","Inner membrane protein YecN"
"nagZ","Beta-hexosaminidase"
"fabD_1","Malonyl CoA-acyl carrier protein transacylase"
"yceD","Large ribosomal RNA subunit accumulation protein YceD"
"flgH","Flagellar L-ring protein"
"flgC","Flagellar basal-body rod protein FlgC"
"flgM","Negative regulator of flagellin synthesis"
"yceB","putative lipoprotein YceB"
"yceJ","Cytochrome b561"
"group_4835","hypothetical protein"
"slyA_2","Transcriptional regulator SlyA"
"ariR_2","putative two-component-system connector protein AriR"
"rutF","FMN reductase (NADH) RutF"
"yebT","Intermembrane transport protein YebT"
"group_4840","hypothetical protein"
"group_4841","hypothetical protein"
"ompX","Outer membrane protein X"
"glnQ_3","Glutamine transport ATP-binding protein GlnQ"
"group_4844","hypothetical protein"
"yohC","Inner membrane protein YohC"
"livF_2","High-affinity branched-chain amino acid transport ATP-binding protein LivF"
"tolR","Tol-Pal system protein TolR"
"fldA","Flavodoxin 1"
"corC","Magnesium and cobalt efflux protein CorC"
"lptE","LPS-assembly lipoprotein LptE"
"nadD","Nicotinate-nucleotide adenylyltransferase"
"rlmH","Ribosomal RNA large subunit methyltransferase H"
"group_4853","hypothetical protein"
"group_4855","hypothetical protein"
"gsk","Inosine-guanosine kinase"
"apt","Adenine phosphoribosyltransferase"
"acrA_2","Multidrug efflux pump subunit AcrA"
"clpP_2","ATP-dependent Clp protease proteolytic subunit"
"bolA","DNA-binding transcriptional regulator BolA"
"cyoE","Protoheme IX farnesyltransferase"
"kbp_2","Potassium binding protein Kbp"
"group_4864","hypothetical protein"
"yafV","Omega-amidase YafV"
"basR","Transcriptional regulatory protein BasR"
"nfsA","hypothetical protein"
"group_4874","hypothetical protein"
"panE_1","2-dehydropantoate 2-reductase"
"hisG","ATP phosphoribosyltransferase"
"ahpC","Alkyl hydroperoxide reductase C"
"group_4878","hypothetical protein"
"galS","HTH-type transcriptional regulator GalS"
"moeA","Molybdopterin molybdenumtransferase"
"rcsB_1","Transcriptional regulatory protein RcsB"
"elaB","Protein ElaB"
"nuoB","NADH-quinone oxidoreductase subunit B"
"ndhC","NAD(P)H-quinone oxidoreductase subunit 3, chloroplastic"
"dedD","Cell division protein DedD"
"group_4887","hypothetical protein"
"ccmH","hypothetical protein"
"dinG","ATP-dependent DNA helicase DinG"
"sasA_2","Adaptive-response sensory-kinase SasA"
"cpxR_2","Transcriptional regulatory protein CpxR"
"gcvR","Glycine cleavage system transcriptional repressor"
"guaA","GMP synthase [glutamine-hydrolyzing]"
"group_4897","hypothetical protein"
"ispG","4-hydroxy-3-methylbut-2-en-1-yl diphosphate synthase (flavodoxin)"
"mscM_1","hypothetical protein"
"group_4900","hypothetical protein"
"pdxJ","Pyridoxine 5'-phosphate synthase"
"rnc","Ribonuclease 3"
"lepB","Signal peptidase I"
"ygaM","putative protein YgaM"
"proX","Glycine betaine/proline betaine-binding periplasmic protein"
"lysC","Lysine-sensitive aspartokinase 3"
"group_4908","Spermidine/putrescine import ATP-binding protein PotA"
"lexA","LexA repressor"
"hpxW","Oxamate amidohydrolase proenzyme"
"soxR","Redox-sensitive transcriptional activator SoxR"
"yohK_1","Inner membrane protein YohK"
"yhcB","Inner membrane protein YhcB"
"sspA","Stringent starvation protein A"
"mtgA","Biosynthetic peptidoglycan transglycosylase"
"hpf","Ribosome hibernation promoting factor"
"rpoN","RNA polymerase sigma-54 factor"
"mlaD","Intermembrane phospholipid transport system binding protein MlaD"
"mlaB","Intermembrane phospholipid transport system binding protein MlaB"
"group_4920","hypothetical protein"
"ridA","2-iminobutanoate/2-iminopropanoate deaminase"
"group_4923","hypothetical protein"
"group_4924","hypothetical protein"
"group_4925","HTH-type transcriptional regulator DmlR"
"rspR_2","HTH-type transcriptional repressor RspR"
"trpR","Trp operon repressor"
"ilvH","Acetolactate synthase isozyme 3 small subunit"
"ftsZ","Cell division protein FtsZ"
"pdhR","Pyruvate dehydrogenase complex repressor"
"yadG","putative ABC transporter ATP-binding protein YadG"
"dksA","RNA polymerase-binding transcription factor DksA"
"mtnN","5'-methylthioadenosine/S-adenosylhomocysteine nucleosidase"
"map_1","Methionine aminopeptidase"
"lpxD","UDP-3-O-(3-hydroxymyristoyl)glucosamine N-acyltransferase"
"rcsF","Outer membrane lipoprotein RcsF"
"glnQ_1","Glutamine transport ATP-binding protein GlnQ"
"accB","Biotin carboxyl carrier protein of acetyl-CoA carboxylase"
"group_495","hypothetical protein"
"group_4950","hypothetical protein"
"bhsA_1","Multiple stress resistance protein BhsA"
"group_4952","hypothetical protein"
"group_4953","hypothetical protein"
"yfgD","putative protein YfgD"
"tolC_1","Outer membrane protein TolC"
"plsC","1-acyl-sn-glycerol-3-phosphate acyltransferase"
"yghB","Inner membrane protein YghB"
"yjjV","putative metal-dependent hydrolase YjjV"
"pncC_1","Nicotinamide-nucleotide amidohydrolase PncC"
"yggX","putative Fe(2+)-trafficking protein"
"argO","Arginine exporter protein ArgO"
"argP_1","HTH-type transcriptional regulator ArgP"
"xerD","Tyrosine recombinase XerD"
"queD","6-carboxy-5,6,7,8-tetrahydropterin synthase"
"group_4981","hypothetical protein"
"cspA","Cold shock protein CspA"
"lgoT","putative L-galactonate transporter"
"hemB","Delta-aminolevulinic acid dehydratase"
"panM","PanD regulatory factor"
"ugpA","sn-glycerol-3-phosphate transport system permease protein UgpA"
"group_4988","hypothetical protein"
"tauB","Taurine import ATP-binding protein TauB"
"tusC","Protein TusC"
"rplF","50S ribosomal protein L6"
"rfaH","Transcription antitermination protein RfaH"
"group_4995","hypothetical protein"
"yigL","Pyridoxal phosphate phosphatase YigL"
"corA_2","Magnesium transport protein CorA"
"wecG","UDP-N-acetyl-D-mannosaminuronic acid transferase"
"group_5","hypothetical protein"
"luxA","hypothetical protein"
"wzzE","ECA polysaccharide chain length modulation protein"
"dppC","Dipeptide transport system permease protein DppC"
"ibpA","Small heat shock protein IbpA"
"group_5004","hypothetical protein"
"pstA","Phosphate transport system permease protein PstA"
"yihI","Der GTPase-activating protein YihI"
"hldD","ADP-L-glycero-D-manno-heptose-6-epimerase"
"cpxP","Periplasmic protein CpxP"
"sbp","Sulfate-binding protein"
"rhaR_2","HTH-type transcriptional activator RhaR"
"group_5059","hypothetical protein"
"mutL","DNA mismatch repair protein MutL"
"group_508","hypothetical protein"
"group_5089","hypothetical protein"
"group_515","hypothetical protein"
"msrP","Protein-methionine-sulfoxide reductase catalytic subunit MsrP"
"zipA","Cell division protein ZipA"
"asd","Aspartate-semialdehyde dehydrogenase"
"group_525","putative signaling protein"
"rraB","Regulator of ribonuclease activity B"
"ribC","Riboflavin synthase"
"dmlR_15","HTH-type transcriptional regulator DmlR"
"carB_3","Carbamoyl-phosphate synthase large chain"
"ybeY","Endoribonuclease YbeY"
"cstA","Peptide transporter CstA"
"sucA","2-oxoglutarate dehydrogenase E1 component"
"artJ","ABC transporter arginine-binding protein 1"
"lon_2","Lon protease"
"metE_1","Phosphate-binding protein PstS"
"metG","Methionine--tRNA ligase"
"sbnD_1","Staphyloferrin B transporter"
"rapA","RNA polymerase-associated protein RapA"
"group_542","hypothetical protein"
"group_543","hypothetical protein"
"group_544","hypothetical protein"
"metQ_2","D-methionine-binding lipoprotein MetQ"
"araC","Arabinose operon regulatory protein"
"yccU","putative protein YccU"
"fieF","Ferrous-iron efflux pump FieF"
"comR_5","Soluble epoxide hydrolase"
"yhhW_1","Quercetin 2,3-dioxygenase"
"crtY","Lycopene beta-cyclase"
"rbsB_4","Ribose import binding protein RbsB"
"group_5513","hypothetical protein"
"pth","Peptidyl-tRNA hydrolase"
"group_5518","hypothetical protein"
"rsxB","Ion-translocating oxidoreductase complex subunit B"
"ydgT","Transcription modulator YdgT"
"ydgJ","putative oxidoreductase YdgJ"
"pqqB","Coenzyme PQQ synthesis protein B"
"group_5527","hypothetical protein"
"oppF_1","Oligopeptide transport ATP-binding protein OppF"
"group_5529","hypothetical protein"
"group_5531","hypothetical protein"
"group_5532","hypothetical protein"
"ydfG","NADP-dependent 3-hydroxy acid dehydrogenase YdfG"
"group_5535","hypothetical protein"
"pspB","Phage shock protein B"
"pspA","Phage shock protein A"
"yjgH","RutC family protein YjgH"
"group_5541","hypothetical protein"
"minD","Septum site-determining protein MinD"
"rutC_1","Putative aminoacrylate peracid reductase RutC"
"mdtJ","Spermidine export protein MdtJ"
"eda","KHG/KDPG aldolase"
"fabG_3","3-oxoacyl-[acyl-carrier-protein] reductase FabG"
"group_5558","hypothetical protein"
"kdpB","Potassium-transporting ATPase ATP-binding subunit"
"pgsA","CDP-diacylglycerol--glycerol-3-phosphate 3-phosphatidyltransferase"
"rutA","Pyrimidine monooxygenase RutA"
"ompA_2","Outer membrane protein A"
"lolA_2","Outer-membrane lipoprotein carrier protein"
"lrp_2","Leucine-responsive regulatory protein"
"dps","DNA protection during starvation protein"
"group_5569","hypothetical protein"
"pdeN_1","putative cyclic di-GMP phosphodiesterase PdeN"
"gpmA_1","2,3-bisphosphoglycerate-dependent phosphoglycerate mutase"
"pal_1","Peptidoglycan-associated lipoprotein"
"group_5572","hypothetical protein"
"kdpE","KDP operon transcriptional regulatory protein KdpE"
"group_5574","hypothetical protein"
"glnS","Glutamine--tRNA ligase"
"group_558","hypothetical protein"
"group_5581","hypothetical protein"
"cysS","Cysteine--tRNA ligase"
"cnoX","Chaperedoxin"
"qmcA","Protein QmcA"
"recR","Recombination protein RecR"
"ybaN","Inner membrane protein YbaN"
"group_5588","hypothetical protein"
"cyoC","Cytochrome bo(3) ubiquinol oxidase subunit 3"
"tatB","Sec-independent protein translocase protein TatB"
"ribE","6,7-dimethyl-8-ribityllumazine synthase"
"secF","Protein translocase subunit SecF"
"yaiA","putative protein YaiA"
"crl","Sigma factor-binding protein Crl"
"group_5597","hypothetical protein"
"group_5598","hypothetical protein"
"tolB_2","Tol-Pal system protein TolB"
"cheW","Chemotaxis protein CheW"
"group_5602","hypothetical protein"
"group_5612","Leucine-responsive regulatory protein"
"group_5615","hypothetical protein"
"folE","GTP cyclohydrolase 1"
"nfo","Endonuclease 4"
"group_5618","hypothetical protein"
"ubiG","Ubiquinone biosynthesis O-methyltransferase"
"hdfR_2","HTH-type transcriptional regulator HdfR"
"mlaA","Intermembrane phospholipid transport system lipoprotein MlaA"
"group_5625","hypothetical protein"
"ypdB","Transcriptional regulatory protein YpdB"
"yfeY","putative protein YfeY"
"amiA","N-acetylmuramoyl-L-alanine amidase AmiA"
"group_5629","hypothetical protein"
"group_5630","hypothetical protein"
"iscR","HTH-type transcriptional regulator IscR"
"group_5632","hypothetical protein"
"glnB","Nitrogen regulatory protein P-II"
"pgpC","Phosphatidylglycerophosphatase C"
"grpE","Protein GrpE"
"speG","Spermidine N(1)-acetyltransferase"
"group_5643","hypothetical protein"
"phnV","Putative 2-aminoethylphosphonate transport system permease protein PhnV"
"lrp_3","Leucine-responsive regulatory protein"
"tsx","Nucleoside-specific channel-forming protein Tsx"
"coaBC","Coenzyme A biosynthesis bifunctional protein CoaBC"
"group_5651","hypothetical protein"
"blc","Outer membrane lipoprotein Blc"
"ispB","Octaprenyl diphosphate synthase"
"truB","tRNA pseudouridine synthase B"
"pyrI","Aspartate carbamoyltransferase regulatory chain"
"holC","DNA polymerase III subunit chi"
"rimI","[Ribosomal protein S18]-alanine N-acetyltransferase"
"fkpB","FKBP-type 16 kDa peptidyl-prolyl cis-trans isomerase"
"leuD1","3-isopropylmalate dehydratase small subunit 1"
"yacG","DNA gyrase inhibitor YacG"
"speE","Polyamine aminopropyltransferase"
"cdaR","Carbohydrate diacid regulator"
"frr","Ribosome-recycling factor"
"cdsA","Phosphatidate cytidylyltransferase"
"lpxA","Acyl-[acyl-carrier-protein]--UDP-N-acetylglucosamine O-acyltransferase"
"rnhB","Ribonuclease HII"
"accA","Acetyl-coenzyme A carboxylase carboxyl transferase subunit alpha"
"arfB","Peptidyl-tRNA hydrolase ArfB"
"trmO","tRNA (adenine(37)-N6)-methyltransferase"
"ariR_3","putative two-component-system connector protein AriR"
"fis","DNA-binding protein Fis"
"ytfP","Gamma-glutamylcyclotransferase family protein YtfP"
"group_5696","hypothetical protein"
"group_5697","hypothetical protein"
"diaA","DnaA initiator-associating protein DiaA"
"rpsU","30S ribosomal protein S21"
"exbD","Biopolymer transport protein ExbD"
"group_5707","hypothetical protein"
"ylaC","Inner membrane protein YlaC"
"prfC","Peptide chain release factor RF3"
"group_5710","hypothetical protein"
"gcvH","Glycine cleavage system H protein"
"ygdR_1","putative lipoprotein YgdR"
"cysC","Adenylyl-sulfate kinase"
"ftsB","Cell division protein FtsB"
"narL_1","Nitrate/nitrite response regulator protein NarL"
"group_5725","hypothetical protein"
"iolG_2","Inositol 2-dehydrogenase/D-chiro-inositol 3-dehydrogenase"
"livJ","Leu/Ile/Val/Thr-binding protein"
"rpe","Ribulose-phosphate 3-epimerase"
"crp","cAMP-activated global transcriptional regulator CRP"
"rpsL","30S ribosomal protein S12"
"rplW","50S ribosomal protein L23"
"rplB","50S ribosomal protein L2"
"rpsC","30S ribosomal protein S3"
"rplX","50S ribosomal protein L24"
"rpsH","30S ribosomal protein S8"
"rpsE","30S ribosomal protein S5"
"pepQ","Xaa-Pro dipeptidase"
"fre","NAD(P)H-flavin reductase"
"ubiJ_2","Ubiquinone biosynthesis accessory factor UbiJ"
"rhtC_1","Threonine efflux protein"
"group_5751","hypothetical protein"
"group_5753","hypothetical protein"
"dnaT","Primosomal protein 1"
"atpB","ATP synthase subunit a"
"rsmG","Ribosomal RNA small subunit methyltransferase G"
"mioC","Protein MioC"
"engB","putative GTP-binding protein EngB"
"group_5768","hypothetical protein"
"cpxR_1","Transcriptional regulatory protein CpxR"
"secE","Protein translocase subunit SecE"
"group_5787","hypothetical protein"
"mrcB","Penicillin-binding protein 1B"
"lldP","L-lactate permease"
"prpC","hypothetical protein"
"astE","Succinylglutamate desuccinylase"
"ddpB","putative D,D-dipeptide-binding periplasmic protein DdpA"
"pcaK","4-hydroxybenzoate transporter PcaK"
"hrpA","hypothetical protein"
"pabB","Aminodeoxychorismate synthase component 1"
"group_593","hypothetical protein"
"yebS","Intermembrane transport protein YebS"
"thiK","Thiamine kinase"
"dauA_2","C4-dicarboxylic acid transporter DauA"
"hutU","Urocanate hydratase"
"lacZ","Beta-galactosidase"
"mglA_4","Galactose/methyl galactoside import ATP-binding protein MglA"
"group_600","hypothetical protein"
"tap_1","hypothetical protein"
"group_603","hypothetical protein"
"group_605","Gluconate 2-dehydrogenase cytochrome c subunit"
"zapE","Cell division protein ZapE"
"ddpA_3","putative D,D-dipeptide-binding periplasmic protein DdpA"
"fba","Fructose-bisphosphate aldolase"
"gspE","Putative type II secretion system protein E"
"ribX","Riboflavin transport system permease protein RibX"
"ddpC_3","putative D,D-dipeptide transport system permease protein DdpC"
"group_6132","hypothetical protein"
"yfiH_1","hypothetical protein"
"parE","DNA topoisomerase 4 subunit B"
"rfaB","Lipopolysaccharide 1,6-galactosyltransferase"
"ptsP","Phosphoenolpyruvate-dependent phosphotransferase system"
"cysJ_2","Sulfite reductase [NADPH] flavoprotein alpha-component"
"malP_1","Maltodextrin phosphorylase"
"malQ_1","4-alpha-glucanotransferase"
"mrcA","Penicillin-binding protein 1A"
"group_627","hypothetical protein"
"nhaR","Transcriptional activator protein NhaR"
"ftsK","hypothetical protein"
"mrdA_1","Peptidoglycan D,D-transpeptidase MrdA"
"btuD_1","Vitamin B12 import ATP-binding protein BtuD"
"prfA","Peptide chain release factor RF1"
"glyD","Glycosyltransferase GlyD"
"group_66","hypothetical protein"
"aaeB_2","p-hydroxybenzoic acid efflux pump subunit AaeB"
"dapE_2","Succinyl-diaminopimelate desuccinylase"
"acnA","Aconitate hydratase A"
"lolB","Outer-membrane lipoprotein LolB"
"trpGD_2","Bifunctional protein TrpGD"
"mlaC","Intermembrane phospholipid transport system binding protein MlaC"
"yoaA","putative ATP-dependent DNA helicase YoaA"
"pphA","Serine/threonine-protein phosphatase 1"
"zwf","Glucose-6-phosphate 1-dehydrogenase"
"uvrC","UvrABC system protein C"
"lon_1","Lon protease"
"ybaL","Putative cation/proton antiporter YbaL"
"lpp","Major outer membrane lipoprotein Lpp"
"sbnD_2","Staphyloferrin B transporter"
"rpsD","30S ribosomal protein S4"
"gsiB_1","Glutathione-binding protein GsiB"
"group_6788","hypothetical protein"
"mdtB_2","Multidrug resistance protein MdtB"
"yejF","putative ABC transporter ATP-binding protein YejF"
"pat","Peptidyl-lysine N-acetyltransferase Pat"
"plsB","Glycerol-3-phosphate acyltransferase"
"hflD","High frequency lysogenization protein HflD"
"group_6823","hypothetical protein"
"mepS_2","Murein DD-endopeptidase MepS/Murein LD-carboxypeptidase"
"sufE","Cysteine desulfuration protein SufE"
"ytfF","Inner membrane protein YtfF"
"group_6830","hypothetical protein"
"pdxH_1","Pyridoxine/pyridoxamine 5'-phosphate oxidase"
"group_6832","hypothetical protein"
"group_6834","hypothetical protein"
"azoR","FMN-dependent NADH-azoreductase"
"purU","Formyltetrahydrofolate deformylase"
"abgB","p-aminobenzoyl-glutamate hydrolase subunit B"
"znuB","High-affinity zinc uptake system membrane protein ZnuB"
"iolU_1","scyllo-inositol 2-dehydrogenase (NADP(+)) IolU"
"dinI","DNA damage-inducible protein I"
"group_6854","hypothetical protein"
"yccJ","putative protein YccJ"
"tusE","Sulfurtransferase TusE"
"sulA","Cell division inhibitor SulA"
"infA","Translation initiation factor IF-1"
"aptA_2","Apulose-4-phosphate transketolase subunit A"
"acrZ","Multidrug efflux pump accessory protein AcrZ"
"paoC","Aldehyde oxidoreductase molybdenum-binding subunit PaoC"
"ybgC","Acyl-CoA thioester hydrolase YbgC"
"cydX","Cytochrome bd-I ubiquinol oxidase subunit X"
"seqA","Negative modulator of initiation of replication"
"ybeZ","PhoH-like protein"
"group_6876","hypothetical protein"
"ybcJ","putative protein YbcJ"
"ybaB","Nucleoid-associated protein YbaB"
"ybiU","putative protein YbiU"
"rpmE2","50S ribosomal protein L31 type B"
"hha_1","Hemolysin expression-modulating protein Hha"
"group_6883","hypothetical protein"
"cyoD","Cytochrome bo(3) ubiquinol oxidase subunit 4"
"group_6885","hypothetical protein"
"yajC","Sec translocon accessory complex subunit YajC"
"tgt","Queuine tRNA-ribosyltransferase"
"group_689","Immunogenic protein MPT70"
"group_6890","hypothetical protein"
"group_6891","hypothetical protein"
"ribH2","hypothetical protein"
"phnL","Alpha-D-ribose 1-methylphosphonate 5-triphosphate synthase subunit PhnL"
"frmA","S-(hydroxymethyl)glutathione dehydrogenase"
"mepS_1","Murein DD-endopeptidase MepS/Murein LD-carboxypeptidase"
"nrdB","Ribonucleoside-diphosphate reductase 1 subunit beta"
"glk","Glucokinase"
"malT","HTH-type transcriptional regulator MalT"
"group_6921","hypothetical protein"
"hisS","Histidine--tRNA ligase"
"ndk","Nucleoside diphosphate kinase"
"mprA","Transcriptional repressor MprA"
"lamB_2","Maltoporin"
"dgkA","Diacylglycerol kinase"
"group_6931","hypothetical protein"
"group_6932","hypothetical protein"
"rpsI","30S ribosomal protein S9"
"entB","Enterobactin synthase component B"
"greA","Transcription elongation factor GreA"
"yhbY","RNA-binding protein YhbY"
"secG","Protein-export membrane protein SecG"
"rbfA","30S ribosome-binding factor"
"nrdG","Anaerobic ribonucleoside-triphosphate reductase-activating protein"
"mog","Molybdopterin adenylyltransferase"
"mutT","8-oxo-dGTP diphosphatase"
"group_6948","hypothetical protein"
"speD","S-adenosylmethionine decarboxylase proenzyme"
"pyrH","Uridylate kinase"
"group_6963","hypothetical protein"
"aroQ_1","3-dehydroquinate dehydratase"
"btuD_2","Vitamin B12 import ATP-binding protein BtuD"
"yhcO","putative protein YhcO"
"fbp","Fructose-1,6-bisphosphatase class 1"
"group_6972","hypothetical protein"
"group_6973","hypothetical protein"
"yqjI","Transcriptional regulator YqjI"
"ftnA","Bacterial non-heme ferritin"
"gshB","Glutathione synthetase"
"norG_3","HTH-type transcriptional regulator NorG"
"mutH","DNA mismatch repair protein MutH"
"cysH","Phosphoadenosine phosphosulfate reductase"
"ygbE","Inner membrane protein YgbE"
"gabR_1","HTH-type transcriptional regulatory protein GabR"
"yhhT_1","Putative transport protein YhhT"
"hexR_1","HTH-type transcriptional regulator HexR"
"ftsX","Cell division protein FtsX"
"glpE","Thiosulfate sulfurtransferase GlpE"
"ompR_1","Transcriptional regulatory protein OmpR"
"gph","Phosphoglycolate phosphatase"
"gudP_1","putative glucarate transporter"
"slyX","Protein SlyX"
"tusD","Sulfurtransferase TusD"
"rpsJ","30S ribosomal protein S10"
"rpsS","30S ribosomal protein S19"
"rplV","50S ribosomal protein L22"
"rplO","50S ribosomal protein L15"
"mscL","Large-conductance mechanosensitive channel"
"pldA","Phospholipase A1"
"atpE","ATP synthase subunit c"
"atpI","ATP synthase protein I"
"dnaA","Chromosomal replication initiator protein DnaA"
"mutM","Formamidopyrimidine-DNA glycosylase"
"trmL_1","tRNA (cytidine(34)-2'-O)-methyltransferase"
"asnC","Hercynine oxygenase"
"rplK","50S ribosomal protein L11"
"rplL","50S ribosomal protein L7/L12"
"polA","DNA polymerase I"
"murI","Vitamin B12 transporter BtuB"
"recB","RecBCD enzyme subunit RecB"
"dnaX","DNA polymerase III subunit tau"
"group_718","hypothetical protein"
"gcd_1","Quinoprotein glucose dehydrogenase"
"rcsC_2","Sensor histidine kinase RcsC"
"pbpC","Penicillin-binding protein 1C"
"rpoB","DNA-directed RNA polymerase subunit beta"
"ptrA","Protease 3"
"btuD_4","Vitamin B12 import ATP-binding protein BtuD"
"emrY","hypothetical protein"
"dgcQ","hypothetical protein"
"group_735","putative protein"
"treY","Maltooligosyl trehalose synthase"
"group_738","hypothetical protein"
"bmr3","Multidrug resistance protein 3"
"pnbA","Para-nitrobenzyl esterase"
"group_742","putative protein"
"betT","High-affinity choline transport protein"
"yccX","Acylphosphatase"
"group_745","hypothetical protein"
"group_746","hypothetical protein"
"oprM_2","Outer membrane protein OprM"
"hutI","Imidazolonepropionase"
"phrB","Deoxyribodipyrimidine photo-lyase"
"leuS","Leucine--tRNA ligase"
"group_753","hypothetical protein"
"purK","N5-carboxyaminoimidazole ribonucleotide synthase"
"higB2_1","Putative toxin HigB2"
"group_757","hypothetical protein"
"thiM","Hydroxyethylthiazole kinase"
"metH","Methionine synthase"
"mnmC_1","tRNA 5-methylaminomethyl-2-thiouridine biosynthesis bifunctional protein MnmC"
"group_761","6-deoxy-6-sulfogluconolactonase"
"group_762","hypothetical protein"
"iolE_1","Inosose dehydratase"
"acnB","Aconitate hydratase B"
"barS1","putative oxidoreductase"
"gabR_3","HTH-type transcriptional regulatory protein GabR"
"group_767","hypothetical protein"
"iucC","hypothetical protein"
"kefF_2","Glutathione-regulated potassium-efflux system ancillary protein KefF"
"rnr","Ribonuclease R"
"glgC","Glucose-1-phosphate adenylyltransferase"
"napA","Putative formate dehydrogenase"
"malP_2","Maltodextrin phosphorylase"
"uvrD","DNA helicase II"
"dthadh","D-threo-3-hydroxyaspartate dehydratase"
"envC","Murein hydrolase activator EnvC"
"rpoC","DNA-directed RNA polymerase subunit beta'"
"norG_4","HTH-type transcriptional regulator NorG"
"dgcE_1","putative diguanylate cyclase DgcE"
"galR","HTH-type transcriptional regulator GalR"
"group_806","hypothetical protein"
"gltK","Glutamate/aspartate import permease protein GltK"
"yagG","hypothetical protein"
"group_81","hypothetical protein"
"hutH_2","Histidine ammonia-lyase"
"group_811","putative ABC transporter-binding protein"
"dsbD_2","Thiol:disulfide interchange protein DsbD"
"tar_5","hypothetical protein"
"group_816","hypothetical protein"
"group_818","hypothetical protein"
"group_819","hypothetical protein"
"tsr_5","hypothetical protein"
"kduI","4-deoxy-L-threo-5-hexosulose-uronate ketol-isomerase"
"sdhD","Succinate dehydrogenase hydrophobic membrane anchor subunit"
"ampC_1","Beta-lactamase"
"hcaR_1","Hca operon transcriptional activator HcaR"
"rhaA","L-rhamnose isomerase"
"adhE","Aldehyde-alcohol dehydrogenase"
"fabF_1","3-oxoacyl-[acyl-carrier-protein] synthase 2"
"group_829","hypothetical protein"
"rutC_2","Putative aminoacrylate peracid reductase RutC"
"ybjO","Inner membrane protein YbjO"
"gloC","Hydroxyacylglutathione hydrolase GloC"
"mntR","Transcriptional regulator MntR"
"clsB","Cardiolipin synthase B"
"ybhA","Pyridoxal phosphate phosphatase YbhA"
"asnB","Asparagine synthetase B [glutamine-hydrolyzing]"
"flhB","Flagellar biosynthesis protein FlhA"
"efeU","Iron uptake system component EfeO"
"phnE","hypothetical protein"
"rutB_1","Peroxyureidoacrylate/ureidoacrylate amidohydrolase RutB"
"argT_2","hypothetical protein"
"yojI","ABC transporter ATP-binding/permease protein YojI"
"yfbR","Glutamate-pyruvate aminotransferase AlaA"
"dsbE","Cytochrome c-type biogenesis protein CcmF"
"quiA","Quinate/shikimate dehydrogenase (quinone)"
"ubiC","4-hydroxybenzoate octaprenyltransferase"
"oprM_3","Outer membrane protein OprM"
"ileS","Isoleucine--tRNA ligase"
"hrpB","ATP-dependent RNA helicase HrpB"
"virB_1","Virulence regulon transcriptional activator VirB"
"fabG_6","3-oxoacyl-[acyl-carrier-protein] reductase FabG"
"ygeA","L-aspartate/glutamate-specific racemase"
"iucD","L-lysine N6-monooxygenase"
"yfhM","Alpha-2-macroglobulin"
"bglB","6-phospho-beta-glucosidase BglB"
"group_865","hypothetical protein"
"crtI","Phytoene desaturase (lycopene-forming)"
"occT","Octopine-binding periplasmic protein"
"trg_1","hypothetical protein"
"tamB","Translocation and assembly module subunit TamB"
"group_873","hypothetical protein"
"yagE","Putative 2-dehydro-3-deoxy-D-gluconate aldolase YagE"
"glgX_2","Glycogen debranching enzyme"
"igaA","Intracellular growth attenuator protein igaA"
"cysG_1","Siroheme synthase"
"trkH","Trk system potassium uptake protein TrkH"
"hsrA_1","putative transport protein HsrA"
"cpxA","Sensor histidine kinase CpxA"
"astD","N-succinylarginine dihydrolase"
"cytR_1","HTH-type transcriptional repressor CytR"
"yheI","putative multidrug resistance ABC transporter ATP-binding/permease protein YheI"
"group_9","hypothetical protein"
"rluA_1","Dual-specificity RNA pseudouridine synthase RluA"
"por","Polyol:NADP oxidoreductase"
"group_92","hypothetical protein"
"abgT","p-aminobenzoyl-glutamate transport protein"
"tsr_4","Methyl-accepting chemotaxis protein I"
"mgtB","Magnesium-transporting ATPase, P-type 1"
"group_926","hypothetical protein"
"mdtA_2","Multidrug resistance protein MdtA"
"osmX","Osmoprotectant-binding protein OsmX"
"mfd","Transcription-repair-coupling factor"
"tmk_2","Thymidylate kinase"
"rbsC_5","Ribose import permease protein RbsC"
"cph2_1","putative signaling protein"
"bcr_2","Bicyclomycin resistance protein"
"araB","Ribulokinase"
"potA_1","Spermidine/putrescine import ATP-binding protein PotA"
"rstB","Sensor protein RstB"
"betB_2","NAD/NADP-dependent betaine aldehyde dehydrogenase"
"pepN","Aminopeptidase N"
"pflB","Formate acetyltransferase 1"
"clpA","ATP-dependent Clp protease ATP-binding subunit ClpA"
"amiD","N-acetylmuramoyl-L-alanine amidase AmiD"
"gsiA_3","Glutathione import ATP-binding protein GsiA"
"sgrR_1","HTH-type transcriptional regulator SgrR"
"mtnC","Enolase-phosphatase E1"
"glnM","putative glutamine ABC transporter permease protein GlnM"
"abo","4-methylaminobutanoate oxidase (formaldehyde-forming)"
"rspB","Starvation-sensing protein RspB"
"group_956","hypothetical protein"
"group_9569","hypothetical protein"
"ccmE","Cytochrome c-type biogenesis protein CcmE"
"nrdI","Protein NrdI"
"group_959","hypothetical protein"
"uvrA_1","UvrABC system protein A"
"rutB_3","Peroxyureidoacrylate/ureidoacrylate amidohydrolase RutB"
"ghxP","Guanine/hypoxanthine permease GhxP"
"baeR","Transcriptional regulatory protein BaeR"
"degQ","Periplasmic pH-dependent serine endoprotease DegQ"
"ftsH","ATP-dependent zinc metalloprotease FtsH"
"adhB","Alcohol dehydrogenase (quinone), cytochrome c subunit"
"ampC_2","Beta-lactamase"
"tpiA","Triosephosphate isomerase"
"atzF","Allophanate hydrolase"
"group_968","putative MFS-type transporter"
"bglF_2","PTS system beta-glucoside-specific EIIBCA component"
"panF","Sodium/pantothenate symporter"
"davD","Glutarate-semialdehyde dehydrogenase"
"uxaB_1","Altronate oxidoreductase"
"speC","Constitutive ornithine decarboxylase"
"ygfF","putative oxidoreductase YgfF"
"relA","GTP pyrophosphokinase"
"lgoD","L-galactonate-5-dehydrogenase"
"atm1","Putative multidrug export ATP-binding/permease protein"
"yccS_3","hypothetical protein"
"trkA","Trk system potassium uptake protein TrkA"
"ubiE","Ubiquinone/menaquinone biosynthesis C-methyltransferase UbiE"
"ywrD","Glutathione hydrolase-like YwrD proenzyme"
"glnA","Glutamine synthetase"
"gspA","hypothetical protein"
"group_1008","HTH-type transcriptional regulator PgrR"
"dadX","Alanine racemase, catabolic"
"chb","Chitobiase"
"intA_2","hypothetical protein"
"group_1076","hypothetical protein"
"yciH","putative protein YciH"
"yobA","Protein YobA"
"puuB_2","Gamma-glutamylputrescine oxidoreductase"
"group_1206","hypothetical protein"
"metN2","Methionine import ATP-binding protein MetN 2"
"group_1217","hypothetical protein"
"group_1226","hypothetical protein"
"group_1261","hypothetical protein"
"group_1293","hypothetical protein"
"group_1297","hypothetical protein"
"yeaD","Putative glucose-6-phosphate 1-epimerase"
"yhaJ_2","HTH-type transcriptional regulator YhaJ"
"group_1356","hypothetical protein"
"pheA","Bifunctional chorismate mutase/prephenate dehydratase"
"icd","Isocitrate dehydrogenase [NADP]"
"group_1457","hypothetical protein"
"group_1500","hypothetical protein"
"group_1520","hypothetical protein"
"gshA","Glutamate--cysteine ligase"
"group_1548","Hca operon transcriptional activator HcaR"
"cdh_2","CDP-diacylglycerol pyrophosphatase"
"leuA_1","2-isopropylmalate synthase"
"group_1636","hypothetical protein"
"gapA","Glyceraldehyde-3-phosphate dehydrogenase A"
"srkA_2","Stress response kinase A"
"btuF_4","Vitamin B12-binding protein"
"aroF","Phospho-2-dehydro-3-deoxyheptonate aldolase, Tyr-sensitive"
"dapH","2,3,4,5-tetrahydropyridine-2,6-dicarboxylate N-acetyltransferase"
"yfiH","Polyphenol oxidase"
"group_1860","hypothetical protein"
"mdtL","Multidrug resistance protein MdtL"
"dadA","D-amino acid dehydrogenase"
"group_187","hypothetical protein"
"chiP","Chitoporin"
"group_1939","Extracellular exo-alpha-(1->5)-L-arabinofuranosidase"
"group_194","hypothetical protein"
"thiG","Thiazole synthase"
"gcvA_1","Glycine cleavage system transcriptional activator"
"gudX_1","Glucarate dehydratase-related protein"
"cvrA","K(+)/H(+) antiporter NhaP2"
"wcaJ_2","hypothetical protein"
"galP_2","Galactose-proton symporter"
"garD","Galactarate dehydratase (L-threo-forming)"
"yqaB","Fructose-1-phosphate phosphatase YqaB"
"ffh","Signal recognition particle protein"
"rfaQ_3","Lipopolysaccharide core heptosyltransferase RfaQ"
"ycdY","Chaperone protein YcdY"
"group_2347","hypothetical protein"
"ccmA","Cytochrome c biogenesis ATP-binding export protein CcmA"
"hchA","Protein/nucleic acid deglycase HchA"
"gudP_2","putative glucarate transporter"
"barA","Signal transduction histidine-protein kinase BarA"
"group_2454","hypothetical protein"
"kdgK_1","2-dehydro-3-deoxygluconokinase"
"yihD","Protein YihD"
"mdcG","Phosphoribosyl-dephospho-CoA transferase"
"msrB","Peptide methionine sulfoxide reductase MsrB"
"dsbB","Disulfide bond formation protein B"
"group_2661","hypothetical protein"
"group_2690","hypothetical protein"
"rluD","Ribosomal large subunit pseudouridine synthase D"
"rutB_4","Peroxyureidoacrylate/ureidoacrylate amidohydrolase RutB"
"argT_3","Lysine/arginine/ornithine-binding periplasmic protein"
"group_2949","hypothetical protein"
"mipA","MltA-interacting protein"
"dld","Quinone-dependent D-lactate dehydrogenase"
"group_2986","putative protein"
"acpH","Acyl carrier protein phosphodiesterase"
"cutA","Divalent-cation tolerance protein CutA"
"ygjP","UTP pyrophosphatase"
"can_1","Carbonic anhydrase 2"
"pgk","Phosphoglycerate kinase"
"csdE","Sulfur acceptor protein CsdE"
"queF","NADPH-dependent 7-cyano-7-deazaguanine reductase"
"trmD","tRNA (guanine-N(1)-)-methyltransferase"
"tyrA","T-protein"
"group_3117","hypothetical protein"
"lpxP","Lipid A biosynthesis palmitoleoyltransferase"
"sufA","Protein SufA"
"group_31807","hypothetical protein"
"group_31809","hypothetical protein"
"sufC","putative ATP-dependent transporter SufC"
"ubiI","2-octaprenylphenol hydroxylase"
"hfq","RNA-binding protein Hfq"
"hflX","GTPase HflX"
"licB","Lichenan-specific phosphotransferase enzyme IIB component"
"gsiC_1","Glutathione transport system permease protein GsiC"
"rsmE","Ribosomal RNA small subunit methyltransferase E"
"group_31866","hypothetical protein"
"group_31871","hypothetical protein"
"group_31884","hypothetical protein"
"group_31885","hypothetical protein"
"lpp1","Major outer membrane lipoprotein Lpp 1"
"luxS","S-ribosylhomocysteine lyase"
"group_31903","hypothetical protein"
"group_31911","hypothetical protein"
"pyrF","Orotidine 5'-phosphate decarboxylase"
"sppA","Protease 4"
"pncA","Nicotinamidase"
"hns_2","DNA-binding protein H-NS"
"yohD","Inner membrane protein YohD"
"group_3380","hypothetical protein"
"group_3395","hypothetical protein"
"pncC_3","Nicotinamide-nucleotide amidohydrolase PncC"
"flk","Flagellar regulator flk"
"group_3458","hypothetical protein"
"group_3464","hypothetical protein"
"group_3466","hypothetical protein"
"mug","G/U mismatch-specific DNA glycosylase"
"syd","Protein Syd"
"moeZ","hypothetical protein"
"htpG","Chaperone protein HtpG"
"xthA","Exodeoxyribonuclease III"
"group_3699","hypothetical protein"
"bhsA_3","Multiple stress resistance protein BhsA"
"group_3744","hypothetical protein"
"ydjA","Putative NAD(P)H nitroreductase YdjA"
"group_3823","hypothetical protein"
"padC_1","Phenolic acid decarboxylase PadC"
"thpR","RNA 2',3'-cyclic phosphodiesterase"
"rlmM","Ribosomal RNA large subunit methyltransferase M"
"rpoH","RNA polymerase sigma factor RpoH"
"metJ","Met repressor"
"group_4225","hypothetical protein"
"yciV","5'-3' exoribonuclease"
"fadR","Fatty acid metabolism regulator protein"
"ygiW_2","Protein YgiW"
"rseC","Protein RseC"
"group_4312","hypothetical protein"
"group_4372","hypothetical protein"
"ppnN","Pyrimidine/purine nucleotide 5'-monophosphate nucleosidase"
"gudD","Glucarate dehydratase"
"rimM","Ribosome maturation factor RimM"
"bamD","Outer membrane protein assembly factor BamD"
"ansA","L-asparaginase 1"
"group_4890","hypothetical protein"
"group_4891","hypothetical protein"
"yfiC","tRNA1(Val) (adenine(37)-N6)-methyltransferase"
"mltA","Membrane-bound lytic murein transglycosylase A"
"ygdG","Flap endonuclease Xni"
"truC","tRNA pseudouridine synthase C"
"group_498","hypothetical protein"
"ypjD","Inner membrane protein YpjD"
"group_506","hypothetical protein"
"topB","DNA topoisomerase 3"
"ssuB_2","Aliphatic sulfonates import ATP-binding protein SsuB"
"group_5521","hypothetical protein"
"rfaL","hypothetical protein"
"group_5557","hypothetical protein"
"group_5577","hypothetical protein"
"phnH","Alpha-D-ribose 1-methylphosphonate 5-triphosphate synthase subunit PhnH"
"ascD","Carnitine monooxygenase reductase subunit"
"group_5652","hypothetical protein"
"group_568","hypothetical protein"
"ortT","Orphan toxin OrtT"
"tcdA","tRNA threonylcarbamoyladenosine dehydratase"
"ygdR_2","putative lipoprotein YgdR"
"group_5716","hypothetical protein"
"recX","Regulatory protein RecX"
"rplS","50S ribosomal protein L19"
"fkpA","FKBP-type peptidyl-prolyl cis-trans isomerase FkpA"
"group_5752","hypothetical protein"
"rpmB","50S ribosomal protein L28"
"group_625","hypothetical protein"
"tdcF","Putative reactive intermediate deaminase TdcF"
"rpmI","50S ribosomal protein L35"
"smrA","putative DNA endonuclease SmrA"
"slp","Outer membrane protein Slp"
"modB","Molybdenum transport system permease protein ModB"
"tatA_1","Sec-independent protein translocase protein TatA"
"xseB","Exodeoxyribonuclease 7 small subunit"
"yejG","putative protein YejG"
"ptsH","Phosphocarrier protein HPr"
"rplM","50S ribosomal protein L13"
"group_6998","hypothetical protein"
"rlmJ","Ribosomal RNA large subunit methyltransferase J"
"tatC","Sec-independent protein translocase protein TatC"
"yibL","putative protein YibL"
"yhdN","putative oxidoreductase/MSMEI_2347"
"clpB","Chaperone protein ClpB"
"ribZ","Riboflavin transporter RibZ"
"fliY_4","hypothetical protein"
"garL","2-hydroxy-3-oxopropionate reductase"
"garK","Glycerate 2-kinase"
"rfaQ_2","Lipopolysaccharide core heptosyltransferase RfaQ"
"chaB","Putative cation transport regulator ChaB"
"ybiI","putative protein YbiI"
"group_947","Beta-xylosidase"
"fucO_2","Lactaldehyde reductase"
"pqiC","Intermembrane transport lipoprotein PqiC"
"group_9769","hypothetical protein"
"grxA","Glutaredoxin 1"
"fur","Ferric uptake regulation protein"
"cspG_1","Cold shock-like protein CspG"
"iclR","Transcriptional repressor IclR"
"group_9862","hypothetical protein"
"panD","Aspartate 1-decarboxylase"
"group_9939","putative protein"
"raiA","Ribosome-associated inhibitor A"
"mntB_2","Manganese transport system membrane protein MntB"
"otsB","Trehalose-6-phosphate phosphatase"
"group_1690","hypothetical protein"
"group_178","hypothetical protein"
"yciN","Protein YciN"
"ltnD","L-threonate dehydrogenase"
"glpR_2","Glycerol-3-phosphate regulon repressor"
"group_225","hypothetical protein"
"rhaS_4","HTH-type transcriptional activator RhaS"
"otnI_1","2-oxo-tetronate isomerase"
"gluQ","Glutamyl-Q tRNA(Asp) synthetase"
"sodC","Superoxide dismutase [Cu-Zn]"
"sufD","FeS cluster assembly protein SufD"
"rluE","Ribosomal large subunit pseudouridine synthase E"
"group_3342","hypothetical protein"
"group_3390","hypothetical protein"
"csdA","Cysteine desulfurase CsdA"
"tadA","tRNA-specific adenosine deaminase"
"group_4291","hypothetical protein"
"eamB_2","hypothetical protein"
"greB","Transcription elongation factor GreB"
"group_4791","hypothetical protein"
"nimR_2","HTH-type transcriptional regulator NimR"
"purR_2","HTH-type transcriptional repressor PurR"
"hupB","DNA-binding protein HU-beta"
"otnK","3-oxo-tetronate kinase"
"group_50","hypothetical protein"
"group_5538","hypothetical protein"
"group_5539","hypothetical protein"
"gltJ","Glutamate/aspartate import permease protein GltJ"
"phnG","Alpha-D-ribose 1-methylphosphonate 5-triphosphate synthase subunit PhnG"
"group_5622","hypothetical protein"
"acpS","Holo-[acyl-carrier-protein] synthase"
"rplI","50S ribosomal protein L9"
"tusA","Sulfur carrier protein TusA"
"group_652","hypothetical protein"
"group_662","hypothetical protein"
"cspD","Cold shock-like protein CspD"
"group_6861","hypothetical protein"
"ptsO","Phosphocarrier protein NPr"
"group_7569","hypothetical protein"
"cspC","Cold shock-like protein CspC"
"rpmF","50S ribosomal protein L32"
"group_1093","hypothetical protein"
"group_125","hypothetical protein"
"group_1334","hypothetical protein"
"group_1480","hypothetical protein"
"group_2366","hypothetical protein"
"yedK","SOS response-associated protein YedK"
"fgd","F420-dependent glucose-6-phosphate dehydrogenase"
"slyB","Outer membrane lipoprotein SlyB"
"group_3523","hypothetical protein"
"gloB","Hydroxyacylglutathione hydrolase GloB"
"hiuH_1","5-hydroxyisourate hydrolase"
"bssS","Biofilm regulator BssS"
"tar_2","hypothetical protein"
"yebV","putative protein YebV"
"group_6912","hypothetical protein"
"group_6950","hypothetical protein"
"rpmE","50S ribosomal protein L31"
"pagP_1","Lipid A palmitoyltransferase PagP"
"sdiA","Regulatory protein SdiA"
"yjbR_2","putative protein YjbR"
"group_1204","hypothetical protein"
"group_2422","hypothetical protein"
"ycgZ_1","putative two-component-system connector protein YcgZ"
"pabA","Aminodeoxychorismate synthase component 2"
"group_3754","hypothetical protein"
"atl","DNA base-flipping protein"
"mzrA","Modulator protein MzrA"
"hiuH_2","5-hydroxyisourate hydrolase"
"group_750","hypothetical protein"
"rpmD","50S ribosomal protein L30"
"group_1481","hypothetical protein"
"group_3886","hypothetical protein"
"group_5534","hypothetical protein"
"ybaK","Cys-tRNA(Pro)/Cys-tRNA(Cys) deacylase YbaK"
"group_5699","hypothetical protein"
"bsmA","Lipoprotein BsmA"
"btuF_3","Vitamin B12-binding protein"
"rafR","HTH-type transcriptional regulator RafR"
"rpsP","30S ribosomal protein S16"
"cmpD","Bicarbonate transport ATP-binding protein CmpD"
"flgN","Flagella synthesis protein FlgN"
"group_872","putative protein"
"group_2417","hypothetical protein"
"group_1484","hypothetical protein"
"group_1683","hypothetical protein"
"trg_2","Methyl-accepting chemotaxis protein III"
"fliY_1","L-cystine-binding protein FliY"
"fliK","Flagellar hook-length control protein"
"group_1903","hypothetical protein"
"group_1904","hypothetical protein"
"fliZ","Regulator of sigma S factor FliZ"
"fliI","Flagellum-specific ATP synthase"
"fliQ","Flagellar biosynthetic protein FliP"
"group_2207","hypothetical protein"
"fliF","Flagellar M-ring protein"
"dsrB","Protein DsrB"
"yedI","Inner membrane protein YedI"
"fliA","RNA polymerase sigma factor FliA"
"group_2997","hypothetical protein"
"amyA","Cytoplasmic alpha-amylase"
"group_3002","hypothetical protein"
"mtfA","Protein MtfA"
"group_3403","hypothetical protein"
"gpgS","Glucosyl-3-phosphoglycerate synthase"
"yedJ","putative protein YedJ"
"artM_1","Arginine transport ATP-binding protein ArtM"
"fliS","Flagellar secretion chaperone FliS"
"group_3802","hypothetical protein"
"fliG","Flagellar motor switch protein FliG"
"vsr","Very short patch repair protein"
"yedP","Mannosyl-3-phosphoglycerate phosphatase"
"dcyD","D-cysteine desulfhydrase"
"group_4277","hypothetical protein"
"fliE","Flagellar hook-basal body complex protein FliE"
"group_4870","hypothetical protein"
"group_4889","hypothetical protein"
"yecS_1","L-cystine transport system permease protein YecS"
"iraP_1","Anti-adapter protein IraP"
"group_5605","hypothetical protein"
"group_5607","hypothetical protein"
"fliH","Flagellar assembly protein FliH"
"fliJ","Flagellar FliJ protein"
"fliM","Flagellar motor switch protein FliM"
"fliO","Flagellar protein FliO"
"ycfT","Inner membrane protein YcfT"
"group_840","hypothetical protein"
"dcm","DNA-cytosine methyltransferase"
"fliN","Flagellar motor switch protein FliN"
"group_9820","hypothetical protein"
"pgl_1","6-phosphogluconolactonase"
"yeeO","putative FMN/FAD exporter YeeO"
"group_2665","hypothetical protein"
"amn","AMP nucleosidase"
"group_2225","hypothetical protein"
"group_6905","hypothetical protein"
"group_2999","hypothetical protein"
"eamA_2","putative amino-acid metabolite efflux pump"
"group_1524","hypothetical protein"
"group_82","hypothetical protein"
"group_3795","hypothetical protein"
"group_1557","hypothetical protein"
